frame,tiempo_s,x_mapa_px,y_mapa_px,zoom_relativo,altitud_relativa,rapidez_instantanea_px_s,flujo_x_px,flujo_y_px,puntos_validos,error_LK
0.0,0.0,139.38168334960938,1560.67431640625,1.0,1.0,575.6960822263966,0.0,0.0,500.0,0.0
1.0,0.03333333333333333,157.30655564690514,1567.5263264036398,1.0083047151565552,0.9917636850926898,304.6779919924493,-16.826858520507812,-6.571144104003906,370.0,54.710174560546875
2.0,0.06666666666666667,158.40017489244312,1567.8065590572796,1.008304835355844,0.9917635668652596,32.83843926782689,0.0,0.0,369.0,0.08142007142305374
3.0,0.1,159.49428241923107,1567.607421593732,1.007353337672715,0.9927003391980579,33.431812420023,-0.000457763671875,0.479400634765625,369.0,1.7434098720550537
4.0,0.13333333333333333,160.58777959445655,1567.3800858879968,1.0082438945269847,0.9918235115811415,42.294714881737136,0.0001220703125,0.507598876953125,369.0,1.571853756904602
5.0,0.16666666666666666,162.28160330776794,1567.181680846324,1.006572143465429,0.9934707675867104,44.009406426462036,-0.60003662109375,0.47869873046875,369.0,2.8647959232330322
6.0,0.2,163.37449013143092,1566.4622797109014,1.0065810229289367,0.9934620037741351,45.040103956213,0.000732421875,0.999603271484375,369.0,0.6981292366981506
7.0,0.23333333333333334,165.15707422071887,1566.3169752551664,1.0048922300664378,0.99513158732841,55.752516433020396,-0.68878173828125,0.4256591796875,369.0,3.1597931385040283
8.0,0.26666666666666666,166.85008921820997,1565.1450594713062,1.0032080674660988,0.9968021913198907,50.5086239368739,-0.5992431640625,1.45220947265625,369.0,3.266014814376831
9.0,0.3,167.9433880291776,1564.426268687446,1.0032202658216403,0.9967900710029987,50.394770965031924,0.00030517578125,0.9990234375,369.0,0.7109552025794983
10.0,0.3333333333333333,169.66455549248903,1563.3103831770234,1.0015854271173186,0.9984170824830373,62.32579058167695,-0.62738037109375,1.39630126953125,369.0,3.1773667335510254
11.0,0.36666666666666664,171.41830047044886,1562.1482330181632,0.9998931951929595,1.0001068162155258,62.28388100270977,-0.65997314453125,1.4425048828125,369.0,3.2463152408599854
12.0,0.4,173.14012406168996,1561.0384510233655,0.9983239725144513,1.0016788412696607,61.64565891294803,-0.628082275390625,1.39013671875,369.0,3.528982400894165
13.0,0.43333333333333335,174.85131227695447,1559.8889961770053,0.9965936935174606,1.0034179490645951,70.24266841929341,-0.617401123046875,1.429840087890625,368.0,3.2540745735168457
14.0,0.4666666666666667,177.23057605374242,1558.7587063697076,0.9945480207659532,1.005481866255033,73.37824336138418,-1.28533935546875,1.4106597900390625,368.0,3.273207187652588
15.0,0.5,178.93950596822572,1557.2025132420974,0.9917656696355469,1.0083026975187386,68.97309334243609,-0.615203857421875,1.8365936279296875,368.0,3.3919358253479004
16.0,0.5333333333333333,180.6645949403262,1555.7007634738623,0.9890136839077471,1.0111083560025622,70.3144351069751,-0.6313323974609375,1.78216552734375,368.0,3.4399800300598145
17.0,0.5666666666666667,182.36938972297352,1554.0072412446896,0.9885403169390093,1.011592529778123,77.48675329877886,-0.611053466796875,1.9738998413085938,368.0,2.688279628753662
18.0,0.6,184.71522149292554,1552.4948713592669,0.9853525408367625,1.0148651965222506,80.99809257620906,-1.251953125,1.7928619384765625,368.0,3.152104616165161
19.0,0.6333333333333333,186.40562723748695,1550.420123544157,0.9836722300990728,1.0165987911433494,80.24649951511898,-0.5966796875,2.3553009033203125,368.0,3.3656463623046875
20.0,0.6666666666666666,188.71740139025147,1548.9448630337342,0.9805435981573778,1.0198424648115436,74.73381758626236,-1.217926025390625,1.755767822265625,368.0,3.3173539638519287
21.0,0.7,190.42581250590663,1547.4771708826866,0.9778054521161232,1.0226983269891208,74.18882935914189,-0.6147003173828125,1.748138427734375,368.0,3.48820161819458
22.0,0.7333333333333333,192.7048870737102,1546.0187560753889,0.9746691947663179,1.0259891308453175,86.6054168718478,-1.185211181640625,1.738922119140625,367.0,3.2624716758728027
23.0,0.7666666666666667,195.01177841397475,1543.9693988852787,0.9726108956080683,1.0281603923168146,83.22387520141038,-1.21307373046875,2.330047607421875,363.0,3.2414965629577637
24.0,0.8,197.31014009115333,1542.9244362264185,0.9706474956129527,1.0302401278731075,70.2584220269437,-1.20452880859375,1.325408935546875,363.0,3.6758787631988525
25.0,0.8333333333333334,198.98238787673037,1541.4848202472458,0.9679618619091038,1.0330985541390107,73.22078886212752,-0.57855224609375,1.72015380859375,363.0,3.507723808288574
26.0,0.8666666666666667,201.26253055976832,1540.0597306352606,0.9648934675043401,1.0363838430645216,70.17300609721089,-1.18634033203125,1.70562744140625,363.0,3.356717586517334
27.0,0.9,202.93783010315786,1538.986813874838,0.9633080305511119,1.0380895500558596,63.074711056440485,-0.58160400390625,1.35345458984375,363.0,3.4776077270507812
28.0,0.9333333333333333,205.18563941217238,1538.5460992628527,0.9603258735299015,1.0413131912444127,62.912173136334175,-1.15399169921875,0.721099853515625,363.0,3.300382614135742
29.0,0.9666666666666667,206.85854332567908,1537.4972303539926,0.958751318840431,1.04302333707291,62.65357104247728,-0.5792236328125,1.329315185546875,363.0,3.489299774169922
30.0,1.0,209.08985788371706,1537.0616426951324,0.9558064695303615,1.0462369024258154,62.50312558074983,-1.137542724609375,0.716033935546875,363.0,3.2662272453308105
31.0,1.0333333333333334,210.76093074253626,1536.036333356585,0.9542744187074711,1.047916595474143,54.84823664319169,-0.577362060546875,1.305877685546875,363.0,3.4825680255889893
32.0,1.0666666666666667,212.4300046999883,1535.5737681586622,0.9517038206965099,1.0507470688392784,59.06511659436963,-0.575408935546875,0.742950439453125,363.0,3.5936083793640137
33.0,1.1,214.65938139181532,1535.481930499802,0.9497802998420369,1.0528750703360719,59.06769258443654,-1.13555908203125,0.372222900390625,362.0,3.1481361389160156
34.0,1.1333333333333333,216.3341773951658,1535.0598926456294,0.9473338417611686,1.0555940851230659,59.047487466727475,-0.5811004638671875,0.7023773193359375,362.0,3.5119402408599854
35.0,1.1666666666666667,218.56164673836,1534.9639045961442,0.9452861769735408,1.0578806972525852,58.69459166567265,-1.1336669921875,0.3763427734375,362.0,3.158942699432373
36.0,1.2,220.2437974780386,1534.897945843534,0.9438508840100226,1.0594893928068634,58.40809990872901,-0.5884246826171875,0.346343994140625,362.0,3.879960298538208
37.0,1.2333333333333334,222.4318838866625,1535.3922898252988,0.940979987285446,1.062721857544299,58.184378033185375,-1.0942840576171875,-0.214019775390625,362.0,3.312925100326538
38.0,1.2666666666666666,224.10220906481766,1535.2966679867511,0.9394080431617219,1.0645001469588726,50.164607247338644,-0.5766448974609375,0.37591552734375,362.0,3.6384992599487305
39.0,1.3,225.75208746562905,1535.7930871638284,0.9370533660544426,1.0671750790572372,50.86348579306044,-0.556121826171875,-0.216156005859375,362.0,3.6814768314361572
40.0,1.3333333333333333,227.40359855687015,1536.0706342705932,0.9366317337728802,1.0676554764719146,50.90814319394513,-0.55780029296875,0.0027313232421875,362.0,3.0143847465515137
41.0,1.3666666666666667,229.05408730924404,1536.577429424233,0.9341357375250372,1.0705082353978534,61.063817696067055,-0.5567779541015625,-0.2266082763671875,362.0,3.6933815479278564
42.0,1.4,231.24385218466483,1537.4215048513104,0.9322594166730641,1.0726628040601407,63.080436176858036,-1.095947265625,-0.5639190673828125,362.0,3.326636791229248
43.0,1.4333333333333333,232.90241283645278,1538.273148637763,0.9308193980917284,1.0743222606341236,53.485355797311676,-0.5648345947265625,-0.571380615234375,362.0,3.6922478675842285
44.0,1.4666666666666666,234.54856809273292,1538.7605346117152,0.9284200043836619,1.077098721783636,53.187095061928076,-0.552398681640625,-0.20721435546875,362.0,3.6496598720550537
45.0,1.5,236.1846678070209,1539.6146198044175,0.926976508882719,1.078775988838483,55.373714701909876,-0.5423583984375,-0.5739593505859375,362.0,3.7349419593811035
46.0,1.5333333333333334,237.83041107599638,1540.4508827314949,0.9255423852316579,1.0804475472505841,57.96901747623912,-0.5520172119140625,-0.5560302734375,362.0,3.7235684394836426
47.0,1.5666666666666667,239.45999528735464,1541.6658077679472,0.925149488527722,1.0809063966423358,65.0493431109519,-0.5358428955078125,-0.9348373413085938,362.0,3.147463321685791
48.0,1.6,241.6540784000801,1542.496821671587,0.923316528339413,1.0830522029086844,66.12463979186721,-1.1002349853515625,-0.55078125,362.0,3.7639241218566895
49.0,1.6333333333333333,243.28059559483683,1543.8649449502268,0.9209889773361322,1.0857893249628234,71.04791964317334,-0.5327606201171875,-1.0880126953125,362.0,3.786529064178467
50.0,1.6666666666666667,245.8411643032654,1544.7110955726166,0.9195492952744827,1.0874892788662331,175.50904493765654,-1.4666595458984375,-0.5659332275390625,362.0,3.717899799346924
51.0,1.7,254.76814231345182,1546.087641702819,0.917190846400983,1.0902856302196609,269.7873472278885,-7.8319854736328125,-1.095977783203125,362.0,3.017573595046997
52.0,1.7333333333333334,263.6386017689507,1547.3074495517712,0.9167169222739139,1.0908492858618806,276.2110133577346,-7.775482177734375,-0.9391937255859375,362.0,2.5115504264831543
53.0,1.7666666666666666,272.94566095589494,1549.0296988069736,0.9147927540199035,1.0931437701115008,276.1754961686586,-8.212066650390625,-1.441802978515625,362.0,3.2536139488220215
54.0,1.8,281.79565837526104,1550.3590037262384,0.9125098637581756,1.0958785649521594,281.6386103226887,-7.7550811767578125,-1.0486907958984375,362.0,3.2432327270507812
55.0,1.8333333333333333,291.46720425654115,1552.109817434566,0.9111005145795215,1.0975737407650419,280.24723714338273,-8.576492309570312,-1.470306396484375,362.0,3.6412272453308105
56.0,1.8666666666666667,300.2421131749307,1553.3235217678932,0.9107285196952171,1.0980220541843342,281.13879449938736,-7.6801300048828125,-0.9330902099609375,362.0,2.8535642623901367
57.0,1.9,309.8866662583593,1555.5750678980955,0.9084997958811393,1.1007157123575533,295.0214562917253,-8.549484252929688,-1.971160888671875,362.0,3.649765968322754
58.0,1.9333333333333333,319.5065763974519,1557.2876735986104,0.9071053584343224,1.102407775129909,292.87112487489696,-8.524993896484375,-1.4320526123046875,362.0,3.668863296508789
59.0,1.9666666666666666,329.11087679533364,1558.9875839866252,0.9057808621671488,1.1040197930517375,298.4067741485314,-8.5093994140625,-1.4194183349609375,362.0,3.8023667335510254
60.0,2.0,339.107907906106,1560.686273671515,0.9039369305180327,1.1062718716746256,306.717804323071,-8.902069091796875,-1.41815185546875,362.0,3.684134006500244
61.0,2.033333333333333,349.171009573519,1562.9506371845298,0.9020055357533542,1.1086406461627765,306.82419992463855,-8.968086242675781,-1.98388671875,362.0,2.069408893585205
62.0,2.066666666666667,359.08954947335377,1565.061070033482,0.9012719298001761,1.109543043487123,310.84159791313016,-8.823623657226562,-1.8300018310546875,362.0,2.9484128952026367
63.0,2.1,369.4342978692824,1567.290277296497,0.8988336867478264,1.1125528723986915,312.36085217791236,-9.249725341796875,-1.948699951171875,359.0,3.1938774585723877
64.0,2.1333333333333333,379.4603511968516,1569.3821554579492,0.8989779097395746,1.1123743855838355,303.7702344583497,-8.93115234375,-1.81146240234375,356.0,2.507901191711426
65.0,2.1666666666666665,389.223770247077,1571.5907328381516,0.8962592559291654,1.115748588797875,313.90116759853805,-8.668502807617188,-1.9280853271484375,354.0,3.1841695308685303
66.0,2.2,399.85016537152126,1574.0921568980414,0.8944960353208596,1.1179479399719146,330.8982326953067,-9.531364440917969,-2.221038818359375,352.0,3.1461167335510254
67.0,2.2333333333333334,410.70037641393424,1576.6299579110564,0.8935602841261491,1.119118673652716,329.67195633360166,-9.755134582519531,-2.25738525390625,348.0,3.5096726417541504
68.0,2.2666666666666666,421.2397964407222,1579.1440772834462,0.8918634095879504,1.1212479279332805,328.85575318022694,-9.444435119628906,-2.233642578125,342.0,3.327699661254883
69.0,2.3,432.0366627565727,1581.6710140386485,0.8909249902000462,1.1224289485644154,328.19194145861434,-9.701820373535156,-2.2466278076171875,338.0,3.645585298538208
70.0,2.3333333333333335,442.5382409864856,1584.1527847782259,0.8892359876719568,1.124560874575068,333.5677827440719,-9.4066162109375,-2.2013397216796875,336.0,3.20695161819458
71.0,2.3666666666666667,453.5961851831955,1587.1216160646782,0.8870744888384644,1.1273010469610059,342.3260263316082,-9.962783813476562,-2.68841552734375,333.0,2.4518849849700928
72.0,2.4,464.5903476416241,1590.029534265193,0.8866804735804606,1.1278019870697606,344.1684188368551,-9.8990478515625,-2.627532958984375,331.0,3.531675100326538
73.0,2.433333333333333,475.78070760981825,1592.9782239500828,0.8841657518117294,1.1310096528291405,354.4932560150213,-10.095222473144531,-2.66839599609375,328.0,2.931016206741333
74.0,2.466666666666667,487.37182441395,1596.3158296505976,0.8831787262905892,1.132273649978038,351.01317797042856,-10.495765686035156,-3.05718994140625,323.0,3.7928712368011475
75.0,2.5,498.33919243878483,1599.200432421425,0.882642361494298,1.1329617109097478,343.89888773755234,-9.87225341796875,-2.604217529296875,321.0,3.2093963623046875
76.0,2.533333333333333,509.43116373510406,1602.5619639031897,0.8791572921839411,1.137452886861542,356.83693407780976,-9.996658325195312,-3.081329345703125,313.0,2.961805582046509
77.0,2.566666666666667,521.1674831759545,1605.893099877142,0.8779682940235995,1.1389932948684822,367.4398936451702,-10.6409912109375,-3.05072021484375,309.0,3.4358701705932617
78.0,2.6,532.8778931929769,1609.6545337026569,0.8775692702378934,1.1395111860843963,359.19113305650495,-10.614887237548828,-3.4811019897460938,302.0,4.023171901702881
79.0,2.6333333333333333,544.0471655146866,1612.9595466297344,0.8721206902688252,1.1466302900023584,350.85151810642725,-10.073966979980469,-3.0247268676757812,288.0,3.4135842323303223
80.0,2.6666666666666665,555.1738658149121,1616.7246425646242,0.8693086479811905,1.150339413190374,363.55070019371175,-10.031131744384766,-3.4847564697265625,274.0,3.168473720550537
81.0,2.7,566.942503370997,1620.9107590073265,0.867875035177234,1.1522396191472244,378.89258492448283,-10.672752380371094,-3.9058380126953125,258.0,3.39133358001709
82.0,2.7333333333333334,579.1627705657537,1624.6350834578413,0.8678730694606731,1.1522422289487968,378.0236168335308,-11.124700546264648,-3.4439849853515625,246.0,3.234764814376831
83.0,2.7666666666666666,590.8891717937136,1628.7641930646062,0.8644003803745319,1.1568713095275533,369.75689763904876,-10.630561828613281,-3.8488616943359375,236.0,3.6770479679107666
84.0,2.8,602.402102562689,1632.855705015121,0.863299658435545,1.1583463403798637,380.346086587681,-10.417091369628906,-3.8111114501953125,224.0,4.175878524780273
85.0,2.8333333333333335,614.7255802066645,1637.4113282937608,0.863013044786565,1.1587310366175447,393.4850686299263,-11.227348327636719,-4.275333404541016,202.0,3.479520797729492
86.0,2.8666666666666667,627.0311745498586,1641.8858968849006,0.8608588578052702,1.161630609864973,384.854379586789,-11.20937728881836,-4.194183349609375,188.0,3.4723639488220215
87.0,2.9,638.6025769985216,1646.8011393041654,0.859489054372569,1.1634819488539092,385.3809680464619,-10.474906921386719,-4.6349029541015625,184.0,4.026963233947754
88.0,2.933333333333333,650.9514452674971,1651.2615477390552,0.8571030897871247,1.1667207969678024,398.70705630156436,-11.252677917480469,-4.18011474609375,169.0,3.5145974159240723
89.0,2.966666666666667,663.1461997669413,1657.005647580195,0.8559444803388537,1.1683000743273877,403.7266359675832,-11.09754753112793,-5.4636688232421875,158.0,3.1961097717285156
90.0,3.0,675.670422039823,1661.9102698822724,0.8547945286074796,1.169871783841516,411.18910501370306,-11.427581787109375,-4.624267578125,490.0,6.239973068237305
91.0,3.033333333333333,688.5791047619235,1667.2339595671624,0.8523758942483866,1.1731913194023236,414.80336254737466,-11.81170654296875,-5.043212890625,473.0,3.9187216758728027
92.0,3.066666666666667,700.9895575035553,1673.0305496426772,0.8511598123069769,1.1748674990770627,410.288676894203,-11.312973022460938,-5.51605224609375,457.0,4.213789463043213
93.0,3.1,713.3932963779994,1678.7413242885045,0.8500075626335438,1.1764601210155599,409.9338991188443,-11.3062744140625,-5.430198669433594,444.0,4.029761791229248
94.0,3.1333333333333333,725.7959976547875,1684.4983635827693,0.8488391402677917,1.1780795118431038,411.9432405990343,-11.30511474609375,-5.4765167236328125,434.0,4.039647102355957
95.0,3.1666666666666665,738.1698903378253,1690.5874341270342,0.8470523864798833,1.1805645270131695,410.0870188392078,-11.2760009765625,-5.808441162109375,413.0,3.9239654541015625
96.0,3.2,750.0540369271133,1697.106924593174,0.8454292395183767,1.1828311031325094,398.12436402635177,-10.78570556640625,-6.23870849609375,399.0,4.027919292449951
97.0,3.2333333333333334,761.5408446492138,1703.1674306843138,0.8435872282799594,1.1854138688644682,402.63578329665467,-10.388702392578125,-5.779754638671875,386.0,4.186153411865234
98.0,3.2666666666666666,773.806644070533,1709.6100168535786,0.8424424141455119,1.187024754700057,408.4702555228116,-11.167198181152344,-6.1617584228515625,376.0,3.465703010559082
99.0,3.3,785.2604317731023,1716.5438139603434,0.8419607664373056,1.1877037979232996,404.36957942024105,-10.35467529296875,-6.652740478515625,357.0,4.5463433265686035
100.0,3.3333333333333335,796.992661858484,1723.3628649733582,0.8396556292867339,1.1909644443752192,402.5227987701222,-10.633056640625,-6.5380401611328125,345.0,3.6573128700256348
101.0,3.3666666666666667,808.3730853032407,1730.1788642285605,0.8377992720340465,1.1936033288405172,394.71675826207513,-10.281166076660156,-6.534904479980469,334.0,3.6278698444366455
102.0,3.4,819.2163993729973,1737.4538478587629,0.8362500349844917,1.1958145987025819,399.621593548248,-9.743438720703125,-6.9935760498046875,317.0,3.613591194152832
103.0,3.433333333333333,830.5040493802541,1745.0108139108404,0.8343242472762294,1.1985747786482805,399.05186047898826,-10.1873779296875,-7.2755279541015625,307.0,3.6183390617370605
104.0,3.466666666666667,841.0052003640733,1752.7179264472927,0.8333889329521621,1.199919941890327,402.5431074957782,-9.400596618652344,-7.425500869750977,298.0,4.6823272705078125
105.0,3.5,852.2409094533613,1760.74901359312,0.8322346119954586,1.2015842475023821,404.56845365197364,-10.134719848632812,-7.749351501464844,290.0,3.4846584796905518
106.0,3.533333333333333,862.6930492067117,1768.7517804264473,0.8311102143629728,1.2032098543831247,390.1711416022249,-9.350936889648438,-7.7207489013671875,279.0,4.293934345245361
107.0,3.566666666666667,872.5317856397497,1777.0239564394622,0.8289105277189805,1.2064028222102912,385.8654843687766,-8.737106323242188,-7.990081787109375,271.0,4.066184997558594
108.0,3.6,882.648659279819,1784.9849752259145,0.828169819210992,1.2074818193117842,389.9540128760771,-9.01544189453125,-7.6786651611328125,255.0,3.1656036376953125
109.0,3.6333333333333333,892.4378962011381,1793.7448221373668,0.826679655973996,1.209658412147324,391.0065262525084,-8.686759948730469,-8.477279663085938,248.0,4.09304141998291
110.0,3.6666666666666665,901.965597477926,1802.487823345694,0.8255754268164064,1.211276362544137,387.6649779479948,-8.425125122070312,-8.460159301757812,243.0,4.569515228271484
111.0,3.7,911.4816410398703,1811.2166643977714,0.8244571720610047,1.212919280573626,389.30607897877144,-8.413284301757812,-8.445785522460938,235.0,4.675807952880859
112.0,3.7333333333333334,920.9674721994708,1820.1662085748487,0.8225944643801253,1.215665851524494,396.5088206538344,-8.382598876953125,-8.666358947753906,222.0,4.401147842407227
113.0,3.7666666666666666,930.4396925192275,1829.637969548801,0.8214787274407288,1.2173169755904019,389.0683035005056,-8.368301391601562,-9.18804931640625,209.0,4.004676818847656
114.0,3.8,939.2787341280467,1838.5366104055659,0.8192905286162441,1.220568241755423,379.63343430835494,-7.735565185546875,-8.615036010742188,201.0,3.8499858379364014
115.0,3.8333333333333335,947.8859642134285,1847.972848918581,0.8182370919028281,1.2221396584142603,382.9782576361833,-7.50299072265625,-9.152076721191406,190.0,4.247378349304199
116.0,3.8666666666666667,956.4682919550601,1857.4150688769082,0.8171630628602334,1.223745963871398,382.7764710900479,-7.47796630859375,-9.157821655273438,175.0,4.132298946380615
117.0,3.9,964.4203706732543,1867.4100232102355,0.8164390862620687,1.2248311194633448,382.80355826799774,-6.8468780517578125,-9.709999084472656,170.0,3.981363296508789
118.0,3.933333333333333,972.765637868011,1877.0537812545003,0.8149368907754144,1.2270888842061103,385.6416481195818,-7.2403106689453125,-9.358856201171875,161.0,3.949617385864258
119.0,3.966666666666667,981.1531413908928,1886.9289846112652,0.8127429478384186,1.230401325117139,389.61999116958845,-7.282012939453125,-9.58978271484375,495.0,5.957412242889404
120.0,4.0,989.0938065348682,1897.254627421155,0.8116699297468222,1.232027901183825,390.25644060773095,-6.83453369140625,-10.039825439453125,481.0,4.114016532897949
121.0,4.033333333333333,997.0286123038437,1907.5410856607323,0.8106094071589279,1.2336397667834371,385.75066591255063,-6.82861328125,-10.0003662109375,463.0,3.4186508655548096
122.0,4.066666666666666,1004.5320826236004,1917.821806595622,0.8089252050413211,1.2362082350356711,381.7871339906565,-6.3970794677734375,-9.994232177734375,450.0,3.494295597076416
123.0,4.1,1012.0411681777321,1928.094715030512,0.8084749668394242,1.2368966770972585,381.4664770623667,-6.40240478515625,-9.98614501953125,433.0,4.5333757400512695
124.0,4.133333333333334,1019.54982648577,1938.3451625279017,0.8068148605018997,1.2394417219557963,379.494204306769,-6.40203857421875,-9.963470458984375,421.0,3.69394850730896
125.0,4.166666666666667,1026.2351815711518,1949.0375045565415,0.806816784098426,1.2394387669034992,378.9326802951645,-5.578033447265625,-10.404571533203125,407.0,5.150651931762695
126.0,4.2,1033.3183027698149,1959.5255008820563,0.8053892316227375,1.2416356722142303,376.07773043452227,-5.975738525390625,-10.200202941894531,390.0,3.634566307067871
127.0,4.233333333333333,1040.384883441134,1969.7349327544464,0.804362742010886,1.243220188816834,374.6200093015516,-5.959558010101318,-9.921554565429688,378.0,3.271010398864746
128.0,4.266666666666667,1046.603502686672,1980.6734906033987,0.8032068660093408,1.2450092775830064,367.9565939998472,-5.110576629638672,-10.649673461914062,360.0,3.7300877571105957
129.0,4.3,1052.8544705650224,1990.859607046101,0.8022162394076766,1.2465466926203823,357.5075949503848,-5.143707275390625,-9.897605895996094,348.0,3.3962230682373047
130.0,4.333333333333333,1059.0894472324353,2000.9750447778658,0.8011604184191192,1.248189472432049,356.1405152931774,-5.127685546875,-9.826568603515625,335.0,3.422548294067383
131.0,4.366666666666666,1065.311118235786,2011.0721719627556,0.8001054139938241,1.2498353123351305,349.7129340940905,-5.114227294921875,-9.808212280273438,321.0,3.528911590576172
132.0,4.4,1070.7716198055425,2021.1512327413955,0.7990489374463322,1.2514878039834256,343.9886693838927,-4.3531494140625,-9.789588928222656,311.0,4.247094631195068
133.0,4.433333333333334,1076.208622840143,2031.2500689106603,0.7980307192131244,1.2530845942697817,339.6086618947662,-4.3294677734375,-9.809158325195312,303.0,3.7555272579193115
134.0,4.466666666666667,1081.6379964802122,2041.0137000018,0.7974987848604308,1.2539204058787483,339.0260835285272,-4.32208251953125,-9.473968505859375,293.0,4.589073181152344
135.0,4.5,1087.0518671905938,2051.0809199601276,0.7964094337039191,1.2556355533726258,336.33305970429336,-4.30621337890625,-9.777023315429688,283.0,4.015518665313721
136.0,4.533333333333333,1092.120584092382,2060.834663355955,0.7964667771032004,1.2555451510947673,322.7405560637645,-3.9613494873046875,-9.46347427368164,276.0,3.497342586517334
137.0,4.566666666666666,1096.7023625176073,2070.3113071424073,0.7950903414815018,1.2577187117336723,324.95274771028375,-3.4748687744140625,-9.18646240234375,272.0,4.525899887084961
138.0,4.6,1102.123984692833,2080.050280030422,0.7943772953314177,1.2588476607740855,324.3688076754482,-4.31396484375,-9.448150634765625,267.0,4.669004917144775
139.0,4.633333333333334,1106.7215101883708,2089.474799793437,0.7930521980693245,1.2609510476542243,312.6754181256952,-3.4904937744140625,-9.134025573730469,258.0,4.476934432983398
140.0,4.666666666666667,1110.9481250393776,2098.9354523689517,0.7934098398217221,1.2603826544736305,309.9366752699371,-3.119537353515625,-9.169479370117188,251.0,3.0275652408599854
141.0,4.7,1115.5491295388217,2108.1566029913415,0.7924296410956649,1.2619416893811983,305.7062218510675,-3.4940643310546875,-8.930206298828125,242.0,4.1354169845581055
142.0,4.733333333333333,1119.768298100766,2117.3084176762313,0.7920544262168159,1.2625395009487157,299.5214183006638,-3.1122474670410156,-8.860610961914062,237.0,2.980938196182251
143.0,4.766666666666667,1123.5651033814602,2126.445095642371,0.7909828980614984,1.2642498370707513,294.95745111310146,-2.6900253295898438,-8.845108032226562,228.0,3.94515323638916
144.0,4.8,1127.628937470748,2135.332750171011,0.7896871303983579,1.2663242966813322,287.5732343130064,-2.9572906494140625,-8.596389770507812,223.0,4.941964149475098
145.0,4.833333333333333,1131.5982281030049,2143.8524847777758,0.789736835284419,1.2662445960746609,284.9741027163439,-2.8632278442382812,-8.228752136230469,214.0,3.672654628753662
146.0,4.866666666666666,1135.2876725438553,2152.7188990720406,0.7889252201443401,1.2675472585564473,280.6437621174479,-2.5828475952148438,-8.574491500854492,206.0,4.803500652313232
147.0,4.9,1139.017949504237,2161.0279403194304,0.787958837986586,1.269101825871041,279.18917881365536,-2.6244049072265625,-8.017906188964844,200.0,3.740504741668701
148.0,4.933333333333334,1142.470455468525,2169.88971594182,0.7879337581390424,1.2691422212468975,278.62603131971554,-2.3459091186523438,-8.569427490234375,194.0,4.907171249389648
149.0,4.966666666666667,1146.1535522531256,2178.17776109546,0.786962156319743,1.270709133812147,267.6942033896803,-2.5771026611328125,-7.9964599609375,187.0,3.764810085296631
150.0,5.0,1149.0901280416322,2186.4628765616,0.78592650550322,1.2723836045709023,263.4448338956015,-1.831024169921875,-7.993194580078125,183.0,3.194373607635498
151.0,5.033333333333333,1152.5310373262325,2194.5419373402397,0.7858251332041503,1.2725477434433357,260.25468766394687,-2.335142135620117,-7.787086486816406,178.0,4.6130242347717285
152.0,5.066666666666666,1155.4386214155206,2202.6100117907545,0.785164284181024,1.273618808378508,262.3524850964113,-1.8021240234375,-7.77606201171875,171.0,3.8878259658813477
153.0,5.1,1158.8808734735585,2210.8387307725193,0.7849225650824683,1.2740110228515784,253.06702580871917,-2.3362884521484375,-7.936347961425781,167.0,4.038406848907471
154.0,5.133333333333334,1161.7867485784716,2218.241277879284,0.7839010139378341,1.27567126744309,246.3427541215847,-1.8013153076171875,-7.11138916015625,161.0,3.680626392364502
155.0,5.166666666666667,1164.4347501482282,2226.293971470424,0.7839062470416792,1.2756627514754726,244.42410543444302,-1.5426511764526367,-7.7598419189453125,496.0,7.359800338745117
156.0,5.2,1167.3928713468913,2233.5414892803137,0.7835124533484904,1.2763039001183818,239.85064403953243,-1.8535690307617188,-6.956207275390625,490.0,3.0672478675842285
157.0,5.233333333333333,1170.0174964518042,2241.277776621454,0.7828634031081741,1.2773620481296435,240.2848361877577,-1.5195770263671875,-7.443756103515625,484.0,4.46421480178833
158.0,5.266666666666667,1172.9798901114045,2248.554591306344,0.7824289771412595,1.278071274473594,239.34536121115022,-1.8577651977539062,-6.9850616455078125,478.0,2.7638888359069824
159.0,5.3,1175.6306992983489,2256.2142184912336,0.7819825268721461,1.2788009522410975,237.59118805364113,-1.545745849609375,-7.3669281005859375,468.0,4.875673294067383
160.0,5.333333333333333,1178.2666769423242,2263.4856620823734,0.781984484483357,1.2787977509050987,223.54744000407766,-1.531524658203125,-6.979422569274902,467.0,4.076743125915527
161.0,5.366666666666666,1180.4169368128623,2270.3279064547633,0.7809567826347086,1.280480587704619,223.32585216303002,-1.0466461181640625,-6.5504302978515625,460.0,3.6789965629577637
162.0,5.4,1183.053707913869,2277.583480905278,0.7809891804962318,1.2804274693851856,220.04531627319986,-1.532196044921875,-6.963230133056641,456.0,4.0009918212890625
163.0,5.433333333333334,1185.7136113390945,2284.008000668293,0.7809756342766728,1.2804496787229271,211.6642426105964,-1.5565032958984375,-6.133392333984375,451.0,4.267928123474121
164.0,5.466666666666667,1187.8605142760387,2290.8504891813077,0.7799789104888207,1.282085946879371,217.10260148837816,-1.0432205200195312,-6.5505218505859375,446.0,3.636373281478882
165.0,5.5,1190.2726149668893,2297.7447355068225,0.781005696709911,1.2804003917162592,211.29260130659273,-1.3081207275390625,-6.601806640625,439.0,4.279691219329834
166.0,5.533333333333333,1192.4022449546146,2304.1843919885873,0.7804724019569849,1.2812752859583039,199.29126010604773,-1.0264739990234375,-6.148216247558594,432.0,3.0325255393981934
167.0,5.566666666666666,1194.528212832965,2310.330835579727,0.7794486411524588,1.2829581670980188,200.76007026203294,-1.023162841796875,-5.855194091796875,427.0,3.3580641746520996
168.0,5.6,1196.8992978988156,2316.790267452117,0.779925400941181,1.2821739089318571,194.4385600944353,-1.267730712890625,-6.167633056640625,423.0,4.0276360511779785
169.0,5.633333333333334,1199.0248995662284,2322.4884688557568,0.7794493257669066,1.2829570402361843,186.03421938380703,-1.0234832763671875,-5.40765380859375,419.0,3.985189914703369
170.0,5.666666666666667,1200.918201428954,2328.5233401812716,0.7788772785602563,1.283899309334695,188.52490104715224,-0.7907028198242188,-5.74365234375,418.0,3.8827948570251465
171.0,5.7,1203.5391033893357,2334.2181236161614,0.7788642332185695,1.283920813602663,183.48095714443468,-1.518463134765625,-5.4040679931640625,414.0,5.166312217712402
172.0,5.733333333333333,1205.4349687286235,2339.890934394801,0.7788740750908707,1.283904589947137,179.45549425871812,-0.7938079833984375,-5.3818817138671875,411.0,4.390731334686279
173.0,5.766666666666667,1207.3061758647866,2345.573266657816,0.7788908807644213,1.2838768878877838,174.60091201117933,-0.7691650390625,-5.3914794921875,407.0,4.564342498779297
174.0,5.8,1209.411880071262,2350.830550092706,0.7779825655777922,1.2853758480529958,174.68734555511486,-1.004119873046875,-4.9671630859375,401.0,3.1713435649871826
175.0,5.833333333333333,1211.2965759769563,2356.5141030588456,0.7779239521604714,1.285472695914264,168.37080942638246,-0.7827110290527344,-5.392333984375,399.0,4.436578750610352
176.0,5.866666666666666,1213.167477937338,2361.4083493843605,0.7779330402651142,1.2854576785415965,157.23270038837174,-0.76995849609375,-4.604898452758789,393.0,4.498653411865234
177.0,5.9,1215.047718276626,2366.3021074286253,0.7779265023175383,1.2854684819464017,163.6280167062137,-0.7793350219726562,-4.60406494140625,389.0,4.60140323638916
178.0,5.933333333333334,1217.1484786354451,2371.56451781664,0.7770270088486304,1.2869565518472295,163.64814002405646,-0.999053955078125,-4.972015380859375,385.0,3.098781108856201
179.0,5.966666666666667,1219.028657939577,2376.459740704655,0.7769802776000175,1.2870339554677745,152.9683604295134,-0.7791824340820312,-4.605398178100586,378.0,4.547016620635986
180.0,6.0,1220.878197595271,2381.0558913270447,0.777352623132906,1.286417476755626,146.41797722822378,-0.749114990234375,-4.306770324707031,376.0,4.561614036560059
181.0,6.033333333333333,1222.771621528309,2385.474795855685,0.776996733007972,1.287006698379181,146.89106820181883,-0.793121337890625,-4.129974365234375,373.0,3.8000991344451904
182.0,6.066666666666666,1224.639898976972,2390.097313665575,0.7774216049312169,1.2863033309814897,146.86349807545002,-0.7677001953125,-4.3333282470703125,369.0,4.220521450042725
183.0,6.1,1226.517942050635,2394.5206127254646,0.7770643857625292,1.2868946490434061,130.90111156014206,-0.7777366638183594,-4.134307861328125,367.0,3.899022102355957
184.0,6.133333333333334,1227.8350720383605,2398.2180817072294,0.7760585734632051,1.2885625314819262,127.17757396697523,-0.21832275390625,-3.409881591796875,365.0,4.143565654754639
185.0,6.166666666666667,1229.7375291745234,2402.3640370171192,0.776078278815529,1.2885298136757881,136.28628334821886,-0.802459716796875,-3.85736083984375,363.0,3.5043225288391113
186.0,6.2,1231.5946982247488,2406.489484514509,0.7760756883748019,1.2885341146224065,125.01360534384507,-0.7573337554931641,-3.8368377685546875,360.0,4.10140323638916
187.0,6.233333333333333,1233.4654170796618,2409.818057011899,0.7761110292696153,1.2884754400940324,121.05335228528025,-0.7719206809997559,-3.0418853759765625,356.0,3.61663818359375
188.0,6.266666666666667,1235.3379669892624,2413.6390611499137,0.7768945781381384,1.2871759285494608,125.84724905701738,-0.77325439453125,-3.533172607421875,351.0,4.660005569458008
189.0,6.3,1237.2121038129253,2417.3248113816785,0.7762778215268973,1.2881985962616491,119.47169012207065,-0.774810791015625,-3.398040771484375,351.0,4.255031108856201
190.0,6.333333333333333,1239.0819681756507,2420.6690088790683,0.7762747677224865,1.2882036639344872,114.99007344292976,-0.7710094451904297,-3.057159423828125,346.0,3.5173611640930176
191.0,6.366666666666666,1240.9424331243138,2424.021995438958,0.7762884635186929,1.288180936590616,111.51305081605817,-0.7617645263671875,-3.066070556640625,343.0,3.7455356121063232
192.0,6.4,1242.7987476823516,2427.107403873848,0.7766280882408295,1.2876176063437763,105.34266947817044,-0.7579345703125,-2.799224853515625,339.0,4.245748519897461
193.0,6.433333333333334,1244.6942468107022,2429.9586814493628,0.7763737674574054,1.2880393979242266,99.20998421132302,-0.7973976135253906,-2.5652618408203125,336.0,4.186968803405762
194.0,6.466666666666667,1246.5565428140526,2432.5501933998776,0.7763347109500722,1.2881041977064351,101.75442036683341,-0.7646408081054688,-2.3063602447509766,336.0,4.36139440536499
195.0,6.5,1248.4311679189655,2435.6202209753924,0.7766496460407766,1.2875818653852793,101.68059553941771,-0.7762603759765625,-2.7835617065429688,334.0,4.116532325744629
196.0,6.533333333333333,1250.287116266066,2438.210023941532,0.7766477943637259,1.2875849352269866,90.05488503239833,-0.758270263671875,-2.3044395446777344,333.0,4.610048294067383
197.0,6.566666666666666,1252.1640607069164,2440.322287845172,0.7763452310550124,1.2880867428541456,86.67766843904936,-0.7799386978149414,-1.8281707763671875,332.0,3.9175524711608887
198.0,6.6,1254.033436788392,2442.609600576937,0.7767338382738979,1.287442300984668,86.48559588267995,-0.7722015380859375,-2.0027236938476562,330.0,3.534013509750366
199.0,6.633333333333334,1255.8995169714299,2444.7142961212016,0.7764557788251387,1.2879033517054992,86.4450204752887,-0.7690773010253906,-1.8203125,330.0,4.0291242599487305
200.0,6.666666666666667,1257.759249498218,2447.0062475248415,0.7768032518497108,1.2873272577307278,77.7975427261321,-0.7624359130859375,-2.0074310302734375,329.0,3.8801021575927734
201.0,6.7,1259.6250855406308,2448.3226129909813,0.7765038690542303,1.2878235896209822,82.16290571187393,-0.7700653076171875,-1.0338134765625,328.0,3.7780611515045166
202.0,6.733333333333333,1262.253861036169,2450.137025332121,0.7764399519035443,1.2879296042770196,84.36507074732314,-1.531585693359375,-1.5312042236328125,321.0,5.2745890617370605
203.0,6.766666666666667,1264.1365427817068,2451.681174001386,0.7767546520106983,1.2874078029805311,68.1842647352262,-0.7866077423095703,-1.261077880859375,320.0,4.144026756286621
204.0,6.8,1265.9799178866197,2452.7407035300257,0.7767375216822073,1.2874361957360645,74.52896248105326,-0.7478818893432617,-0.7779083251953125,320.0,4.444585800170898
205.0,6.833333333333333,1268.6202900618453,2453.821961574291,0.7767246047734336,1.2874576057645226,71.85193572679401,-1.5443115234375,-0.799652099609375,319.0,4.573483467102051
206.0,6.866666666666666,1270.5044366511331,2454.313620009181,0.7764462708517688,1.287919122726922,57.18927315860151,-0.789520263671875,-0.2110137939453125,319.0,3.9571995735168457
207.0,6.9,1272.3535490607337,2454.5958057878206,0.7764931985731883,1.2878412867459843,64.01842600462373,-0.75494384765625,-0.002349853515625,319.0,3.599915027618408
208.0,6.933333333333334,1274.699731782834,2455.0974739883354,0.778063567234329,1.2852420317719755,74.73665173823262,-1.251190185546875,-0.2213592529296875,317.0,3.9231150150299072
209.0,6.966666666666667,1277.3261879424347,2454.9082242201002,0.7777118964904858,1.2858232007413217,68.50753006785641,-1.5322265625,0.467803955078125,315.0,5.24929141998291
210.0,7.0,1279.213386289535,2454.40037093624,0.7777144923840001,1.2858189088576806,69.96152734211536,-0.794219970703125,0.786041259765625,315.0,3.908588409423828
211.0,7.033333333333333,1281.8227526053854,2453.66937312113,0.7780049552956821,1.2853388570255935,69.97377815805403,-1.516007423400879,1.00830078125,311.0,4.321145057678223
212.0,7.066666666666666,1283.706532983736,2453.1461389778947,0.7780481746604645,1.2852674584531913,68.35980132007013,-0.7907333374023438,0.8013916015625,311.0,3.791241407394409
213.0,7.1,1286.0264705886489,2451.9092817877845,0.7787536354969308,1.28410315460279,76.29589654956102,-1.22760009765625,1.5131340026855469,310.0,4.416241645812988
214.0,7.133333333333334,1288.138156240437,2450.6497195195493,0.7780737608085961,1.2852251937666834,80.04506471548908,-1.0195693969726562,1.5356407165527344,310.0,3.958439826965332
215.0,7.166666666666667,1290.5457403297248,2449.071553735689,0.7790255984595411,1.28365486574179,83.3891674638425,-1.3157806396484375,1.85369873046875,307.0,3.765589475631714
216.0,7.2,1292.926713090888,2447.825663342454,0.779687555063762,1.2825650396821084,76.76304925433797,-1.2886505126953125,1.5220756530761719,307.0,4.707553863525391
217.0,7.233333333333333,1294.8146438598633,2446.2492065429688,0.7799742005262531,1.2820936889005998,83.50558593065867,-0.7964401245117188,1.852142333984375,307.0,3.6045210361480713
218.0,7.266666666666667,1297.1542347850886,2444.2035114622336,0.7806870794920404,1.2809229539838896,88.12372518944582,-1.2485885620117188,2.320180892944336,306.0,4.445259094238281
219.0,7.3,1299.0420434837517,2442.1695351314984,0.7806947108345133,1.2809104328772296,90.86495633819797,-0.7970848083496094,2.3085174560546875,306.0,4.011018753051758
220.0,7.333333333333333,1301.644329721477,2440.137267785138,0.780698805741234,1.2809037142698723,93.91953186132953,-1.5111312866210938,2.3068809509277344,304.0,4.926551818847656
221.0,7.366666666666666,1303.5311618576402,2437.804707470028,0.7809895456433888,1.280426870728708,94.1018939056236,-0.7966461181640625,2.6065216064453125,304.0,4.149872779846191
222.0,7.4,1305.874292821928,2435.504373717418,0.7820182209003342,1.27874258332332,96.67771631127079,-1.252410888671875,2.5741729736328125,303.0,4.103741645812988
223.0,7.433333333333334,1307.7572187080912,2432.9384149648076,0.7816265409511564,1.2793833725030708,97.1214471420412,-0.79302978515625,2.8395538330078125,303.0,3.6286139488220215
224.0,7.466666666666667,1310.108894594254,2430.6063429309474,0.7825965150268673,1.2777976655897438,111.01113600069718,-1.2612152099609375,2.6057891845703125,301.0,4.170138835906982
225.0,7.5,1312.7453605194796,2427.4712923814623,0.7829588641632633,1.2772063077268885,116.58606351069457,-1.5468902587890625,3.4072113037109375,301.0,4.8317036628723145
226.0,7.533333333333333,1315.131338163455,2424.674620738227,0.7836999517646218,1.275998547337339,110.44596947632927,-1.296173095703125,3.069671630859375,301.0,3.1198270320892334
227.0,7.566666666666666,1317.0230531121179,2421.478290891867,0.7839868578343617,1.2755315857747156,110.64331717562321,-0.8028411865234375,3.468536376953125,301.0,4.367488861083984
228.0,7.6,1319.374240717031,2418.6408477642567,0.7846938715104707,1.274382324504565,122.69394831103305,-1.2614898681640625,3.11029052734375,299.0,3.5992772579193115
229.0,7.633333333333334,1322.0397593766313,2415.0177601053965,0.7846932167108781,1.274383387932933,126.66687344861879,-1.5768647193908691,3.8941307067871094,298.0,3.891404390335083
230.0,7.666666666666667,1324.426713583107,2411.874652915287,0.7856391207044108,1.2728490392680438,126.76769732680721,-1.2976837158203125,3.4157257080078125,298.0,4.5504889488220215
231.0,7.7,1327.0775838052073,2408.2322781470516,0.7857243471925053,1.272710975004312,136.03026596006555,-1.5622482299804688,3.913482666015625,297.0,3.668438196182251
232.0,7.733333333333333,1329.4784540273076,2404.3433213475664,0.7867272252129576,1.2710885907492422,136.10552540644966,-1.312835693359375,4.1597900390625,295.0,3.639810085296631
233.0,7.766666666666667,1332.1339629212832,2400.6980168918312,0.7866819738570514,1.271161706041215,136.61398944982903,-1.5669145584106445,3.91656494140625,291.0,4.027281761169434
234.0,7.8,1334.5741397840086,2396.794655795471,0.7877692568490446,1.269407242420002,140.94431139883122,-1.3521881103515625,4.1742706298828125,288.0,3.825042486190796
235.0,7.833333333333333,1337.2170754357967,2392.795347433486,0.7881573844547877,1.268782123625925,148.48305135730817,-1.5550365447998047,4.27001953125,287.0,4.611748695373535
236.0,7.866666666666666,1340.398219095397,2388.7904238371257,0.7891263494017589,1.267224191358083,156.22614937640185,-2.0927581787109375,4.275543212890625,287.0,3.770124673843384
237.0,7.9,1343.3768481065601,2384.3970725063905,0.7905767390319665,1.2648993457921176,156.57528186886842,-1.8913116455078125,4.663116455078125,284.0,4.004818439483643
238.0,7.933333333333334,1346.027107977098,2379.9998149256553,0.791233337616718,1.2638496793020757,158.5498050213584,-1.5629730224609375,4.667449951171875,283.0,4.5943169593811035
239.0,7.966666666666667,1349.2043453866986,2375.57863156367,0.7918982159608795,1.2627885501504916,168.56360325583688,-2.089691162109375,4.6911468505859375,281.0,3.8499858379364014
240.0,8.0,1352.4100251791115,2370.75095406106,0.792966087128414,1.2610879787070373,173.2636221271708,-2.1187973022460938,5.096954345703125,280.0,3.662025213241577
241.0,8.033333333333333,1355.5811590730868,2365.9474464803247,0.7939154411109854,1.2595799857483878,175.51901859272704,-2.0842437744140625,5.072906494140625,279.0,3.335034132003784
242.0,8.066666666666666,1359.03830370925,2361.1080502277146,0.7943595964660972,1.25887570874544,176.48000155008262,-2.3702392578125,5.10858154296875,275.0,4.338718891143799
243.0,8.1,1361.6752579157253,2355.8834000688544,0.7943812816309769,1.2588413437271067,181.3180170681017,-1.5511627197265625,5.493377685546875,275.0,5.10685920715332
244.0,8.133333333333333,1365.7122365362634,2351.029599519369,0.795441326881223,1.257163748231203,192.14165045418426,-2.949859619140625,5.123260498046875,271.0,3.0749008655548096
245.0,8.166666666666666,1369.4829798052388,2345.728533344884,0.7975786597388203,1.2537948298760473,191.81954385767727,-2.6844253540039062,5.5696563720703125,270.0,3.2962372303009033
246.0,8.2,1372.9486693632766,2340.486060920399,0.7975529409273727,1.2538352611893417,199.1933031676715,-2.3796615600585938,5.5114593505859375,270.0,4.862563610076904
247.0,8.233333333333333,1376.9762485697522,2334.7650728709136,0.7985547537833975,1.2522622841604711,204.21936039160633,-2.9420852661132812,5.9888916015625,266.0,3.0177862644195557
248.0,8.266666666666667,1381.0026070731026,2329.5091727120534,0.799326120042246,1.2510538251235277,200.37649687304565,-2.9401092529296875,5.525115966796875,261.0,3.933248281478882
249.0,8.3,1385.0329938967657,2324.1097178656933,0.8007197891506056,1.2488763404496204,211.15954527348194,-2.9443817138671875,5.668182373046875,261.0,3.514526605606079
250.0,8.333333333333334,1389.6024432204285,2318.364071613083,0.8024105523410211,1.2462448270184316,221.2351024429261,-3.48388671875,6.0137939453125,257.0,3.1693594455718994
251.0,8.366666666666667,1393.8390068019041,2312.278093329223,0.8024647886080128,1.2461605969461158,224.86738511679135,-3.1516952514648438,6.3539581298828125,254.0,3.9209537506103516
252.0,8.4,1398.4915860083795,2306.2927009828627,0.8049136211346462,1.2423693347248248,227.3200865560438,-3.567535400390625,6.253448486328125,254.0,4.032631874084473
253.0,8.433333333333334,1403.3818361132926,2300.505306683378,0.8059769742856593,1.240730234119038,219.0251863300375,-3.8048744201660156,6.0558319091796875,250.0,3.506944417953491
254.0,8.466666666666667,1407.995841101018,2295.207658477643,0.8075021472928865,1.2383867997781228,216.8683924201194,-3.5279541015625,5.56719970703125,245.0,4.1327948570251465
255.0,8.5,1412.8979320262433,2289.6207036312826,0.808933367100267,1.2361957618148918,216.48580657753598,-3.8165283203125,5.8559722900390625,244.0,3.82741641998291
256.0,8.533333333333333,1417.7732895530314,2284.5918542536724,0.8100632652028262,1.2344714826065057,210.84518109258,-3.788970947265625,5.2990875244140625,238.0,4.151325225830078
257.0,8.566666666666666,1422.656093368882,2279.503434563562,0.8111398914254064,1.2328329682352472,205.9526603606762,-3.7965087890625,5.358642578125,237.0,4.2093963623046875
258.0,8.6,1427.3197809737949,2274.723608623452,0.8132610019431834,1.2296175491147707,207.07076532945024,-3.5771484375,5.050933837890625,235.0,3.61855149269104
259.0,8.633333333333333,1432.2603240474577,2269.587337370842,0.8144507510667385,1.2278213246046317,206.4540518935303,-3.8544883728027344,5.4064178466796875,228.0,4.0035786628723145
260.0,8.666666666666666,1437.3556522773706,2265.3045817432317,0.8147565848672761,1.2273604393917235,205.0408195071791,-4.007965087890625,4.5546875,226.0,3.0195579528808594
261.0,8.7,1442.8761514057212,2260.9759276781215,0.8165611962338859,1.22464795610196,201.61919454322515,-4.433052062988281,4.60028076171875,224.0,4.102890968322754
262.0,8.733333333333333,1447.8019239715718,2256.8462482223863,0.8180953984535918,1.2223513319965547,196.85881023881768,-3.83831787109375,4.4020843505859375,222.0,3.781569004058838
263.0,8.766666666666667,1453.0692492717972,2252.709244547901,0.8202707815395467,1.2191096190493629,190.39942080041925,-4.179779052734375,4.4091796875,211.0,3.8180980682373047
264.0,8.8,1457.9093284782725,2249.167699857791,0.8213481645178672,1.2175104823993876,183.39476624104316,-3.7519140243530273,3.814971923828125,210.0,4.044926643371582
265.0,8.833333333333334,1463.1781186222481,2245.8322098551807,0.8235979940633998,1.2141845988068554,183.08595638056917,-4.17999267578125,3.60906982421875,203.0,3.751984119415283
266.0,8.866666666666667,1468.481210524036,2243.0672764931955,0.8254769730799882,1.2114208301520974,188.18859456832413,-4.213348388671875,3.03948974609375,199.0,3.3652210235595703
267.0,8.9,1474.1123053555116,2239.6805169593354,0.8271551638237811,1.2089630141184033,182.30409808861677,-4.5424957275390625,3.660430908203125,188.0,4.155116081237793
268.0,8.933333333333334,1479.4022136635494,2237.734187112975,0.8290358489672055,1.206220456263475,178.08303566985958,-4.198974609375,2.222320556640625,187.0,3.768636703491211
269.0,8.966666666666667,1485.0674881825248,2235.105240079115,0.8305520800266202,1.2040184162418193,177.89143417955557,-4.5754547119140625,2.903656005859375,180.0,4.055590629577637
270.0,9.0,1490.351292974938,2233.177464920255,0.8326078147608684,1.2010456571167398,173.67338061841733,-4.1929779052734375,2.2037506103515625,172.0,3.650510311126709
271.0,9.033333333333333,1496.0348780407885,2231.3942210113946,0.8341794118767336,1.1987828826297737,173.2432288737824,-4.5924072265625,2.0593414306640625,170.0,4.176977157592773
272.0,9.066666666666666,1501.3332092003889,2229.6012114775344,0.8364836803956592,1.1954805854992856,166.22530060379466,-4.20733642578125,2.0691375732421875,164.0,3.6742842197418213
273.0,9.1,1506.8427220006142,2228.9458972561742,0.8382704028870821,1.1929324911817307,162.03113792490166,-4.4164276123046875,0.933349609375,496.0,6.211522102355957
274.0,9.133333333333333,1512.0648812852148,2228.369928737939,0.8398508897440269,1.19068755205437,162.90361650178127,-4.1290435791015625,0.85382080078125,492.0,3.752692699432373
275.0,9.166666666666666,1517.6327436948152,2227.712905532204,0.8416997693651634,1.1880720850787825,166.91596697168063,-4.47491455078125,0.93505859375,487.0,4.039186477661133
276.0,9.2,1523.1829059091033,2227.9052475608437,0.8435369660463143,1.1854845018672189,178.9416377606255,-4.4555511474609375,0.0866851806640625,478.0,4.563173294067383
277.0,9.233333333333333,1529.5621696858911,2227.6930485738585,0.8447400352875732,1.1837961481955475,184.40954738222715,-5.2853851318359375,0.4903564453125,474.0,4.0291242599487305
278.0,9.266666666666667,1535.4728055329915,2228.221572243124,0.8477258157706137,1.1796266922589393,181.99570756023047,-4.8154754638671875,-0.2488555908203125,472.0,4.28125
279.0,9.3,1541.636371067592,2228.8865705217636,0.8498902501466359,1.1766225107623778,191.05770042073482,-5.068023681640625,-0.385528564453125,469.0,3.87762188911438
280.0,9.333333333333334,1548.10108406313,2229.8836000504034,0.8518247551844562,1.173950385820212,189.8849836239956,-5.36865234375,-0.717071533203125,466.0,4.002408981323242
281.0,9.366666666666667,1554.053101746168,2231.351332704043,0.8534764930494072,1.1716784330252323,195.8882138311037,-4.8552093505859375,-1.1869049072265625,462.0,3.9261622428894043
282.0,9.4,1560.8465500932684,2232.728977467058,0.8566092410211189,1.1673934299470696,204.1917751786899,-5.696563720703125,-1.0969696044921875,452.0,4.130881309509277
283.0,9.433333333333334,1567.3602132841188,2234.219903480073,0.8578461694526881,1.1657101653062192,208.76819611235948,-5.416778564453125,-1.210418701171875,443.0,4.094033241271973
284.0,9.466666666666667,1574.222875498407,2236.5736224618377,0.8594706208994306,1.163506902601867,217.55972225298785,-5.76385498046875,-2.07177734375,435.0,3.9793083667755127
285.0,9.5,1581.09798888457,2238.8716773811025,0.8627304915174351,1.1591105331644476,217.95474554058296,-5.776519775390625,-2.016265869140625,425.0,4.085246562957764
286.0,9.533333333333333,1587.9804264894829,2241.2490780034923,0.8643390978103771,1.156953332937607,216.11267573655059,-5.783843994140625,-2.09539794921875,415.0,3.9967403411865234
287.0,9.566666666666666,1594.5399881178332,2244.057142688382,0.8663859327772755,1.1542200330912726,223.76716911872555,-5.459991455078125,-2.52545166015625,415.0,4.213931560516357
288.0,9.6,1601.8110975977463,2246.839572607647,0.8693261434456371,1.1503162622447172,239.2126862474069,-6.171417236328125,-2.5,402.0,3.9861464500427246
289.0,9.633333333333333,1609.2965625464092,2250.1041802612867,0.8705419511594918,1.14870971889187,240.68833267099305,-6.3848876953125,-2.981689453125,396.0,3.987776279449463
290.0,9.666666666666666,1616.2842247606973,2253.7677136961765,0.8730502336968955,1.1454094637436163,234.0155264726483,-5.886444091796875,-3.379638671875,385.0,3.7699122428894043
291.0,9.7,1623.2978879515476,2256.9856904904414,0.8763890861676785,1.141045701941422,241.99426753184179,-5.9132080078125,-2.934783935546875,382.0,3.8065476417541504
292.0,9.733333333333333,1630.8338900095855,2260.737602831581,0.8768089660496933,1.140499286298727,254.84138091399723,-6.434234619140625,-3.468109130859375,379.0,4.732001304626465
293.0,9.766666666666667,1638.7854194113736,2263.969739782096,0.8802231306008378,1.1360755758797236,263.235140523734,-6.8509368896484375,-2.9492645263671875,376.0,3.940901279449463
294.0,9.8,1646.749766195974,2268.130343529486,0.8819053807703287,1.1339084915510071,267.11665291588577,-6.861602783203125,-3.87628173828125,369.0,3.8705356121063232
295.0,9.833333333333334,1654.766725285262,2271.8256152456256,0.8844753157384343,1.1306138025628403,264.9581854738739,-6.915252685546875,-3.41156005859375,365.0,3.6598639488220215
296.0,9.866666666666667,1662.3865896479874,2276.3463264148904,0.8865121607250441,1.1280161111181357,269.5770414146009,-6.51654052734375,-4.23553466796875,354.0,4.198058128356934
297.0,9.9,1670.4676356513378,2280.5701625841552,0.8882647658859318,1.1257904606884035,284.93485412997296,-6.9781036376953125,-3.9394683837890625,350.0,3.69405460357666
298.0,9.933333333333334,1679.4644531390634,2284.663871800295,0.8917704466382314,1.1213648128504023,285.4793524596991,-7.894012451171875,-3.809600830078125,343.0,3.9217686653137207
299.0,9.966666666666667,1687.588712033039,2288.88184859456,0.8934320300714965,1.1192793255016562,283.7733953721522,-7.021148681640625,-3.93328857421875,339.0,3.5245182514190674
300.0,10.0,1696.2163888957643,2293.4543175763247,0.8957968759190683,1.1163245004332276,299.6401431831458,-7.523895263671875,-4.2874298095703125,330.0,4.331455230712891
301.0,10.033333333333333,1705.3236800163022,2298.074882261215,0.8984298238137203,1.1130529881066584,304.33170179675705,-8.003250122070312,-4.3355865478515625,326.0,3.39969539642334
302.0,10.066666666666666,1714.4655170352778,2302.3202028054798,0.9001721458263595,1.1108986260422427,305.77816208705923,-8.0384521484375,-3.960906982421875,321.0,3.4966695308685303
303.0,10.1,1723.6681450698782,2306.9651815528696,0.9028896359535542,1.1075550766998075,310.13356696745245,-8.098251342773438,-4.35992431640625,318.0,3.4086947441101074
304.0,10.133333333333333,1732.9192350185413,2311.6443399877594,0.9055902513423899,1.1042521698060055,316.761936460575,-8.146804809570312,-4.394073486328125,311.0,3.511479616165161
305.0,10.166666666666666,1742.5981814125166,2316.324719125774,0.9079009152498859,1.1014417798276646,323.2721217864179,-8.574256896972656,-4.3954315185546875,308.0,4.033871650695801
306.0,10.2,1752.3128944080545,2321.043916623164,0.9101872787126504,1.0986749907275992,328.7649272314917,-8.609962463378906,-4.433929443359375,304.0,4.066255569458008
307.0,10.233333333333333,1762.5752148254676,2325.341483261179,0.9119469767800963,1.096554981223581,333.4173867878195,-9.15850830078125,-4.013214111328125,299.0,3.405470609664917
308.0,10.266666666666667,1772.6086534069432,2330.1080440398187,0.915168781947754,1.0926946151634453,342.25557963138925,-8.928504943847656,-4.4814910888671875,296.0,3.759920597076416
309.0,10.3,1783.302614449356,2334.8804641934585,0.9175326875167403,1.0898794273002455,348.0767623144595,-9.588653564453125,-4.48748779296875,291.0,4.037840366363525
310.0,10.333333333333334,1793.7528010777064,2339.6685093470983,0.9203257748452253,1.0865717633173686,360.615018332816,-9.34503173828125,-4.502716064453125,285.0,3.661989688873291
311.0,10.366666666666667,1805.1279144638693,2344.961437313238,0.9220423191244702,1.0845489184808295,363.4110463490152,-10.268478393554688,-5.0072021484375,273.0,3.5206916332244873
312.0,10.4,1815.9668950375324,2349.338105513753,0.9256598748389612,1.080310411179886,359.9469479480058,-9.73455810546875,-4.09228515625,267.0,4.136337757110596
313.0,10.433333333333334,1827.4574869393205,2353.7489534017677,0.9274075546802053,1.0782745891527987,372.67482440983355,-10.3858642578125,-4.126739501953125,261.0,3.7242064476013184
314.0,10.466666666666667,1838.9825026692333,2358.6952016804075,0.9302959301739195,1.0749267706815069,385.97499182905295,-10.419082641601562,-4.6610107421875,243.0,3.927154302597046
315.0,10.5,1851.2034412507087,2363.6609812090473,0.9334182064345479,1.0713311494317,389.2967071489038,-11.114700317382812,-4.68060302734375,230.0,3.870854616165161
316.0,10.533333333333333,1863.1616845196843,2368.125540034562,0.9348785417537387,1.069657667106253,390.4041464692943,-10.853195190429688,-4.1801910400390625,223.0,3.4488377571105957
317.0,10.566666666666666,1875.7684873589722,2372.260997297577,0.9377320104321014,1.0664027556649216,404.4219786015523,-11.502265930175781,-3.85198974609375,216.0,4.197526931762695
318.0,10.6,1888.7187960576352,2376.713593232467,0.9391597459082661,1.0647815820011481,405.9675226995048,-11.845169067382812,-4.1685791015625,209.0,3.4438774585723877
319.0,10.633333333333333,1901.4077522172356,2380.9279079173566,0.9420715122789897,1.0614905418176526,405.7905599504756,-11.584136962890625,-3.9307098388671875,204.0,4.092226028442383
320.0,10.666666666666666,1914.4465618924612,2385.0760604928714,0.9446820112202831,1.0585572585512246,418.94025260018645,-11.934249877929688,-3.86456298828125,195.0,3.176445484161377
321.0,10.7,1928.063130356749,2389.2669376777612,0.9479168734015058,1.0549448248680278,429.66903885110133,-12.511772155761719,-3.90740966796875,192.0,4.061224937438965
322.0,10.733333333333333,1941.9632681569747,2393.034963300151,0.952100603803596,1.0503091753172389,434.5639551037003,-12.796241760253906,-3.4854660034179688,182.0,3.7133290767669678
323.0,10.766666666666667,1956.0568874025125,2396.727793610041,0.9534283178728783,1.0488465480352254,446.2089148505252,-12.989974975585938,-3.410614013671875,171.0,3.2914540767669678
324.0,10.8,1970.874505671488,2400.0378114199307,0.9567701897103055,1.0451830656458725,444.6761210404174,-13.714744567871094,-3.02862548828125,161.0,4.338435173034668
325.0,10.833333333333334,1984.947128823276,2403.3749288391955,0.9591710662911878,1.042566894627759,443.8855769322561,-12.969818115234375,-3.0554122924804688,474.0,5.1073198318481445
326.0,10.866666666666667,1999.6991953344389,2406.7345071959608,0.9622187406611101,1.0392647302971167,453.2223125830197,-13.649299621582031,-3.07781982421875,448.0,3.7425594329833984
327.0,10.9,2014.6034835252894,2409.1573179746006,0.9653561631028982,1.0358871038702937,453.6928184944436,-13.803787231445312,-2.14324951171875,425.0,3.71804141998291
328.0,10.933333333333334,2029.4928791380148,2411.9468279719904,0.9675209221170431,1.033569380403567,468.6486433917443,-13.788116455078125,-2.5089111328125,399.0,3.735898494720459
329.0,10.966666666666667,2045.4049798288652,2414.39258796938,0.9706121973029358,1.0302775946755303,470.3085580056763,-14.811698913574219,-2.166259765625,376.0,3.574263095855713
330.0,11.0,2060.5967436056535,2415.898650701145,0.973358826104708,1.0273703522080417,472.47109324088166,-14.093772888183594,-1.2280044555664062,346.0,3.3511195182800293
331.0,11.033333333333333,2076.654352109004,2418.342945854785,0.97667506108077,1.0238819847549083,485.57042986998755,-14.957496643066406,-2.1649017333984375,322.0,3.447774887084961
332.0,11.066666666666666,2092.7269752607917,2419.8424167896746,0.9799136429168771,1.0204980890186737,484.10426225884896,-14.974998474121094,-1.221771240234375,302.0,3.506873607635498
333.0,11.1,2108.841224389142,2420.7076103808145,0.981916900079732,1.0184161204668132,485.129196410391,-15.018539428710938,-0.588623046875,287.0,3.6161422729492188
334.0,11.133333333333333,2125.0057664862425,2421.8625988938293,0.9862518636967651,1.0139397823307557,486.0224005001316,-15.06817626953125,-0.8781051635742188,258.0,3.1686863899230957
335.0,11.166666666666666,2141.226094716156,2421.745370609969,0.9884135127767947,1.0117223075903272,488.57424197744183,-15.127662658691406,0.3919525146484375,237.0,3.488520383834839
336.0,11.2,2157.5748409148187,2422.269499747984,0.9916761721082105,1.0083936955690826,479.69643528795126,-15.254554748535156,-0.2484283447265625,221.0,3.7395124435424805
337.0,11.233333333333333,2173.1872589884815,2422.8358652141237,0.9944328746096733,1.0055982917826523,483.53425815911936,-14.518257141113281,-0.2900848388671875,211.0,3.931831121444702
338.0,11.266666666666667,2189.8065129996444,2422.7738127115135,0.9961171710128971,1.00389796411516,497.2281430221596,-15.527191162109375,0.336944580078125,196.0,3.7547123432159424
339.0,11.3,2206.3328715029947,2422.3951098182783,0.9994256837743423,1.0005746462543257,496.7188041562574,-15.435394287109375,0.6528091430664062,178.0,3.3709962368011475
340.0,11.333333333333334,2222.890113795408,2421.341602237543,1.0016013143928433,0.9984012457154032,495.94324789767336,-15.468338012695312,1.3264007568359375,165.0,3.773526191711426
341.0,11.366666666666667,2239.368254525321,2421.046883719308,1.0048873267769487,0.9951364430153337,484.0013821807047,-15.38751220703125,0.5692138671875,463.0,3.9336025714874268
342.0,11.4,2255.128621817734,2419.991667154198,1.006634611493122,0.9934091164585719,486.2951354533349,-14.672119140625,1.3286285400390625,439.0,2.6576671600341797
343.0,11.433333333333334,2271.703076024209,2418.7028080109626,1.009927176894932,0.9901704032508031,487.1581486348776,-15.487186431884766,1.561370849609375,402.0,2.7036566734313965
344.0,11.466666666666667,2287.504458941622,2417.4276207427274,1.0128026361717224,0.9873591993992878,489.38705773585207,-14.714370727539062,1.548370361328125,375.0,3.0684523582458496
345.0,11.5,2304.162165101223,2415.408781130742,1.0153127268573297,0.9849182163758287,505.21960588161033,-15.573257446289062,2.2901763916015625,337.0,2.7017431259155273
346.0,11.533333333333333,2321.023484542073,2414.125293081257,1.0178348481201487,0.9824776601497894,489.89491573879263,-15.775219917297363,1.5563583374023438,290.0,2.322031021118164
347.0,11.566666666666666,2336.661293240736,2412.174568703647,1.0204734070571286,0.9799373438684987,492.8025612346001,-14.553581237792969,2.2226104736328125,274.0,2.3661069869995117
348.0,11.6,2353.6124564315865,2409.9645669822867,1.0227422995259414,0.9777634116272663,493.2286474494142,-15.8685302734375,2.4811859130859375,251.0,2.849844217300415
349.0,11.633333333333333,2369.2699184505623,2407.9440183859265,1.0256625365376417,0.9749795516327705,484.174426905017,-14.574310302734375,2.2925567626953125,235.0,2.1799886226654053
350.0,11.666666666666666,2385.49879160235,2404.9495928364413,1.026141584529651,0.9745243883263599,499.4958951569863,-15.149032592773438,3.2648887634277344,218.0,2.2741637229919434
351.0,11.7,2402.158572957263,2402.7278723650816,1.0299390607438381,0.9709312308999956,497.7600531353307,-15.578132629394531,2.493144989013672,192.0,2.4331774711608887
352.0,11.733333333333333,2418.268793765301,2399.7241694718464,1.0317716497050415,0.9692067041053858,502.81102966589987,-15.031200408935547,3.2741241455078125,182.0,2.1686863899230957
353.0,11.766666666666667,2435.2687850811512,2397.497810328611,1.0353347430001754,0.9658711897392886,505.9556541426917,-15.919342041015625,2.497955322265625,171.0,2.4518141746520996
354.0,11.8,2451.4048847954396,2393.420376966626,1.03706548296336,0.9642592646537156,495.54170841009847,-15.061355590820312,4.346504211425781,159.0,2.3362386226654053
355.0,11.833333333333334,2467.5085138066024,2390.287767823391,1.0388318775333032,0.9626196708311366,493.2471862356864,-15.0262451171875,3.40325927734375,483.0,2.8752126693725586
356.0,11.866666666666667,2483.6253264115153,2386.8519360239056,1.0415604092226718,0.9600979368506444,491.4222258593726,-15.040908813476562,3.705780029296875,457.0,2.0508787631988525
357.0,11.9,2499.545361672678,2383.4353913337955,1.0452058547620005,0.9567493287986852,493.4270942164537,-14.844429016113281,3.6870346069335938,428.0,2.081526279449463
358.0,11.933333333333334,2515.7178383400915,2379.6296864874353,1.0459014867771257,0.9561129921341177,501.9664080289632,-15.098396301269531,4.075531005859375,410.0,1.6298186779022217
359.0,11.966666666666667,2532.0182446950043,2375.3496164067,1.04773492342872,0.9544398851643627,500.53321426155844,-15.228713989257812,4.54949951171875,399.0,2.6979875564575195
360.0,12.0,2548.102586596792,2371.58541546659,1.0524703720140964,0.9501455115418739,502.052583130306,-15.011032104492188,4.034210205078125,367.0,2.9791667461395264
361.0,12.033333333333333,2564.51651834233,2367.3424547608547,1.054384705469205,0.9484204340340809,509.053459979586,-15.343017578125,4.512542724609375,343.0,2.0406746864318848
362.0,12.066666666666666,2580.957305556618,2363.0836249144945,1.0561958080050615,0.9467941383793181,507.1066278114292,-15.370147705078125,4.528564453125,323.0,2.2863521575927734
363.0,12.1,2597.1207490209063,2358.4046290525093,1.0598125254133544,0.9435631076448866,511.38940954370867,-15.095169067382812,4.9482879638671875,307.0,1.9903627634048462
364.0,12.133333333333333,2613.672864360194,2353.491990612399,1.0608166717451397,0.942669951024534,513.5425069766616,-15.484832763671875,5.181682586669922,298.0,2.1503684520721436
365.0,12.166666666666666,2629.969852746357,2348.758307250414,1.0644397278762043,0.9394613652716852,504.84826093224103,-15.229488372802734,5.003021240234375,276.0,2.0406746864318848
366.0,12.2,2645.78490753877,2343.413295763429,1.0659107764417433,0.9381648277712618,506.85424883726006,-14.749855041503906,5.6142425537109375,261.0,2.269486904144287
367.0,12.233333333333333,2662.2315541280577,2338.7101299795686,1.0695735944017326,0.934952026895682,519.1255776572656,-15.380180358886719,4.9728851318359375,245.0,2.08992338180542
368.0,12.266666666666667,2678.895730014221,2333.3429016957084,1.0715373972759372,0.9332385435563896,510.86937757508747,-15.600875854492188,5.636444091796875,223.0,2.1884212493896484
369.0,12.3,2694.545989884759,2327.952724193098,1.0732526525567443,0.9317470565926494,509.96375871455376,-14.586669921875,5.659584045410156,190.0,2.3027565479278564
370.0,12.333333333333334,2711.125448974047,2322.522507627988,1.0760375592406903,0.9293355900194167,515.0499380151319,-15.517127990722656,5.69989013671875,177.0,2.066255569458008
371.0,12.366666666666667,2727.1211678289596,2317.096197312878,1.0770564370250675,0.9284564537417327,517.9933268918242,-14.933570861816406,5.6960601806640625,167.0,1.7914540767669678
372.0,12.4,2743.7824140276225,2311.2956194196427,1.0806498316029307,0.9253691350848566,516.4262036347909,-15.601417541503906,6.07000732421875,151.0,2.6070010662078857
373.0,12.433333333333334,2759.394099679411,2305.1056372295325,1.0817610631025318,0.9244185561014389,502.7125994778007,-14.553169250488281,6.459554672241211,470.0,2.882192611694336
374.0,12.466666666666667,2775.1078361124487,2299.3826960550477,1.084471717545607,0.9221079571011915,511.5853167722122,-14.65386962890625,5.993125915527344,442.0,1.692814588546753
375.0,12.5,2791.6233303579866,2293.9488173805626,1.087686242441367,0.9193827787648111,518.3225828874893,-15.455886840820312,5.704353332519531,432.0,1.7070578336715698
376.0,12.533333333333333,2807.503570697275,2287.3596652685774,1.0897231075782896,0.9176643066900886,515.054747983669,-14.8250732421875,6.8588409423828125,389.0,1.6248582601547241
377.0,12.566666666666666,2823.3493872084377,2280.815435031592,1.0916576545875258,0.9160380965567837,510.4400739060923,-14.791023254394531,6.814117431640625,376.0,1.7506023645401
378.0,12.6,2839.2315806727256,2275.058070028982,1.0940866380521097,0.9140043989389911,511.997923143213,-14.824577331542969,6.028465270996094,356.0,1.6698200702667236
379.0,12.633333333333333,2855.1460006995135,2268.403732370122,1.096212309442044,0.9122320479223458,526.9554830486417,-14.861091613769531,6.924659729003906,330.0,1.6973497867584229
380.0,12.666666666666666,2871.7403523669263,2261.7418263518866,1.0992369984147967,0.9097219266109985,515.4848573201335,-15.542312622070312,6.9324493408203125,297.0,1.629960298538208
381.0,12.7,2886.8381220030897,2255.1143441617764,1.0999511623906746,0.9091312725435582,511.57273428843496,-14.044723510742188,6.898468017578125,287.0,1.3138463497161865
382.0,12.733333333333333,2902.8670439830025,2247.8037565029163,1.1008668040521963,0.9083751061609686,526.0610509185209,-14.97976016998291,7.5813446044921875,270.0,1.6312004327774048
383.0,12.766666666666667,2918.8320011191654,2240.749516500306,1.103585307032183,0.9061374717730251,515.4929053835322,-14.91552734375,7.325408935546875,255.0,1.5587443113327026
384.0,12.8,2934.3565285678283,2234.039758919571,1.1065132534320277,0.9037397400332443,520.5492329512759,-14.4739990234375,6.981513977050781,228.0,2.3145194053649902
385.0,12.833333333333334,2950.385450547741,2226.3031458700857,1.107779557356701,0.9027066742286918,530.0357789799616,-14.983612060546875,8.007682800292969,208.0,1.318983793258667
386.0,12.866666666666667,2966.3635912776545,2219.0677535237255,1.1109925191055978,0.9000960697782626,512.8993289488503,-14.931121826171875,7.507316589355469,182.0,1.6235473155975342
387.0,12.9,2981.3043784919423,2211.7017459429903,1.1121076692009257,0.8991935112888146,517.4253177256364,-13.893943786621094,7.638328552246094,180.0,1.77933669090271
388.0,12.933333333333334,2997.35258758123,2203.91557234663,1.114133658423539,0.8975583786015098,535.3249370765399,-15.004737854003906,8.058341979980469,176.0,1.3404549360275269
389.0,12.966666666666667,3013.021646279893,2195.341068672145,1.1187756783505116,0.8938342326804684,525.3253592502697,-14.629058837890625,8.846633911132812,161.0,1.6186933517456055
390.0,13.0,3028.494904197306,2187.8944946851598,1.1186219045233,0.8939571055746038,515.0547890850047,-14.42916488647461,7.719696044921875,475.0,2.444302797317505
391.0,13.033333333333333,3043.5296855522192,2179.5839070262996,1.121363849742436,0.8917712125548617,521.0791889442411,-13.994049072265625,8.583709716796875,465.0,1.2520549297332764
392.0,13.066666666666666,3059.169935657132,2171.5907021799394,1.124744006057356,0.8890912017440931,524.3881056937098,-14.599624633789062,8.266746520996094,436.0,2.0497803688049316
393.0,13.1,3074.662236543295,2163.680749286704,1.125598497476028,0.8884162534352504,537.8414267920616,-14.451709747314453,8.183647155761719,424.0,2.2966978549957275
394.0,13.133333333333333,3090.686031570083,2154.4911333075315,1.1285910199172615,0.886060567869228,538.2224875062858,-14.99020767211914,9.463302612304688,396.0,1.7456419467926025
395.0,13.166666666666666,3105.7908812843707,2145.834476312734,1.1320384353042197,0.8833622329539225,524.9077667493548,-14.068122863769531,8.931060791015625,384.0,1.3548753261566162
396.0,13.2,3121.083230998659,2137.153893536686,1.1331900943168813,0.8824644735381559,527.212743629817,-14.25674819946289,8.955413818359375,376.0,2.2131872177124023
397.0,13.233333333333333,3136.328705712947,2128.433637909076,1.1365299800156636,0.8798712023295839,528.2078344759029,-14.210578918457031,8.995407104492188,356.0,1.4900438785552979
398.0,13.266666666666667,3151.3742292553598,2119.1964145080283,1.1396537205956552,0.8774595141736007,535.0200513968286,-14.013248443603516,9.512748718261719,342.0,1.2213718891143799
399.0,13.3,3166.8225848290226,2109.9314811460436,1.141663865359832,0.8759145579901645,544.8171956594657,-14.4173583984375,9.54071044921875,325.0,1.5400367975234985
400.0,13.333333333333334,3182.296819308936,2100.1433544246834,1.1424990922701506,0.875274218391715,551.9819030352099,-14.446578979492188,10.064376831054688,309.0,1.4313350915908813
401.0,13.366666666666667,3197.774960038849,2090.0291778986357,1.1457925961565256,0.872758301418969,535.1580592304916,-14.452186584472656,10.390853881835938,276.0,1.4856150150299072
402.0,13.4,3212.1332277218867,2080.5818714897755,1.148122260210448,0.870987380574524,530.0440649821985,-13.328437805175781,9.724700927734375,261.0,1.4892290830612183
403.0,13.433333333333334,3227.6357825142995,2071.135175432478,1.150286672401716,0.8693485058920762,541.2764083441886,-14.475112915039062,9.724334716796875,238.0,1.7591056823730469
404.0,13.466666666666667,3242.111725978588,2060.4964627736176,1.1525386739281736,0.8676498434466592,550.3255065055401,-13.453289031982422,10.916961669921875,222.0,1.5525438785552979
405.0,13.5,3257.4890366303757,2049.8086778491324,1.1555761653693286,0.865369181165479,550.9891358038356,-14.356475830078125,10.96649169921875,193.0,1.326601505279541
406.0,13.533333333333333,3272.3028707196636,2039.5732855027723,1.1587158867582763,0.8630243284207368,540.196807122497,-13.791242599487305,10.5146484375,180.0,1.3570365905761719
407.0,13.566666666666666,3286.7736872308265,2028.847902922037,1.1610469635358456,0.8612916026709254,541.2737017454788,-13.450092315673828,11.005279541015625,170.0,1.2465276718139648
408.0,13.6,3301.2952849919893,2018.0893172163019,1.1632475057084273,0.8596622774540074,540.5612002563122,-13.50204086303711,11.039031982421875,142.0,2.017609119415283
409.0,13.633333333333333,3315.7497440812776,2007.4216738933792,1.1655687013106122,0.8579502854491201,542.6676352286327,-13.435043334960938,10.948776245117188,467.0,1.884141206741333
410.0,13.666666666666666,3329.7164102018155,1995.704592093894,1.1687857323295183,0.8555888152457938,546.8855586369382,-12.951553344726562,11.998870849609375,431.0,1.3051303625106812
411.0,13.7,3344.1183790567284,1984.5201030678463,1.1723400436087825,0.8529948332411534,534.0601088071309,-13.386322021484375,11.466781616210938,413.0,1.271187663078308
412.0,13.733333333333333,3357.3506701772662,1973.2548034949236,1.1734397664475607,0.8521954245912192,517.8445816100296,-12.215240478515625,11.54833984375,387.0,1.3735827207565308
413.0,13.766666666666667,3370.738723016554,1962.5384541173134,1.1756451921102942,0.8505967673843761,524.8950800687261,-12.369369506835938,10.999809265136719,372.0,1.1887047290802002
414.0,13.8,3384.1702328870924,1950.7776711459533,1.177679297687559,0.8491276037233205,531.3474352576217,-12.418426513671875,12.045166015625,343.0,1.1979166269302368
415.0,13.833333333333334,3397.5905122888803,1939.4347348542806,1.1812023925771364,0.8465949665223834,527.8730141494833,-12.405990600585938,11.62774658203125,321.0,1.1398100852966309
416.0,13.866666666666667,3410.595020206293,1927.5360124297954,1.184777143613346,0.8440405905790765,514.3192601735476,-11.992835998535156,12.184478759765625,304.0,1.2001488208770752
417.0,13.9,3422.763346483081,1916.154013638123,1.185935141197747,0.8432164333962142,502.34654261923555,-11.15283203125,11.668197631835938,285.0,1.2113803625106812
418.0,13.933333333333334,3435.1306473692443,1904.7419855495752,1.189353293511442,0.8407930641429545,497.6823219517282,-11.352951049804688,11.698760986328125,271.0,1.2322137355804443
419.0,13.966666666666667,3446.222801771032,1892.6915297266526,1.192128675400843,0.8388356228942807,500.12757321109984,-10.07891845703125,12.338287353515625,263.0,1.2376700639724731
420.0,14.0,3458.63917492282,1881.0982272240424,1.1953793638727706,0.8365545116658333,495.9890256296248,-11.403907775878906,11.881439208984375,250.0,2.0031886100769043
421.0,14.033333333333333,3469.746710183983,1869.4540214011197,1.1960097853092917,0.8361135605102069,487.4411065405374,-10.093429565429688,11.93292236328125,242.0,0.9895833730697632
422.0,14.066666666666666,3480.747311851396,1857.281739406322,1.1997831878783467,0.8334839245150317,487.9186331642658,-9.989067077636719,12.462211608886719,226.0,1.1489157676696777
423.0,14.1,3491.258411565684,1845.0550140521493,1.20067423550633,0.8328653771589387,474.1222937639693,-9.499664306640625,12.51727294921875,211.0,1.3009495735168457
424.0,14.133333333333333,3501.282206592472,1833.2527271745391,1.2039605352651488,0.8305920092137983,463.34176600223634,-9.009300231933594,12.092971801757812,202.0,1.17056405544281
425.0,14.166666666666666,3511.326265291135,1821.572266468804,1.2051747422144237,0.8297551923155728,460.3439514099314,-9.029495239257812,11.97174072265625,195.0,1.0685232877731323
426.0,14.2,3520.3359001616727,1809.1942959974438,1.2081730938920816,0.8276959692741871,467.25850682960976,-7.996482849121094,12.670608520507812,186.0,1.1857638359069824
427.0,14.233333333333333,3530.098953000961,1796.7137864635836,1.2121712405555618,0.8249659508021989,469.621741787448,-8.752975463867188,12.77386474609375,179.0,1.2534722089767456
428.0,14.266666666666667,3539.107123027749,1784.1375738047236,1.2141997606479202,0.8235877097079816,456.5785990251755,-7.996879577636719,12.870315551757812,174.0,1.1246811151504517
429.0,14.3,3547.188046960787,1771.525106263051,1.215447597730848,0.8227421748719789,443.7007017621225,-7.068023681640625,12.90728759765625,171.0,1.081774353981018
430.0,14.333333333333334,3555.1732677688246,1759.3009443854407,1.218940669607147,0.820384473940221,437.363275152947,-6.970653533935547,12.519073486328125,162.0,1.1625566482543945
431.0,14.366666666666667,3563.1008713893625,1747.0926516484556,1.2215633526727687,0.8186231175092227,437.3215693082516,-6.9131927490234375,12.503875732421875,477.0,1.7049319744110107
432.0,14.4,3570.978914463026,1734.8023276614704,1.2240290192872363,0.8169740947664047,421.1895936055114,-6.864036560058594,12.586677551269531,454.0,2.1247165203094482
433.0,14.433333333333334,3577.6523676929387,1723.0780437135477,1.2254884674162836,0.8160011510416867,413.7728232247267,-5.65411376953125,12.020381927490234,446.0,0.9617701768875122
434.0,14.466666666666667,3584.4347076416016,1710.721923828125,1.2285987152036748,0.8139354108263265,408.89567789021356,-5.7664337158203125,12.653663635253906,430.0,1.352288842201233
435.0,14.5,3590.3718327465144,1698.9677326536398,1.2285000009075666,0.8140008133994628,392.01631383578916,-4.9166259765625,12.05145263671875,417.0,1.0722788572311401
436.0,14.533333333333333,3595.8702371483023,1687.2222084713421,1.2324939474627938,0.8113630107949781,401.65296256000164,-4.4767303466796875,12.043258666992188,398.0,1.274234652519226
437.0,14.566666666666666,3601.4233290500906,1674.577880578107,1.23513051170411,0.8096310394116162,392.6209025182747,-4.5364990234375,12.944107055664062,384.0,1.3046343326568604
438.0,14.6,3606.6297412643785,1663.3611649895593,1.2385149480661417,0.8074185956022841,386.2789574776858,-4.181877136230469,11.514694213867188,370.0,1.2188208103179932
439.0,14.633333333333333,3611.0939659786663,1650.710733580699,1.2411887535067438,0.8056792306365081,386.7403180166848,-3.44488525390625,12.951324462890625,349.0,1.204648494720459
440.0,14.666666666666666,3614.586755146079,1638.8370355702764,1.240914285426014,0.8058574324951812,368.8569994008499,-2.467041015625,12.1737060546875,327.0,1.3107284307479858
441.0,14.7,3618.641556032242,1627.3072096301664,1.2450138282335943,0.8032039302075736,356.83072506210516,-3.0293426513671875,11.829925537109375,315.0,1.20443594455719
442.0,14.733333333333333,3621.1973334809054,1615.9852694322437,1.2453781924938283,0.8029689342781355,369.78646267699884,-1.5250701904296875,11.6220703125,308.0,1.2584679126739502
443.0,14.766666666666667,3624.1845074139433,1603.2860098983836,1.248576628727717,0.8009119961015022,366.7620313954021,-1.9648666381835938,13.002227783203125,305.0,1.0800737142562866
444.0,14.8,3627.058155956356,1592.2472728254609,1.2539973030805576,0.7974498809075663,345.9502744709611,-1.842376708984375,11.33941650390625,297.0,2.0158729553222656
445.0,14.833333333333334,3628.091228326894,1580.5559478619132,1.2543626520644091,0.7972176135459842,353.3081264095724,-0.00038909912109375,11.993392944335938,290.0,0.6070365905761719
446.0,14.866666666666667,3630.1157557755573,1568.8926990702405,1.2567765419841999,0.795686398173218,339.2365638858745,-0.9939117431640625,11.96588134765625,285.0,1.03578519821167
447.0,14.9,3630.805078146095,1558.1035957863803,1.2583099439392331,0.7947167586305687,338.29302603155816,0.348968505859375,11.090438842773438,282.0,1.1135203838348389
448.0,14.933333333333334,3631.837906376008,1546.4056790259576,1.2587872510492584,0.7944154178289087,351.8005782032785,-2.288818359375e-05,12.001480102539062,278.0,0.7176162004470825
449.0,14.966666666666667,3632.327765855921,1534.69970562491,1.2626020543510903,0.7920151852706642,338.8671586013052,0.5445480346679688,12.009902954101562,272.0,1.200078010559082
450.0,15.0,3632.1528304139592,1523.8167302707373,1.262934991084363,0.7918063930918522,339.2688693423772,1.2154617309570312,11.1856689453125,269.0,1.3590561151504517
451.0,15.033333333333333,3631.625355909497,1512.0926904634396,1.2655467946428713,0.7901722830266369,337.2704887932288,1.564849853515625,12.028884887695312,262.0,1.2737033367156982
452.0,15.066666666666666,3630.166729061285,1501.4199201873919,1.2661227969619624,0.7898128067826289,340.2952286409454,2.5041656494140625,10.975677490234375,259.0,1.295493245124817
453.0,15.1,3628.270846353698,1489.655719247282,1.2685018123511325,0.7883315500720713,345.8568148175008,2.9370193481445312,12.069778442382812,250.0,1.122874140739441
454.0,15.133333333333333,3626.5231570054857,1478.6525046352967,1.2703058335452744,0.7872120032772876,329.6491147255277,2.79248046875,11.307525634765625,247.0,1.384566307067871
455.0,15.166666666666666,3624.659256719774,1467.9779033045616,1.272723903807951,0.7857163655118212,343.1285427608778,2.910655975341797,10.978713989257812,242.0,1.3547334671020508
456.0,15.2,3621.672065418437,1456.2975646691389,1.2766856298268845,0.7832781826921618,353.85837702912244,4.032623291015625,11.986785888671875,233.0,2.0246598720550537
457.0,15.233333333333333,3618.6941514608498,1445.1539691977787,1.2779750071175975,0.7824879159847149,339.88844367026286,4.025970458984375,11.449356079101562,226.0,1.243941307067871
458.0,15.266666666666667,3615.6725363313876,1434.447019234231,1.2797934148540129,0.7813761099201083,360.6002536458396,4.0723419189453125,11.012054443359375,223.0,1.1930980682373047
459.0,15.3,3611.2483333113005,1422.2960995441208,1.283869905261587,0.7788951169443069,368.3527157689037,5.471900939941406,12.4595947265625,216.0,1.4170563220977783
460.0,15.333333333333334,3606.847567791214,1411.5306779008856,1.286189060081365,0.77749067461104,355.56831114883084,5.45556640625,11.071090698242188,206.0,1.408127784729004
461.0,15.366666666666667,3601.5283452398767,1400.676022859213,1.287248693884044,0.7768506619980929,368.79913444402536,6.376680374145508,11.160842895507812,196.0,1.5444657802581787
462.0,15.4,3595.9537515947895,1389.4892144972277,1.2887930348349204,0.7759197737502427,372.01896676554094,6.631439208984375,11.49407958984375,187.0,1.6257085800170898
463.0,15.433333333333334,3590.2463454497024,1378.58939343993,1.2922807279877995,0.7738256698736755,376.80965747771353,6.766075134277344,11.206817626953125,173.0,1.608205795288086
464.0,15.466666666666667,3583.7081287577403,1367.5554171091949,1.292870592588394,0.7734726164649999,379.11283395788206,7.5992584228515625,11.34136962890625,159.0,1.8003826141357422
465.0,15.5,3576.7658593314036,1357.2104056222097,1.2955735874658296,0.771858896842766,374.3430049670059,8.007911682128906,10.650909423828125,496.0,3.1674814224243164
466.0,15.533333333333333,3569.7818418581915,1346.8462290961622,1.2983094156900559,0.7702324175693486,381.07585167576127,8.05035400390625,10.67047119140625,493.0,2.598710298538208
467.0,15.566666666666666,3561.5182833693543,1336.8897674138645,1.2994493007397039,0.7695567648778262,394.04807509151203,9.33587646484375,10.261611938476562,493.0,2.52480149269104
468.0,15.6,3553.226892849267,1326.4491748721919,1.3022775823011865,0.7678854443865588,409.5038181353887,9.361679077148438,10.747329711914062,490.0,3.0447845458984375
469.0,15.633333333333333,3543.97651795418,1315.9711067445817,1.3039407068314057,0.7669060370314031,413.78789331273924,10.323654174804688,10.7850341796875,479.0,2.7075538635253906
470.0,15.666666666666666,3534.7913286059684,1305.928219281034,1.3038271565634303,0.7669728268551758,420.2591883595977,10.260932922363281,10.348899841308594,478.0,2.78578519821167
471.0,15.7,3525.0263052733812,1295.3347947081113,1.3066065255855215,0.7653413483082646,421.46293542253403,10.840057373046875,10.901046752929688,472.0,2.341057300567627
472.0,15.733333333333333,3514.881154987669,1286.1025761898761,1.3106048754323352,0.7630064703293016,424.74487228761865,11.22833251953125,9.536300659179688,463.0,2.3791098594665527
473.0,15.766666666666667,3504.319256655082,1276.020748296641,1.3106359664512754,0.7629883702242931,435.7004799060192,11.642425537109375,10.388442993164062,457.0,2.830002784729004
474.0,15.8,3493.2427098849953,1266.7250532159057,1.3135995264378248,0.7612670223106478,436.1905610962509,12.162811279296875,9.600013732910156,452.0,2.249220371246338
475.0,15.833333333333334,3482.025049833658,1257.3505007132956,1.3165356501809666,0.7595692527297254,447.6340923696856,12.304313659667969,9.679473876953125,440.0,2.339108467102051
476.0,15.866666666666667,3470.107926891696,1247.874507780998,1.3181413368738006,0.758643987580021,463.7504004996762,13.0057373046875,9.781036376953125,435.0,2.0749716758728027
477.0,15.9,3457.570442621609,1238.434525590888,1.3209947457512081,0.7570052819788707,465.5102995304294,13.628662109375,9.745025634765625,423.0,3.1163549423217773
478.0,15.933333333333334,3445.001464210897,1229.6323607835902,1.3221616343537053,0.756337178463673,476.13262681217606,13.663375854492188,9.105575561523438,410.0,2.530435085296631
479.0,15.966666666666667,3431.69591353456,1220.0477252731675,1.3234837001587778,0.7555816515760869,485.1245115257,14.39898681640625,9.8902587890625,399.0,2.724135398864746
480.0,16.0,3418.437481998848,1211.1841590986824,1.3234437050704402,0.7556044856073233,486.9254995350003,14.355224609375,9.167282104492188,392.0,3.122732400894165
481.0,16.033333333333335,3404.469089525636,1202.3711300335722,1.3243275145935225,0.7551002217959137,492.6375651717051,15.068145751953125,9.116424560546875,379.0,1.9109268188476562
482.0,16.066666666666666,3390.4074353336737,1194.0684769450245,1.3273144555229484,0.7534009712913209,508.64100327095224,15.164260864257812,8.604644775390625,372.0,2.5997376441955566
483.0,16.1,3375.733720594837,1184.3676304971018,1.32896667452574,0.7524643162003017,526.6214122989646,15.772125244140625,10.007232666015625,355.0,2.8344671726226807
484.0,16.133333333333333,3360.246285152875,1176.0995233069916,1.3318774202312327,0.7508198463387012,515.694273692426,16.595306396484375,8.56982421875,347.0,3.574333906173706
485.0,16.166666666666668,3345.5593868202877,1167.891352640319,1.3290016594644953,0.7524445081603115,516.3362404151792,15.792465209960938,8.510101318359375,344.0,3.8240859508514404
486.0,16.2,3330.0529084095756,1159.56886312599,1.3321650181688867,0.7506577536276545,543.1451636235497,16.614501953125,8.624664306640625,335.0,3.3561508655548096
487.0,16.233333333333334,3313.4587835144885,1151.137486892911,1.336159635495983,0.7484135678360015,551.6959947164589,17.705276489257812,8.733627319335938,322.0,2.760310411453247
488.0,16.266666666666666,3297.386631275652,1142.6672923004571,1.3379549101412729,0.7474093427366781,558.3552549055137,17.18182373046875,8.772857666015625,311.0,2.8039257526397705
489.0,16.3,3280.3132583336896,1134.1970977080032,1.341034790535592,0.7456928090587516,553.9272529210846,18.186431884765625,8.77264404296875,289.0,2.6305272579193115
490.0,16.333333333333332,3264.1744557042275,1126.522191201487,1.3408625372860894,0.7457886041204519,559.5324102603324,17.252456665039062,7.975189208984375,274.0,2.4235048294067383
491.0,16.366666666666667,3246.717781981016,1117.9861396754393,1.3427832140238782,0.744721850523682,574.2426051682498,18.571319580078125,8.838851928710938,254.0,2.993197441101074
492.0,16.4,3229.4974363828032,1110.3024441064229,1.343712273264004,0.7442069406502521,566.8005889496523,18.337921142578125,7.983856201171875,233.0,2.865079402923584
493.0,16.433333333333334,3212.0063388314666,1103.0546005881877,1.345008153616347,0.7434899166308268,568.4729187472791,18.611618041992188,7.5465240478515625,222.0,3.5256519317626953
494.0,16.466666666666665,3194.6700264363794,1095.35839281214,1.3457218156794386,0.7430956296826563,585.8054990259496,18.454681396484375,7.996490478515625,207.0,2.7387330532073975
495.0,16.5,3175.9394269319173,1088.0756371845298,1.3489828851046795,0.7412992492654206,586.8603562122116,19.855224609375,7.581268310546875,187.0,3.1487386226654053
496.0,16.533333333333335,3158.378749302455,1080.742222377232,1.3512766973644885,0.7400408827817324,569.6996340519632,18.681304931640625,7.632537841796875,169.0,3.5405328273773193
497.0,16.566666666666666,3140.9252494073685,1073.3621767105594,1.3543592148549668,0.7383565519632738,565.3103641102651,18.573944091796875,7.6793975830078125,140.0,3.655576705932617
498.0,16.6,3123.2969448247813,1066.9725485243555,1.3543571967024692,0.7383576522019133,576.6249310577441,18.7535400390625,6.685699462890625,484.0,5.512259006500244
499.0,16.633333333333333,3104.949890242194,1059.8146708264328,1.3545841981571283,0.7382339180986095,581.1572868395035,19.471282958984375,7.456268310546875,468.0,3.183283805847168
500.0,16.666666666666668,3087.250052456482,1052.7702574839789,1.3560522039270304,0.7374347367336386,564.0662023690735,18.822998046875,7.3427734375,455.0,3.0799319744110107
501.0,16.7,3069.5804881082704,1047.0437152352752,1.3574275563276923,0.7366875641638979,571.1290964087217,18.7979736328125,6.020355224609375,435.0,3.5059523582458496
502.0,16.733333333333334,3051.1662948538083,1040.6175269904775,1.3591416941326988,0.7357584601494579,572.067378443856,19.541915893554688,6.7222137451171875,420.0,3.6850905418395996
503.0,16.766666666666666,3033.439113318096,1034.8660823980235,1.360473193523585,0.735038371031795,564.6156718307017,18.855697631835938,6.04541015625,403.0,3.204577684402466
504.0,16.8,3015.557390766759,1028.4169449344759,1.3634372142627633,0.7334404470841139,574.2586577426235,19.007965087890625,6.7454833984375,385.0,3.922689914703369
505.0,16.833333333333332,2997.170541262297,1022.6084935060844,1.363779511670538,0.7332563595819587,583.6267547849187,19.517486572265625,6.102386474609375,367.0,3.6853742599487305
506.0,16.866666666666667,2978.642090195335,1016.123528405818,1.3651093766976634,0.7325420344112648,572.2321000923183,19.656707763671875,6.78118896484375,339.0,3.6891298294067383
507.0,16.9,2960.827750456498,1011.0096570555515,1.3651018909465915,0.732546051420805,571.1674070651073,18.945899963378906,5.4056854248046875,322.0,3.3080711364746094
508.0,16.933333333333334,2942.178938061411,1005.1526826779414,1.3680799016730818,0.7309514588855947,575.52213009147,19.780029296875,6.151031494140625,296.0,3.6087727546691895
509.0,16.966666666666665,2924.329930353824,999.1765066401749,1.370188953531082,0.7298263479813666,573.7923248830556,18.97723388671875,6.27093505859375,269.0,2.7097506523132324
510.0,17.0,2905.5778464743616,994.0333994500647,1.371054161547341,0.7293657887821312,576.0865979364021,19.88629150390625,5.434661865234375,255.0,4.100269317626953
511.0,17.033333333333335,2887.325518454275,988.8965788810484,1.370271027323516,0.7297826342816659,580.335229230449,19.38507080078125,5.428497314453125,237.0,4.605654716491699
512.0,17.066666666666666,2868.509469731063,982.9529956167195,1.3732967415110322,0.728174741680159,589.2299015937999,19.947479248046875,6.2379150390625,225.0,3.3290815353393555
513.0,17.1,2849.6460577266007,977.791028563328,1.374103994184228,0.7277469567313758,587.6273883436668,19.997955322265625,5.4534912109375,217.0,3.751559019088745
514.0,17.133333333333333,2830.715751190889,972.6414516466554,1.3747877202650896,0.7273850248001763,572.1508654031439,20.065155029296875,5.4410400390625,205.0,3.6552579402923584
515.0,17.166666666666668,2812.7871536395514,967.9757614487328,1.3769230100780518,0.7262570184975805,578.2088685032021,19.06207275390625,4.955810546875,195.0,2.711097002029419
516.0,17.2,2793.4420521819648,962.8148319929976,1.3771048794293395,0.7261611043121069,594.7355098747254,20.48095703125,5.452301025390625,186.0,5.168934345245361
517.0,17.233333333333334,2774.3867456462526,958.1038537091374,1.3802594489792712,0.7245014701689015,578.8971586785541,20.191757202148438,5.0007781982421875,174.0,3.462230682373047
518.0,17.266666666666666,2756.1375914542905,952.925040952621,1.3780415354419457,0.7256675319871939,573.4943992259284,19.381988525390625,5.47064208984375,155.0,4.660359859466553
519.0,17.3,2737.406503668579,948.3971071023545,1.3812240418442139,0.7239955066701543,581.5862510489725,19.8671875,4.817169189453125,481.0,4.822137355804443
520.0,17.333333333333332,2718.601685414116,943.2113363380256,1.382564331401267,0.7232936488289644,576.4473647321863,19.938873291015625,5.4774169921875,461.0,4.030966758728027
521.0,17.366666666666667,2700.0410077846545,939.4153971166654,1.3811238525689689,0.7240480266414508,575.3585655284422,19.69879150390625,4.0826263427734375,434.0,3.248795509338379
522.0,17.4,2681.1690508583174,934.8402220554615,1.3843072209763878,0.7223829976807273,587.6595474671188,20.00811767578125,4.864501953125,414.0,3.9190759658813477
523.0,17.433333333333334,2661.7695060413553,931.0396441622264,1.3843620083734582,0.7223544087105797,590.0772156358908,20.54022216796875,4.086883544921875,385.0,3.6833901405334473
524.0,17.466666666666665,2642.8799709900186,925.8145667572725,1.385593453364866,0.7217124168503644,586.5680464036207,20.0234375,5.5167388916015625,351.0,4.024093151092529
525.0,17.5,2623.9054750011815,921.2682613249748,1.3888034761925738,0.720044280664904,590.3562928193451,20.111114501953125,4.835418701171875,336.0,3.6309170722961426
526.0,17.533333333333335,2604.4217016685943,917.4514480801771,1.388807449591191,0.7200422206075865,576.0613518814779,20.623916625976562,4.103057861328125,324.0,3.6697134971618652
527.0,17.566666666666666,2586.2737437656947,913.6049107142857,1.3887983438599747,0.7200469416032259,576.4700940985181,19.2841796875,4.13348388671875,311.0,3.5113377571105957
528.0,17.6,2566.771293675295,909.7433586999568,1.3888438722175473,0.7200233373988353,590.8450929186499,20.642303466796875,4.14794921875,291.0,4.094104290008545
529.0,17.633333333333333,2547.6603230770834,905.8235181114092,1.394141560013093,0.7172872746083321,589.145135771419,20.2496337890625,4.20654296875,272.0,3.529372215270996
530.0,17.666666666666668,2528.1219843148087,902.7532258627052,1.3920037154556613,0.7183888871105908,597.7738984825928,20.6806640625,3.353668212890625,251.0,3.84304141998291
531.0,17.7,2508.5622832478466,898.11036281322,1.394260662321448,0.7172260015820837,595.5005316281774,20.697021484375,4.93206787109375,231.0,4.045422554016113
532.0,17.733333333333334,2489.3365665558845,894.2806711504536,1.395189603433217,0.7167484602374093,592.3462727728036,20.364456176757812,4.115959167480469,212.0,3.1155753135681152
533.0,17.766666666666666,2469.7258400982973,890.9569609329997,1.3975320481361704,0.7155470969940603,593.3466882060133,20.751922607421875,3.60791015625,186.0,3.3344316482543945
534.0,17.8,2450.4349378594607,887.1129870436707,1.3982909056819348,0.7151587669894115,595.9180641155027,20.42962646484375,4.130218505859375,173.0,3.384849786758423
535.0,17.833333333333332,2430.754265112811,883.2420356152794,1.3982544007328008,0.7151774380083605,587.0227624392559,20.820236206054688,4.157112121582031,160.0,3.1819372177124023
536.0,17.866666666666667,2411.8270103349114,880.712636921263,1.3998550759592792,0.7143596627777555,586.2707427179951,20.06854248046875,2.8109283447265625,476.0,5.056796073913574
537.0,17.9,2392.1003170804493,877.4552108834965,1.4015111506946607,0.7135155503431769,588.9709998415743,20.867706298828125,3.5412139892578125,454.0,2.9619827270507812
538.0,17.933333333333334,2373.210782029112,873.6058659004176,1.4000609557650574,0.7142546157596076,577.5618526265713,20.026641845703125,4.1357421875,437.0,3.5310373306274414
539.0,17.966666666666665,2354.132404204338,871.0516869329638,1.4015011382109765,0.7135206477794982,588.0466204555007,20.219390869140625,2.8356399536132812,423.0,3.877338409423828
540.0,18.0,2334.4341533326883,867.8389996647286,1.4033324139096301,0.7125895405024092,600.7876431599609,20.83892822265625,3.496246337890625,410.0,3.4476685523986816
541.0,18.033333333333335,2314.709169062601,863.9797669863372,1.4033005451150877,0.7126057233292016,591.6737661568953,20.86395263671875,4.1451263427734375,389.0,2.780116319656372
542.0,18.066666666666666,2295.5159230737645,861.4146016907582,1.4045981861931376,0.711947380987502,590.985763549587,20.333984375,2.84649658203125,375.0,3.4995038509368896
543.0,18.1,2275.746505209927,858.1320291686168,1.4065600941697203,0.7109543375679878,599.0363408208116,20.909576416015625,3.566314697265625,354.0,2.7343039512634277
544.0,18.133333333333333,2256.0073607835902,855.5889585996003,1.406572837471965,0.710947896446871,590.7061687974552,20.88104248046875,2.82403564453125,335.0,3.0207624435424805
545.0,18.166666666666668,2236.690823779128,853.0851946712089,1.4078870862603343,0.7102842335575543,591.6855472332027,20.45721435546875,2.7847900390625,315.0,3.757723808288574
546.0,18.2,2216.882343415291,850.56934578188,1.4078877575932116,0.7102838948678004,598.8072230480283,20.949981689453125,2.796600341796875,292.0,2.7906391620635986
547.0,18.233333333333334,2197.0882673483293,848.0570369316137,1.407902862590153,0.7102762744300951,600.0891133430499,20.93560791015625,2.793060302734375,273.0,2.8733701705932617
548.0,18.266666666666666,2177.288331906367,844.8431289602535,1.4102151267629341,0.7091116674485269,593.9744748356857,20.93939208984375,3.4971923828125,251.0,2.5600197315216064
549.0,18.3,2157.911248026905,842.2962742115495,1.4109215281065965,0.7087566388911524,593.2484779755258,20.516998291015625,2.8278961181640625,230.0,3.7756872177124023
550.0,18.333333333333332,2138.065414147443,839.7679741503456,1.4109235464460324,0.7087556250080981,600.0571420922257,20.986724853515625,2.8089599609375,217.0,2.5671768188476562
551.0,18.366666666666667,2118.2249513617307,837.266102311798,1.410971986661784,0.7087312926501809,598.6273769837808,20.98114013671875,2.7824554443359375,196.0,2.7729945182800293
552.0,18.4,2098.3948645525816,835.4165131880941,1.4137059251973791,0.7073606909162397,594.1021443622235,20.972137451171875,2.127655029296875,184.0,3.3177437782287598
553.0,18.433333333333334,2078.8642162199944,832.8579396893902,1.4142704902419505,0.7070783183978633,596.1118439492053,20.669830322265625,2.839447021484375,161.0,3.617417812347412
554.0,18.466666666666665,2058.978953629595,830.3453866984987,1.4142657696049,0.7070806785342529,599.0323573921938,21.025421142578125,2.7930908203125,490.0,3.6743550300598145
555.0,18.5,2039.0971090079452,829.1945280435448,1.414271164600664,0.7070779812458112,598.1085857115203,21.024658203125,1.4262847900390625,469.0,3.140235185623169
556.0,18.533333333333335,2019.2103815737958,827.4490038612471,1.4160147664454874,0.7062073247373138,590.6805719294154,21.028076171875,2.02313232421875,462.0,2.6923184394836426
557.0,18.566666666666666,1999.9550017958961,824.8843268469182,1.4175724723562606,0.7054313056304063,590.112477551742,20.393051147460938,2.8455810546875,442.0,3.508680582046509
558.0,18.6,1980.0428837367467,823.7600795200893,1.4175119747212415,0.7054614125546653,600.2607293392163,21.054168701171875,1.3994216918945312,427.0,3.244260311126709
559.0,18.633333333333333,1960.1057412635346,821.2199996737291,1.4175398565194886,0.7054475367312198,600.5554014552088,21.076126098632812,2.820528030395508,413.0,2.6245038509368896
560.0,18.666666666666668,1940.174091954385,820.0936161164315,1.417545264004903,0.705444845672696,599.5651118418565,21.073196411132812,1.401519775390625,390.0,3.3088152408599854
561.0,18.7,1920.238414324923,818.3429039458525,1.4197586238219235,0.7043450789600044,599.6172299525318,21.075576782226562,2.0282440185546875,362.0,2.9788477420806885
562.0,18.733333333333334,1900.3055443126486,817.1853314237111,1.4197730099373582,0.7043379420518221,592.6208333699692,21.07373046875,1.4327545166015625,341.0,3.284013509750366
563.0,18.766666666666666,1880.796746565999,816.0535157375073,1.420756353203337,0.7038504510258425,593.3464097445851,20.6484375,1.4071807861328125,323.0,3.9582624435424805
564.0,18.8,1860.8129732334119,814.9386067895846,1.4207776934901286,0.7038398790900977,580.1936859011126,21.12420654296875,1.38995361328125,307.0,3.8569302558898926
565.0,18.833333333333332,1842.2311774398875,813.0859048729119,1.423185964090416,0.7026488633473266,575.4394900442843,19.71728515625,2.131134033203125,297.0,4.545493125915527
566.0,18.866666666666667,1822.5683269588628,811.9321775656142,1.4240389994244604,0.7022279589282034,575.6603644469832,20.801666259765625,1.4289932250976562,281.0,5.495819091796875
567.0,18.9,1803.921711829401,810.8041460590978,1.423993673857591,0.7022503107692927,559.2004012525925,19.7830810546875,1.403656005859375,271.0,6.366142272949219
568.0,18.933333333333334,1785.2980459186888,811.0798010760188,1.4240058960933322,0.7022442833582607,537.989945938805,19.76214599609375,-0.005096435546875,247.0,4.31774377822876
569.0,18.966666666666665,1768.0663477814142,809.9308955460649,1.4241685211258117,0.7021640944636913,538.2690386725732,18.36419677734375,1.4253387451171875,233.0,6.70039701461792
570.0,19.0,1749.4451232769522,809.572273219236,1.4269453465933426,0.7007976881436824,554.7909291052505,19.757980346679688,0.6314849853515625,218.0,5.562252044677734
571.0,19.033333333333335,1731.11149642874,808.4117710095946,1.4274539609649182,0.7005479877782037,534.3627751928301,19.468093872070312,1.4363517761230469,210.0,4.970096588134766
572.0,19.066666666666666,1713.8318246586532,808.691637452297,1.4274694460502204,0.7005403882843028,518.2901787345328,18.41387939453125,-0.0086669921875,189.0,3.2596371173858643
573.0,19.1,1696.5696089432536,807.5482861215618,1.4274183957646647,0.7005654424569066,518.0704521636359,18.393753051757812,1.4196319580078125,166.0,4.524376392364502
574.0,19.133333333333333,1679.3045856106664,807.8283356697328,1.4274289457797014,0.7005602646328376,518.1771093603398,18.398605346679688,-0.008880615234375,140.0,3.2943592071533203
575.0,19.166666666666668,1662.0289421608923,808.104234827279,1.4274316683843495,0.7005589284227233,507.62841365858276,18.40875244140625,-0.004756927490234375,476.0,4.278203010559082
576.0,19.2,1645.4637479298676,807.5609201176376,1.430800387573398,0.698909511546873,486.55599358839663,17.695526123046875,0.817779541015625,463.0,3.728741407394409
577.0,19.233333333333334,1629.5930117066555,807.8327909548711,1.4308438815713092,0.6988882664835736,485.48765958237607,17.00030517578125,0.0,446.0,0.252480149269104
578.0,19.266666666666666,1613.1024634717246,808.1041735108547,1.4295963334501176,0.6994981566486318,485.4748901149875,17.621246337890625,0.00018310546875,428.0,2.4300594329833984
579.0,19.3,1597.2325817407002,808.376227453557,1.4295997418733828,0.699496488919042,476.1041565059844,16.99886703491211,-0.00018310546875,400.0,0.6007652878761292
580.0,19.333333333333332,1581.3668504003006,808.6482813962593,1.4296005939812306,0.6994960719868931,467.91672869121254,16.99456787109375,-0.000152587890625,383.0,0.5651927590370178
581.0,19.366666666666667,1566.0428671067762,808.9196639522429,1.430608467744411,0.6990032720669297,468.3789992589886,16.451324462890625,0.0007781982421875,369.0,2.317460298538208
582.0,19.4,1550.1588252195015,809.6857974847891,1.4328541624178608,0.6979077328515808,456.2421328614215,17.012969970703125,-0.496002197265625,355.0,2.8229167461395264
583.0,19.433333333333334,1535.6903717111331,810.8863182243664,1.430396811161535,0.6991067039557807,441.7972359252648,15.594757080078125,-0.93121337890625,344.0,3.749185085296631
584.0,19.466666666666665,1520.7424870504212,811.1578838858187,1.429713806969766,0.6994406818518938,434.7311456454844,16.07366943359375,0.00079345703125,329.0,2.302225112915039
585.0,19.5,1506.7744607881468,812.8435730824273,1.430567857592554,0.699023114976776,443.1199921977183,15.093475341796875,-1.4178466796875,314.0,3.6217050552368164
586.0,19.533333333333335,1491.3061903852472,813.6468159899733,1.4340836479301318,0.6973093943601816,434.94289375230375,16.595184326171875,-0.5330352783203125,308.0,3.7456421852111816
587.0,19.566666666666666,1477.7983081659413,813.9214334092381,1.4333981994759453,0.6976428464648574,415.45934245974667,14.630035400390625,-0.001556396484375,307.0,2.953514814376831
588.0,19.6,1463.678975751323,815.6157895980343,1.4342402684255275,0.6972332474654156,416.18911435780944,15.244155883789062,-1.4264984130859375,302.0,4.12953519821167
589.0,19.633333333333333,1450.26057107108,817.3141130719866,1.4335189258985568,0.6975840931944314,417.0508552806389,14.5416259765625,-1.430145263671875,298.0,4.297335624694824
590.0,19.666666666666668,1436.0834383634929,819.0091406475015,1.434348078223765,0.6971808413745407,411.5824953401825,15.301422119140625,-1.427215576171875,285.0,4.0916948318481445
591.0,19.7,1423.0308173746557,820.6949519144225,1.4343250803894971,0.6971920199069835,379.17238532631063,14.17449951171875,-1.4173583984375,273.0,3.628117799758911
592.0,19.733333333333334,1411.0322124990998,822.3886977516561,1.4335708661110855,0.6975588187786953,375.565047649345,13.118316650390625,-1.4247283935546875,258.0,3.494224786758423
593.0,19.766666666666666,1398.2236711001067,824.0847018896709,1.4343183606856764,0.6971952862138289,391.42769176257065,13.92950439453125,-1.4274215698242188,244.0,3.368976593017578
594.0,19.8,1385.1556692518946,825.7595878636232,1.43424287121755,0.6972319821614907,375.5050076438969,14.189178466796875,-1.40631103515625,229.0,3.688988208770752
595.0,19.833333333333332,1373.418783126339,827.4613903414818,1.434464112962945,0.6971244459608394,358.5233701543716,12.855361938476562,-1.43267822265625,222.0,3.5763180255889893
596.0,19.866666666666667,1361.7447021765643,830.577377389653,1.4344818971135154,0.6971158032821565,357.76562121477,12.7935791015625,-2.851541519165039,198.0,3.239725112915039
597.0,19.9,1350.0567662463209,832.2664235198553,1.4344275179789459,0.6971422309361174,357.74137736571873,12.805923461914062,-1.4197845458984375,190.0,3.9708049297332764
598.0,19.933333333333334,1338.3855539488902,835.3883309781826,1.434476765139521,0.6971182972787554,341.3926732035221,12.7901611328125,-2.857421875,173.0,3.1357710361480713
599.0,19.966666666666665,1327.9358382334908,837.6199186122913,1.4370992664734943,0.6958461557453198,326.63850638052014,11.565475463867188,-1.963409423828125,158.0,3.624255895614624
600.0,20.0,1317.1351703696537,840.1434373987436,1.4376699186790358,0.6955699545545357,327.3986959673958,11.917083740234375,-2.256500244140625,483.0,5.2021684646606445
601.0,20.033333333333335,1306.857817935504,843.2870733726959,1.437640954849011,0.6955839680464762,322.07222237023694,11.393142700195312,-2.8783950805664062,472.0,3.428004503250122
602.0,20.066666666666666,1296.5945646224484,846.3970789755545,1.4376567218234417,0.6955763394836405,321.47045017765157,11.378744125366211,-2.8445587158203125,462.0,3.714108467102051
603.0,20.1,1286.3492556453302,849.5081832112255,1.4376925406690548,0.6955590098107018,312.52897619987664,11.360610961914062,-2.8455963134765625,448.0,3.566680908203125
604.0,20.133333333333333,1276.7113685432118,852.6233768023653,1.4360059280281108,0.696375955336881,303.9890976947459,10.751861572265625,-2.849334716796875,431.0,2.771683692932129
605.0,20.166666666666668,1267.2736157184372,856.3513023270989,1.439365780860596,0.6947504333485687,297.1594182902138,10.551666259765625,-3.46392822265625,415.0,3.331845283508301
606.0,20.2,1258.4134996124126,860.216068672145,1.437598533200439,0.6956044938177283,285.7119246381038,9.972946166992188,-3.600860595703125,403.0,1.9188634157180786
607.0,20.233333333333334,1249.5680319438882,863.3739868726599,1.4375979333875897,0.6956047840466607,288.71636787155205,9.95758056640625,-2.8916473388671875,393.0,2.03125
608.0,20.266666666666666,1240.7343440605198,867.8268269481747,1.4376464325205982,0.6955813177560765,278.8340869366965,9.946487426757812,-4.190582275390625,376.0,2.6636905670166016
609.0,20.3,1233.3227753177766,872.4094888010333,1.437782508883616,0.6955154857019803,279.251200030634,8.521881103515625,-4.32012939453125,369.0,4.489229202270508
610.0,20.333333333333332,1224.470715852377,876.8864987984231,1.4378101038056734,0.6955021371411607,278.95551620963926,9.964523315429688,-4.214750289916992,354.0,2.504251718521118
611.0,20.366666666666667,1217.072941054946,881.4534135809691,1.437762625916761,0.6955251040569855,242.8918654161434,8.507640838623047,-4.304095268249512,344.0,4.259035110473633
612.0,20.4,1211.0681716286092,885.9737585392966,1.4376858411085531,0.6955622510888277,242.7881366801186,7.1123504638671875,-4.256614685058594,338.0,3.500850200653076
613.0,20.433333333333334,1203.6440296436786,890.4892817202801,1.4379634856310526,0.6954279507042895,248.50693033197516,8.533645629882812,-4.25238037109375,332.0,4.1864013671875
614.0,20.466666666666665,1197.6676415649977,895.7151930848574,1.43987531733844,0.6945045782495012,238.63792888090597,7.084007263183594,-4.9642181396484375,322.0,2.6130242347717285
615.0,20.5,1191.6736143261605,900.9683871642785,1.4381580797929125,0.6953338538027718,245.9602395352368,7.101509094238281,-4.9915008544921875,316.0,2.6853387355804443
616.0,20.533333333333335,1185.6703707787299,906.8927848569808,1.4379871523153676,0.6954165052099771,239.08560477885632,7.1109619140625,-5.664615631103516,314.0,3.2246670722961426
617.0,20.566666666666666,1181.053083041846,912.8535595028081,1.4380406358005324,0.6953906413383911,225.62084794096077,5.72283935546875,-5.7003173828125,307.0,3.960388422012329
618.0,20.6,1176.4818768479308,918.8013946955105,1.4379919503046115,0.6954141848903735,212.90587411815358,5.676506042480469,-5.6870880126953125,300.0,3.9034862518310547
619.0,20.633333333333333,1173.3122819821406,924.7506947319629,1.4381208596476907,0.6953518498055713,206.61853911281077,4.272674560546875,-5.687896728515625,292.0,3.6643636226654053
620.0,20.666666666666668,1169.5291312081472,930.6924874441964,1.4369182265254339,0.6959338266715901,202.30263744490182,4.887115478515625,-5.680484771728516,282.0,3.3960814476013184
621.0,20.7,1166.9638759419665,936.6499661915863,1.4386404164107507,0.6951007274596732,217.36612919154553,3.6672821044921875,-5.6955718994140625,278.0,3.681015968322754
622.0,20.733333333333334,1163.8015747773482,944.0036241381948,1.4387349125261304,0.6950550732408378,225.3530473961908,4.26593017578125,-7.095863342285156,272.0,3.147463321685791
623.0,20.766666666666666,1161.5114049603862,950.649152201991,1.4353113043474683,0.6967129687971261,208.83875426516784,3.39202880859375,-6.38519287109375,269.0,3.5977182388305664
624.0,20.8,1159.7821177117835,957.3333765548496,1.4372208075876385,0.6957873102870605,201.85126039577102,2.8303375244140625,-6.4235687255859375,260.0,3.479060173034668
625.0,20.833333333333332,1159.4197127873995,963.9423445600519,1.4353431156701288,0.6966975276382769,211.4642583678102,1.4615020751953125,-6.34735107421875,258.0,3.605938196182251
626.0,20.866666666666667,1157.6765705583284,971.2728701824417,1.4353489332820535,0.6966947038539337,243.62947851921493,2.8443756103515625,-7.0714263916015625,252.0,2.9072775840759277
627.0,20.9,1157.3718438566007,980.054689750144,1.4353800747426937,0.6966795886303911,241.79659326501903,1.4048309326171875,-8.52587890625,247.0,4.9582624435424805
628.0,20.933333333333334,1157.9764189126854,987.3898540444088,1.4335252354165253,0.6975810228478049,230.08195358742856,0.493438720703125,-7.07470703125,245.0,2.6224489212036133
629.0,20.966666666666665,1158.1673281972858,995.3728454871111,1.4335696666929907,0.6975594024020022,251.20832173481634,0.90802001953125,-7.724212646484375,244.0,3.262896776199341
630.0,21.0,1158.73659441548,1004.1198139805947,1.4317469025269995,0.6984474687774939,266.5640152658754,0.529571533203125,-8.489913940429688,235.0,3.772888422012329
631.0,21.033333333333335,1161.2556287000807,1012.8733742709534,1.4317424649111918,0.6984496335812935,268.04855608389914,-1.4227294921875,-8.49554443359375,235.0,4.1709184646606445
632.0,21.066666666666666,1162.3502550256967,1021.6205258699057,1.431770114585526,0.6984361454488688,267.9826749416224,0.0035400390625,-8.489402770996094,233.0,2.8176021575927734
633.0,21.1,1164.868556888422,1030.3697526641704,1.4319017090954071,0.6983719578292439,283.2668779016264,-1.421966552734375,-8.490692138671875,233.0,4.355087757110596
634.0,21.133333333333333,1168.1928279894287,1039.5784521146854,1.4288134773266854,0.6998814162020667,303.4025570844673,-2.2286376953125,-8.950759887695312,229.0,4.41843843460083
635.0,21.166666666666668,1170.720346160748,1049.7316095730127,1.4287693624162465,0.6999030258521654,299.1046481511086,-1.4303131103515625,-9.89776611328125,228.0,5.542304515838623
636.0,21.2,1174.6268926523799,1058.4522108789963,1.428855204996882,0.6998609771675096,306.7886071930138,-2.8117218017578125,-8.460708618164062,223.0,6.09899377822876
637.0,21.233333333333334,1178.5683512533865,1068.6185519310736,1.4288385975475306,0.6998691116802188,319.1804042101649,-2.8458251953125,-9.909793853759766,223.0,4.987669944763184
638.0,21.266666666666666,1183.3549331454087,1077.8585013815884,1.4254485029565105,0.7015335860439073,319.0273056110529,-3.6923828125,-8.980560302734375,220.0,4.436720371246338
639.0,21.3,1187.310704490556,1088.0072032735095,1.4253624350812746,0.7015759468524086,334.0098871949809,-2.8600006103515625,-9.891523361206055,220.0,2.5154833793640137
640.0,21.333333333333332,1192.5685998591412,1098.1302093646493,1.4253953988712629,0.7015597221598137,348.53069381734895,-4.1635894775390625,-9.865062713623047,220.0,2.826601505279541
641.0,21.366666666666667,1198.705157337101,1108.2568775651641,1.4236421604644194,0.7024237043343678,353.0276199089065,-5.043060302734375,-9.8680419921875,215.0,2.8854167461395264
642.0,21.4,1203.983407930295,1118.711914906304,1.4220756396588021,0.7031974756560273,352.8630740607258,-4.1834716796875,-10.197296142578125,210.0,3.162734031677246
643.0,21.433333333333334,1210.0841988066923,1128.8458462904125,1.420340385579991,0.704056584007962,358.9673382989912,-5.00701904296875,-9.874794006347656,202.0,2.7337727546691895
644.0,21.466666666666665,1216.7645490092616,1138.944133143271,1.4203099083816997,0.7040716917474719,366.9714660332007,-5.587120056152344,-9.838569641113281,192.0,3.7162344455718994
645.0,21.5,1223.466871868081,1149.3258062265986,1.419170678223544,0.7046368807814972,367.21191811430106,-5.6087646484375,-10.122329711914062,191.0,3.6304564476013184
646.0,21.533333333333335,1230.1705375003376,1159.4279993294572,1.4192034988192346,0.7046205853015383,372.6084771247482,-5.6101226806640625,-9.841903686523438,188.0,3.724808692932129
647.0,21.566666666666666,1237.5993618240004,1169.754374561222,1.4157953225778708,0.7063167846742188,389.275973512014,-6.3357086181640625,-10.066123962402344,182.0,3.033553123474121
648.0,21.6,1244.2931397609445,1181.2005618047056,1.4158270524573269,0.7063009555188169,392.0305030966756,-5.5989990234375,-11.188251495361328,174.0,4.135806083679199
649.0,21.633333333333333,1252.3832800025764,1191.3064780520954,1.4158289090344345,0.7063000293460451,396.3374663334409,-6.997566223144531,-9.84439468383789,170.0,2.007936477661133
650.0,21.666666666666668,1261.1145945606145,1201.5767009401102,1.4127854688250805,0.7078215497443029,411.27828434606215,-7.63909912109375,-10.008552551269531,159.0,3.1260628700256348
651.0,21.7,1269.1953964233398,1212.9658813476562,1.4128066893862359,0.7078109181620799,424.4830375363317,-6.986978530883789,-11.12969970703125,490.0,2.580038070678711
652.0,21.733333333333334,1277.8480977001277,1224.3980915403586,1.410937736178252,0.7087484970872338,417.08649264101143,-7.559165954589844,-11.172332763671875,470.0,4.161990165710449
653.0,21.766666666666666,1285.9279840355096,1235.1735634518109,1.4095586899170696,0.7094419034505292,425.6374209519627,-6.98602294921875,-10.514144897460938,462.0,2.07015323638916
654.0,21.8,1294.5490691013601,1247.3385617304507,1.4062992796921947,0.7110861922782724,444.8723127502425,-7.526580810546875,-11.905853271484375,451.0,3.0740504264831543
655.0,21.833333333333332,1303.9958377609605,1258.692891063778,1.4063183911011299,0.7110765288485009,457.14308430814424,-8.353363037109375,-11.093063354492188,440.0,3.5511622428894043
656.0,21.866666666666667,1313.9941811275921,1270.8052770377303,1.403173683376049,0.712670150422142,456.56572775986814,-8.904747009277344,-11.85198974609375,420.0,3.6934523582458496
657.0,21.9,1323.4089063301612,1282.1361688710576,1.4031004185300437,0.7127073634883871,447.0819442226751,-8.320808410644531,-11.068870544433594,402.0,3.326247215270996
658.0,21.933333333333334,1332.491478212418,1294.1765333606352,1.3980117046953826,0.7153015934282848,454.1843455365893,-7.987510681152344,-11.779388427734375,382.0,3.240540027618408
659.0,21.966666666666665,1342.6905051728,1305.482156639275,1.4000692394503944,0.7142503897825482,461.5313108476739,-9.105415344238281,-11.042648315429688,362.0,3.113555908203125
660.0,22.0,1352.6194515667753,1317.4484244491648,1.3969281577492998,0.7158564271559807,453.37107397930424,-8.83428955078125,-11.704307556152344,350.0,4.034792900085449
661.0,22.033333333333335,1361.9970673943444,1328.7370799543671,1.3969299895442455,0.7158554884531145,451.9311143818908,-8.28271484375,-11.025192260742188,339.0,3.2307255268096924
662.0,22.066666666666666,1371.8721807805073,1340.623269639257,1.393686709076692,0.7175213722619865,443.11775905519977,-8.779945373535156,-11.623336791992188,322.0,3.781285285949707
663.0,22.1,1380.3436686783893,1351.8905628397717,1.3915768090358367,0.7186092736719698,420.66461652820533,-7.37530517578125,-11.003341674804688,309.0,2.2756519317626953
664.0,22.133333333333333,1389.6468216153335,1362.3153267434116,1.3904767998542518,0.7191777670111568,431.6310758288517,-8.208194732666016,-10.159095764160156,298.0,3.613130569458008
665.0,22.166666666666668,1398.6253285561838,1374.1122830298639,1.3853147719586747,0.7218576025043866,430.7214592951003,-7.881805419921875,-11.53302001953125,281.0,3.6310231685638428
666.0,22.2,1407.8925317860967,1384.4880967381912,1.3842656223564698,0.7224047060402145,398.46989379857723,-8.171829223632812,-10.1094970703125,268.0,3.233276844024658
667.0,22.233333333333334,1415.875616363666,1394.313983688706,1.3842808039500376,0.7223967833307415,391.25711880117876,-6.886802673339844,-9.558601379394531,260.0,3.473639488220215
668.0,22.266666666666666,1424.4261447888916,1404.6624536470333,1.381139829807202,0.7240396507423824,407.03260412746084,-7.454132080078125,-10.081619262695312,245.0,3.3694727420806885
669.0,22.3,1432.3700447961482,1415.8608991912984,1.3811625507755096,0.7240277398474998,389.41153149136255,-6.84600830078125,-10.932632446289062,233.0,2.597505569458008
670.0,22.333333333333332,1440.8628949987174,1424.7570986418132,1.37793109845317,0.7257256920339299,370.58798082550953,-7.3974151611328125,-8.626823425292969,228.0,3.513392925262451
671.0,22.366666666666667,1447.9658526231615,1435.0220725063905,1.3749799639962006,0.7272833249828818,373.46732330404933,-6.00482177734375,-9.997482299804688,223.0,3.430697202682495
672.0,22.4,1455.6387565366683,1444.7964457850303,1.3704513659337725,0.7296866016975646,369.02460673118725,-6.57562255859375,-9.50579833984375,217.0,4.345521450042725
673.0,22.433333333333334,1462.9054714853314,1454.5681335167951,1.372640204344243,0.7285230294399938,357.6786930589685,-6.168876647949219,-9.502975463867188,206.0,4.0150227546691895
674.0,22.466666666666665,1470.0029969808693,1463.8296894126224,1.3687685202847435,0.730583721922514,344.0531706103586,-5.9998626708984375,-8.992080688476562,199.0,3.582341194152832
675.0,22.5,1477.0686010896884,1472.6099220662622,1.3656699234495824,0.7322413584931805,344.204182658168,-5.968315124511719,-8.509803771972656,196.0,3.921060085296631
676.0,22.533333333333335,1483.58110461257,1482.3282650714646,1.3655961748043575,0.7322809029860275,331.5229146449756,-5.41363525390625,-9.449020385742188,190.0,4.558071136474609
677.0,22.566666666666666,1489.2433273737333,1491.0558854204169,1.3624147356377876,0.7339908867998772,324.3809247849101,-4.563652038574219,-8.4569091796875,186.0,3.6777565479278564
678.0,22.6,1494.8917561895837,1500.7599461990567,1.3601179793721447,0.7352303367547706,319.62579660492145,-4.548736572265625,-9.43438720703125,181.0,3.963435411453247
679.0,22.633333333333333,1500.0110102007466,1509.4434991651965,1.3593789511865413,0.735630045711054,299.74642987942747,-4.0200347900390625,-8.412521362304688,178.0,2.7455711364746094
680.0,22.666666666666668,1504.8117827665972,1518.1069105297738,1.354142529155715,0.7384747014950362,298.6453315462987,-3.7012786865234375,-8.392135620117188,169.0,3.4094388484954834
681.0,22.7,1509.9180362894788,1526.7133150584136,1.3534010978435815,0.7388792587750467,289.78378412754813,-4.0069580078125,-8.3348388671875,167.0,2.5797903537750244
682.0,22.733333333333334,1514.1697365897044,1535.008074079241,1.3513813882989998,0.7399835521330601,285.6968135056991,-3.1519622802734375,-8.022903442382812,165.0,2.9825680255889893
683.0,22.766666666666666,1517.910511596961,1544.001685639131,1.3498006218747391,0.7408501550481575,293.18364574130254,-2.63995361328125,-8.722259521484375,493.0,5.891298294067383
684.0,22.8,1521.8764452956239,1552.9701507146458,1.3455444239156489,0.7431935967523947,279.71073800090034,-2.8651580810546875,-8.696868896484375,488.0,3.926020383834839
685.0,22.833333333333332,1525.0205406153805,1561.2403736026606,1.341057996902142,0.7456799052017218,261.3904355832024,-2.04345703125,-7.997802734375,485.0,3.7276077270507812
686.0,22.866666666666667,1527.468774118731,1569.4744636781754,1.341018110192663,0.7457020844083386,255.2600859772083,-1.34710693359375,-7.961517333984375,481.0,3.524376392364502
687.0,22.9,1529.3153230517692,1577.7068447693152,1.3395144499495724,0.746539165768347,244.4898223052877,-0.745086669921875,-7.959625244140625,469.0,2.624574899673462
688.0,22.933333333333334,1531.762702062932,1585.198014922955,1.3380598216153106,0.7473507416079472,234.71966101961868,-1.346954345703125,-7.21746826171875,459.0,4.353457927703857
689.0,22.966666666666665,1533.6007671092511,1592.7565678890949,1.3351170371093495,0.7489980070699206,239.118028311071,-0.7372894287109375,-7.2848358154296875,454.0,3.4930200576782227
690.0,23.0,1534.1096085227578,1600.9655114802347,1.3336726750516914,0.749809168851151,225.27806091844963,0.59356689453125,-7.935791015625,447.0,3.6773667335510254
691.0,23.033333333333335,1534.6515920261086,1607.738297844812,1.3294455507082634,0.7521932729529608,213.3981334574301,0.558837890625,-6.498260498046875,445.0,4.425736904144287
692.0,23.066666666666666,1535.2026697677402,1615.1500002250143,1.326558162420677,0.7538304978465624,213.47810382868175,0.550445556640625,-7.13751220703125,441.0,3.77742338180542
693.0,23.1,1534.400292919528,1621.9679526052169,1.325028493004119,0.7547007519308427,195.14277344424923,1.903961181640625,-6.543304443359375,433.0,4.162273406982422
694.0,23.133333333333333,1534.1848911689724,1628.1196452197942,1.3236737069198847,0.7554731915971531,192.67493461664316,1.31591796875,-5.8762664794921875,428.0,3.88407039642334
695.0,23.166666666666668,1533.3809274066978,1634.772436467184,1.319421547656128,0.7579078890870314,184.5529987178997,1.90533447265625,-6.377655029296875,425.0,3.884495496749878
696.0,23.2,1532.1116926483296,1640.2472491989488,1.316176631903846,0.7597764431917491,178.05058249897527,2.3695068359375,-5.19866943359375,420.0,4.054032325744629
697.0,23.233333333333334,1530.6286517376175,1646.3189857588386,1.314884399540579,0.7605231306641103,188.83736725320523,2.5841026306152344,-5.7960662841796875,417.0,4.224843978881836
698.0,23.266666666666666,1528.597698229249,1652.3360348187284,1.3120596720334503,0.7621604575729277,197.51237119761717,3.132110595703125,-5.74114990234375,409.0,3.442389488220215
699.0,23.3,1525.2649869083807,1658.3445389567432,1.309273780637831,0.7637821934483681,194.52926331328058,4.434478759765625,-5.7326202392578125,403.0,3.395975112915039
700.0,23.333333333333332,1522.4619997086063,1663.7613682900705,1.3092887640871638,0.7637734527548627,181.7953899772913,3.9037628173828125,-5.140510559082031,396.0,2.5740151405334473
701.0,23.366666666666667,1518.6548010830506,1668.5029046546479,1.3048958318021393,0.7663446963570572,191.91473379049617,4.90765380859375,-4.464630126953125,393.0,3.4272959232330322
702.0,23.4,1515.4093700356198,1674.4363355504752,1.3021218846918903,0.7679772621566999,197.51957984082807,4.346771240234375,-5.657073974609375,379.0,3.3847789764404297
703.0,23.433333333333334,1510.8717026600639,1679.12452718849,1.2992615531602205,0.7696679683684009,194.5024175387434,5.638214111328125,-4.4111785888671875,371.0,4.151289463043213
704.0,23.466666666666665,1506.3806661438832,1683.7433828890048,1.2965269978738345,0.7712913048782578,202.434897031836,5.5913848876953125,-4.341705322265625,362.0,4.416347503662109
705.0,23.5,1501.0671808972338,1688.3983714020196,1.295569897073042,0.7718610954601561,212.4062780200708,6.414096832275391,-4.377815246582031,356.0,4.462974548339844
706.0,23.533333333333335,1495.2873870568342,1692.5443267119094,1.2939110144235653,0.7728506743143368,210.11936910637436,6.8799896240234375,-3.8685073852539062,346.0,3.271718978881836
707.0,23.566666666666666,1489.5229740758095,1696.332738076487,1.2900087394866626,0.7751885467054536,208.98375858844253,6.864105224609375,-3.510650634765625,339.0,3.7920918464660645
708.0,23.6,1483.8056802354101,1700.4359687770018,1.2885392080084324,0.7760726206737637,214.3919334582661,6.817138671875,-3.8254776000976562,324.0,3.90897798538208
709.0,23.633333333333333,1477.293830730948,1703.7308498681416,1.28759668255244,0.7766407086555016,230.8270673764649,7.611114501953125,-3.0168380737304688,310.0,4.015625
710.0,23.666666666666668,1470.3253161874236,1707.857884279594,1.28611616113559,0.777534743920051,236.7523973614673,8.068603515625,-3.8493270874023438,298.0,3.004180908203125
711.0,23.7,1463.3512474446802,1711.1283513082337,1.2836150243564384,0.7790497781851428,225.20081542340452,8.07318115234375,-2.9922866821289062,288.0,3.4476685523986816
712.0,23.733333333333334,1456.4518857331868,1713.5963281024985,1.2797730274444905,0.7813885576232575,239.04750644101478,7.997528076171875,-2.1893310546875,285.0,3.588364601135254
713.0,23.766666666666666,1448.3110079084122,1716.3974347795759,1.2780676261684638,0.7824312106221746,255.15735349777898,9.23968505859375,-2.5226898193359375,277.0,3.820436477661133
714.0,23.8,1440.5620978570755,1719.6685121597782,1.2770987846115802,0.7830247840257262,249.64484956547284,8.8477783203125,-2.9928741455078125,275.0,2.942531108856201
715.0,23.833333333333332,1432.5097210088634,1721.6231832899805,1.274404405008903,0.7846802757975511,251.72767133809995,9.150177001953125,-1.67584228515625,265.0,3.2997448444366455
716.0,23.866666666666667,1424.4645463090887,1724.4118387951828,1.273020482083022,0.7855333155077888,264.4965317178362,9.143402099609375,-2.510122299194336,258.0,3.7917728424072266
717.0,23.9,1415.5274648710329,1726.3696837535101,1.2715970120481916,0.78641266889207,280.07430854647333,10.0347900390625,-1.67889404296875,255.0,2.5996315479278564
718.0,23.933333333333334,1406.2173975931335,1728.3704974618377,1.2689351587905873,0.7880623316900547,278.3734337002884,10.40771484375,-1.722076416015625,249.0,3.732497215270996
719.0,23.966666666666665,1397.3019226003903,1729.867893201415,1.2690012632818677,0.7880212801473644,276.90436076962686,10.012481689453125,-1.2182540893554688,243.0,2.622661590576172
720.0,24.0,1388.092746435772,1731.8746883550548,1.2664058082702463,0.7896363025734037,278.77738399237614,10.306488037109375,-1.7279052734375,235.0,4.221017360687256
721.0,24.033333333333335,1378.9184213453723,1732.5982803836946,1.2636402376294793,0.7913644803492059,280.2283070229278,10.270523071289062,-0.4442291259765625,232.0,3.8366284370422363
722.0,24.066666666666666,1369.5075850245041,1733.7732884279594,1.2584991251028175,0.7945972945498087,280.52519268197807,10.507293701171875,-0.895782470703125,227.0,3.6727607250213623
723.0,24.1,1360.4093707739482,1735.2755669800367,1.256962196176455,0.7955688747377554,293.3435264344961,10.1947021484375,-1.223114013671875,213.0,3.3282313346862793
724.0,24.133333333333333,1350.081786406205,1736.0282117430515,1.2542885730358366,0.7972646976920428,305.7656762455208,11.423675537109375,-0.4733123779296875,204.0,3.9350552558898926
725.0,24.166666666666668,1340.0778104368992,1736.7420381466914,1.2530440943579229,0.7980565125383029,306.7259760298656,11.09979248046875,-0.4345855712890625,195.0,3.1777918338775635
726.0,24.2,1329.754681635562,1738.2521291987687,1.2517180222673374,0.7989019748941696,325.4054526628102,11.419418334960938,-1.230987548828125,188.0,3.947385311126709
727.0,24.233333333333334,1318.5003394553187,1738.984632360221,1.250423271424383,0.799729197986598,323.21781579638673,12.350051879882812,-0.4531707763671875,176.0,4.371315002441406
728.0,24.266666666666666,1308.2306164157008,1739.2643767326108,1.2490363233957031,0.8006172288739702,333.18848056300754,11.364898681640625,-0.000244140625,157.0,3.0798611640930176
729.0,24.3,1296.3162400557699,1740.1088183706256,1.2464565386043345,0.8022742623017619,346.9684379809115,13.009994506835938,-0.56524658203125,492.0,4.974241733551025
730.0,24.333333333333332,1285.1246420161515,1740.344983641453,1.243612095578924,0.8041092584697657,338.0161608645007,12.286567687988281,0.0433349609375,484.0,3.7932257652282715
731.0,24.366666666666667,1273.7877497870802,1740.6253383654055,1.2413793006060854,0.8055555618752178,356.13521290839134,12.431747436523438,-0.000946044921875,471.0,2.7666525840759277
732.0,24.4,1261.4106048724618,1741.5040817612328,1.239843893190047,0.8065531519674283,363.2834230324614,13.47222900390625,-0.59954833984375,453.0,4.510416507720947
733.0,24.433333333333334,1249.5747502410468,1741.15968062581,1.2373637939259345,0.8081697597011291,354.2495868377159,12.930130004882812,0.62396240234375,446.0,3.294182300567627
734.0,24.466666666666665,1237.7940713908815,1741.4334435528874,1.2364902677833816,0.808740696190573,370.3576078173484,12.8751220703125,0.00562286376953125,431.0,2.7447562217712402
735.0,24.5,1224.8843642204038,1741.0823285502772,1.2339648442854743,0.8103958590319879,378.18735317110065,14.003692626953125,0.630645751953125,423.0,3.4536564350128174
736.0,24.533333333333335,1212.5816821964106,1741.362072922667,1.233934762320665,0.8104156155867567,377.77019436444755,13.39678955078125,-0.0004119873046875,409.0,3.476686477661133
737.0,24.566666666666666,1199.6997460220266,1741.0267049903694,1.2315416495839397,0.8119904027101617,386.01044344399367,13.975662231445312,0.6148681640625,398.0,3.222115993499756
738.0,24.6,1186.847900179674,1741.2491983861967,1.2274451765280596,0.814700337842046,384.7796976485658,13.94561767578125,0.056884765625,393.0,3.3004534244537354
739.0,24.633333333333333,1174.0480868080244,1740.898449594524,1.2249384463242297,0.8163675513661766,383.6417406306985,13.8931884765625,0.630218505859375,383.0,3.3280186653137207
740.0,24.666666666666668,1161.3024421375467,1739.9972857637888,1.2241849622678722,0.8168700244017401,399.987748676644,13.83868408203125,1.18072509765625,377.0,3.2565901279449463
741.0,24.7,1147.412449322538,1739.6294471283663,1.2217657377419442,0.8184875128747598,408.9915418229948,14.9830322265625,0.64727783203125,377.0,3.245393991470337
742.0,24.733333333333334,1134.0454972790135,1739.2906612273187,1.2199860913990148,0.8196814759201504,408.2191676087932,14.4598388671875,0.6181640625,375.0,4.170068264007568
743.0,24.766666666666666,1120.2260611046295,1738.390351888771,1.2192427071681404,0.8201812437514087,413.6110389332031,14.911956787109375,1.17987060546875,375.0,3.125425100326538
744.0,24.8,1106.5003749302455,1738.0275181361608,1.2167830327700273,0.8218392047458806,412.0819166616442,14.818206787109375,0.642242431640625,375.0,3.7872731685638428
745.0,24.833333333333332,1092.7849121445336,1737.0860711023006,1.212623888810728,0.8246580075053137,410.8114838191485,14.807693481445312,1.2209014892578125,372.0,3.274411678314209
746.0,24.866666666666667,1079.1745213803058,1736.1919873496904,1.21192358711236,0.8251345304555806,427.2665973303164,14.702484130859375,1.1735382080078125,369.0,3.3072562217712402
747.0,24.9,1064.3529489754533,1735.3578401205177,1.2078477275371344,0.8279189315022789,439.2722441597217,15.91339111328125,1.11358642578125,361.0,3.083758592605591
748.0,24.933333333333334,1049.9400832356396,1734.4749868366575,1.2078385843836221,0.8279251987220749,437.930790915337,15.504547119140625,1.162261962890625,347.0,4.133857727050781
749.0,24.966666666666665,1035.2128559235603,1733.5618601152973,1.2071900733333902,0.8283699659977485,441.4811926940388,15.818695068359375,1.19244384765625,339.0,3.3373725414276123
750.0,25.0,1020.5610528058171,1732.7086699173747,1.2029485209540887,0.8312907681260333,440.46210488955495,15.74310302734375,1.132568359375,319.0,3.5379817485809326
751.0,25.033333333333335,1005.9455808648315,1731.178721906952,1.2006578072059053,0.8328767730475485,440.33279484953334,15.706573486328125,1.80938720703125,303.0,3.804067373275757
752.0,25.066666666666666,991.3538058232602,1729.7619330762168,1.1983272285121895,0.8344966017684274,452.27322826945084,15.6827392578125,1.6962432861328125,276.0,3.9278273582458496
753.0,25.1,975.8817817582512,1728.8800563548566,1.198330656953891,0.8344942142613295,469.66793805177133,16.562698364257812,1.161163330078125,258.0,4.0687360763549805
754.0,25.133333333333333,960.1312847928517,1727.4071151803714,1.1960095238553465,0.8361137432890098,455.46440754222107,16.840896606445312,1.75225830078125,238.0,3.396683692932129
755.0,25.166666666666668,945.6579332131944,1725.9629825996365,1.1936872549968476,0.8377403677671342,453.85153894681235,15.563888549804688,1.72357177734375,214.0,4.238449573516846
756.0,25.2,930.0122412404706,1724.5234886907763,1.1913397548340454,0.8393911106737983,473.41815736819524,16.735809326171875,1.718719482421875,202.0,4.1114301681518555
757.0,25.233333333333334,914.2244441652078,1723.126475250666,1.1887963407575595,0.8411869768733902,485.9131351084447,16.877685546875,1.67633056640625,190.0,3.23891019821167
758.0,25.266666666666666,897.7433487501013,1721.6768495058684,1.186788443743654,0.8426101596048232,482.06253654852486,17.570648193359375,1.7287750244140625,166.0,4.295386791229248
759.0,25.3,882.2815862207369,1719.5947774720082,1.1866045246742605,0.8427407608904188,481.7195053558374,16.551513671875,2.361480712890625,147.0,4.5604448318481445
760.0,25.333333333333332,865.8351778478666,1718.0411478209605,1.1856397357413957,0.8434265231290408,496.93709733473537,17.53564453125,1.8328704833984375,487.0,5.784792900085449
761.0,25.366666666666667,849.3682101640833,1715.8199156308503,1.1810481175283187,0.8467055534475482,487.3499363532325,17.556167602539062,2.5004425048828125,474.0,3.5931477546691895
762.0,25.4,833.5661768025379,1714.2581072688652,1.1787726387271287,0.8483400166802545,485.42382372724524,16.89111328125,1.8410568237304688,460.0,3.583794116973877
763.0,25.433333333333334,817.2108784952471,1712.189707110005,1.1788187294999366,0.8483068473336924,492.2573687220639,17.44418716430664,2.34759521484375,434.0,4.466588973999023
764.0,25.466666666666665,800.9523153524794,1710.6109309745823,1.1754724507137284,0.8507217667184082,491.69136166010065,17.34716796875,1.857940673828125,421.0,3.4422476291656494
765.0,25.5,784.6474742098338,1708.4326675344723,1.1728973325026062,0.8525895423995075,490.3654162133951,17.393463134765625,2.4573974609375,392.0,4.303748607635498
766.0,25.533333333333335,768.5350196943855,1706.3892917896746,1.1710870796258581,0.8539074654631853,488.09194612032064,17.200942993164062,2.3225555419921875,372.0,3.828444004058838
767.0,25.566666666666666,752.3090664911929,1704.821013701127,1.1697528798134478,0.8548814174832209,480.33333424199003,17.314056396484375,1.847381591796875,339.0,3.8613946437835693
768.0,25.6,736.795797919348,1702.1414074875793,1.1674532855612185,0.8565653224568036,475.86432560761466,16.601959228515625,2.9589309692382812,328.0,3.8619613647460938
769.0,25.633333333333333,720.8676962786556,1700.5936372115316,1.1645764065137676,0.858681314859849,484.5144664103406,17.0159912109375,1.82684326171875,319.0,3.526360511779785
770.0,25.666666666666668,704.7717708464592,1697.9207448651714,1.1629319155775648,0.8598955679218371,476.746154951362,17.18414306640625,2.9520111083984375,304.0,3.391475200653076
771.0,25.7,689.3617432414112,1696.4056894328737,1.1606010216124918,0.8616225398549457,475.0746749654846,16.497802734375,1.7941741943359375,296.0,3.71612811088562
772.0,25.733333333333334,673.2994634390976,1694.3729338052635,1.1606044804730729,0.8616199720273275,481.21578354430903,17.14990234375,2.311737060546875,285.0,3.4540107250213623
773.0,25.766666666666666,657.5564737979169,1692.2082201698408,1.1562804076196906,0.8648421208300086,470.54441677153113,16.8306884765625,2.44390869140625,275.0,3.641723394393921
774.0,25.8,642.3009872084938,1689.5616950109807,1.1541219809888459,0.8664595393488694,479.4946608681983,16.34356689453125,2.925689697265625,267.0,3.7533304691314697
775.0,25.833333333333332,625.9288319178991,1687.567391531808,1.1535827280991549,0.8668645738548594,475.95716789776,17.459197998046875,2.273223876953125,251.0,4.752905368804932
776.0,25.866666666666667,610.8437097083588,1685.4068282870103,1.1496975758505033,0.8697939536492781,458.2997013241309,16.1727294921875,2.4397506713867188,246.0,4.125283241271973
777.0,25.9,595.7578398181546,1682.7490726594,1.1476147566199228,0.8713725527068913,474.2496916738415,16.173721313476562,2.9368438720703125,238.0,3.4835245609283447
778.0,25.933333333333334,579.5674929992394,1680.7796715239774,1.1469943398688633,0.8718438838279975,471.41655403766765,17.27703857421875,2.2483978271484375,226.0,3.922229290008545
779.0,25.966666666666665,564.6000465709493,1678.6385174588675,1.1432251067052688,0.8747183683552594,454.16587879653616,16.05474853515625,2.420196533203125,217.0,3.1121740341186523
780.0,26.0,549.6577466270342,1676.0735352687573,1.141039330963466,0.876393979474506,452.907412987375,16.02984619140625,2.8441162109375,207.0,3.5615787506103516
781.0,26.033333333333335,534.746971341322,1674.1151204614596,1.1407069600140536,0.8766493368180027,452.03549234326425,15.99774169921875,2.2373275756835938,193.0,3.1719813346862793
782.0,26.066666666666666,519.8747702743601,1671.476285732287,1.1386506271100327,0.8782325115281965,437.5050823510577,15.959609985351562,2.91802978515625,176.0,3.2577948570251465
783.0,26.1,505.9523067562261,1669.4695310812392,1.1343434652574176,0.8815672066071003,432.2358607870782,15.009796142578125,2.285797119140625,159.0,3.604379177093506
784.0,26.133333333333333,491.41930857012346,1666.9339678364415,1.1333214401597596,0.8823622006648301,432.31201130208933,15.620346069335938,2.8146514892578125,496.0,6.0421271324157715
785.0,26.166666666666668,477.4786565754272,1665.0097327166438,1.132344919696594,0.8831231390766913,430.6371632733108,15.0277099609375,2.203277587890625,482.0,3.3714215755462646
786.0,26.2,462.97144574284005,1663.0695063859087,1.1301179201175036,0.8848634130994272,430.456848947716,15.59381103515625,2.219085693359375,473.0,4.1515021324157715
787.0,26.233333333333334,449.0427261211905,1661.146736109861,1.1291457765972,0.8856252405367938,412.40812984265034,15.01556396484375,2.201780319213867,463.0,3.5897109508514404
788.0,26.266666666666666,435.84493301321277,1658.5900547010008,1.126102499707508,0.8880186308615231,410.24347566249514,14.285598754882812,2.83587646484375,452.0,4.71421480178833
789.0,26.3,422.0390466435165,1656.8108391124533,1.1228911654792304,0.8905582577748907,401.49920165792275,14.892471313476562,2.0581512451171875,440.0,4.504322528839111
790.0,26.333333333333332,409.4079954788981,1654.4019848520306,1.1208569763031233,0.8921744889327977,400.7879747638467,13.718902587890625,2.688018798828125,427.0,3.7935798168182373
791.0,26.366666666666667,395.66991916779546,1652.4998444587955,1.1199479828193666,0.8928986125610865,393.65199334924864,14.824661254882812,2.1810836791992188,412.0,3.544536590576172
792.0,26.4,383.5237007668492,1650.0749989874353,1.1188142979104865,0.8938033790483499,381.51393182140237,13.2342529296875,2.704132080078125,405.0,4.089994430541992
793.0,26.433333333333334,370.58094305926204,1648.3231271488876,1.114704407140753,0.8970988125587724,369.4489354256934,14.029510498046875,2.0308837890625,392.0,3.848001718521118
794.0,26.466666666666665,359.16555961925314,1646.4261137087774,1.113868638754781,0.8977719321713938,361.8552474992725,12.503204345703125,2.17620849609375,377.0,3.9411139488220215
795.0,26.5,346.7383963940879,1644.6509264405422,1.1106192276017877,0.9003986021017726,370.83966774119307,13.514129638671875,2.054229736328125,367.0,4.011904716491699
796.0,26.533333333333335,334.714583999001,1642.7711249144945,1.1105886440959694,0.90042339737231,356.3757331416687,13.111038208007812,2.1588401794433594,342.0,2.876984119415283
797.0,26.566666666666666,323.3652711156326,1640.3897364743843,1.1085199453490113,0.9021037503165138,349.50145417619115,12.437637329101562,2.6606597900390625,330.0,4.0230302810668945
798.0,26.6,311.7795690721081,1638.6626449092741,1.104393161814329,0.9054746394455857,341.50512235519767,12.672927856445312,2.006103515625,316.0,3.5833334922790527
799.0,26.633333333333333,300.88307601295867,1636.799811156664,1.104404747359659,0.9054651407382455,337.5852234582164,11.984344482421875,2.14202880859375,312.0,2.1476049423217773
800.0,26.666666666666668,289.68177338349653,1634.3973045524913,1.1023771240025912,0.9071305801132076,328.362932366023,12.28955078125,2.681793212890625,305.0,3.810161590576172
801.0,26.7,279.2998066915345,1633.1429913076936,1.0997757262071295,0.9092762971308407,323.0261404581768,11.469345092773438,1.533477783203125,292.0,3.6218113899230957
802.0,26.733333333333334,268.45073794879124,1630.7913880238336,1.0985044812843523,0.9103285576321158,319.3346936505709,11.937408447265625,2.630828857421875,281.0,2.856292486190796
803.0,26.766666666666666,258.431014909173,1628.9341695055984,1.097994358006826,0.9107514922164865,308.7640717638709,11.1080322265625,2.136505126953125,267.0,3.1530611515045166
804.0,26.8,248.18112829533584,1627.2059793076758,1.094012780804004,0.9140661037479718,308.73607884314436,11.33782958984375,2.007354736328125,261.0,4.18438196182251
805.0,26.833333333333332,238.24538963071757,1624.9122373519406,1.0921195246715287,0.9156506933623084,299.07818310807926,11.024581909179688,2.57305908203125,248.0,3.1708829402923584
806.0,26.866666666666667,228.5597730364119,1623.6636614118304,1.0906046897037587,0.9169225196268231,298.64247745422296,10.773193359375,1.52777099609375,232.0,3.7208757400512695
807.0,26.9,218.65436884444978,1621.3654028545327,1.0889454994006715,0.918319604195412,285.95891240244146,10.9942626953125,2.5776214599609375,228.0,3.0065901279449463
808.0,26.933333333333334,209.8275168985815,1620.12305250036,1.0869014730456954,0.9200465955739469,272.1981619015304,9.915023803710938,1.5216522216796875,226.0,3.308354616165161
809.0,26.966666666666665,200.8532650503695,1617.8415175758748,1.0845534928988345,0.9220384301443382,273.0424462379813,10.063690185546875,2.560943603515625,221.0,3.746244430541992
810.0,27.0,192.05925001856372,1616.1693576513896,1.0812282482860678,0.9248740971993393,267.79867012139596,9.882781982421875,1.9515380859375,211.0,3.2772817611694336
811.0,27.033333333333335,183.34659485003908,1614.340825656592,1.0808895833702235,0.9251638792576675,264.9348509074126,9.801605224609375,2.10791015625,201.0,3.000425100326538
812.0,27.066666666666666,174.87588304088956,1612.0840710055443,1.079523880181549,0.9263343019626624,262.91100246936384,9.560577392578125,2.5362548828125,187.0,4.4250993728637695
813.0,27.1,166.16396029424016,1610.8815155732468,1.077575138493108,0.9280095320298593,249.6465285170958,9.7999267578125,1.481781005859375,180.0,3.9411139488220215
814.0,27.133333333333333,158.59370014524677,1608.6368458831366,1.075715531214714,0.9296137974979176,248.72725946605962,8.6607666015625,2.5242919921875,169.0,4.27529764175415
815.0,27.166666666666668,149.94049321890975,1607.452845138339,1.0738370125359578,0.9312400190401471,244.70354107763316,9.7412109375,1.4632415771484375,164.0,3.9541878700256348
816.0,27.2,142.56646109726023,1605.5937955654163,1.0738587744650085,0.9312211473042117,234.26741722167003,8.464054107666016,2.138519287109375,499.0,5.860048294067383
817.0,27.233333333333334,134.73631325295446,1603.8822069299936,1.0691886978621612,0.9352885996639286,233.73728866864843,8.919509887695312,1.9910888671875,492.0,3.4216623306274414
818.0,27.266666666666666,127.38590173677358,1602.0774786461334,1.0691512891666037,0.9353213246176725,233.70864261915716,8.44036865234375,2.0842208862304688,485.0,3.8206491470336914
819.0,27.3,119.56057566981167,1600.3535609091482,1.0663361124799458,0.9377906162010495,224.90727650671133,8.91473388671875,2.0034027099609375,476.0,3.5797195434570312
820.0,27.333333333333332,112.81203182941215,1598.553715437788,1.0654799783373619,0.9385441494268708,214.76314963288223,7.838958740234375,2.0794830322265625,470.0,3.029372215270996
821.0,27.366666666666667,105.68055341870001,1596.8411502398653,1.0617818063582598,0.9418130862779035,216.62836497173316,8.221405029296875,1.9920501708984375,464.0,3.5409579277038574
822.0,27.4,98.80243194158174,1595.0466758622551,1.0625809962030286,0.9411047285556091,207.30665368432776,7.9683837890625,2.07403564453125,463.0,2.9983701705932617
823.0,27.433333333333334,92.31463028868222,1593.325931953395,1.058082581338708,0.9451058146470753,195.36336110970683,7.578338623046875,2.00042724609375,459.0,3.8915815353393555
824.0,27.466666666666665,86.11082521781395,1592.1220337476598,1.0570472794355046,0.9460314779240815,197.23221562191202,7.2937164306640625,1.48345947265625,450.0,4.10866641998291
825.0,27.5,79.50876575241432,1590.3424519481746,1.0562053445879651,0.9467855896810565,103.0185272495629,7.6925048828125,2.0592041015625,439.0,2.974064588546753
826.0,27.533333333333335,80.18118138467116,1588.6568642893144,1.0533829574881883,0.9493223645695948,56.131001888052175,0.424102783203125,1.9662322998046875,438.0,3.758326292037964
827.0,27.566666666666666,81.88997397005289,1587.455773700767,1.0514997386974843,0.9510225853586249,61.47665110951937,-0.6121826171875,1.4818878173828125,438.0,3.8016934394836426
828.0,27.6,82.98286079371576,1585.6655717840943,1.0515641678454062,0.9509643163754256,61.28151639409659,0.004150390625,2.0709686279296875,436.0,2.3508362770080566
829.0,27.633333333333333,84.65277398456624,1584.4461706486716,1.0496859556406128,0.9526658850929467,62.251109682398855,-0.5732879638671875,1.50018310546875,436.0,4.714710712432861
830.0,27.666666666666668,86.39171793713547,1583.2985468569989,1.0479115793852218,0.9542789865788771,62.38597954776404,-0.64239501953125,1.4283447265625,435.0,4.684736251831055
831.0,27.7,88.09837429204845,1582.1168654481387,1.0460862367302812,0.9559441324127048,66.2433144247542,-0.610107421875,1.462432861328125,435.0,3.7898950576782227
832.0,27.733333333333334,89.81052381102381,1580.5030551330285,1.043334535983305,0.958465348851446,66.10166093021097,-0.6148681640625,1.894775390625,434.0,4.201530456542969
833.0,27.766666666666666,91.50857420890566,1579.3257682554183,1.0414927262961544,0.9601603302178456,67.40760588544501,-0.60150146484375,1.457977294921875,433.0,4.0204081535339355
834.0,27.8,93.21718368881864,1577.5723095028081,1.0407274311286023,0.9608663806579634,67.78247887128454,-0.6110992431640625,2.0345001220703125,430.0,3.12308669090271
835.0,27.833333333333332,94.930553910919,1576.374514812698,1.0389221703689684,0.9625360094537733,62.27843229794401,-0.616790771484375,1.478546142578125,429.0,3.7809665203094482
836.0,27.866666666666667,96.61676348848835,1575.1888050835253,1.0371445631770118,0.9641857417993598,61.8207650842234,-0.589691162109375,1.466552734375,429.0,3.829648494720459
837.0,27.9,98.31609562465121,1574.0242135184153,1.0353779720940866,0.9658308626920723,50.58489161611188,-0.602813720703125,1.445404052734375,429.0,3.7475907802581787
838.0,27.933333333333334,99.41111867878294,1573.3009061329926,1.0353947581215424,0.9658152044484395,50.69289818792614,0.000274658203125,1.00384521484375,429.0,0.8037840127944946
839.0,27.966666666666665,101.1099625336958,1572.122764763195,1.033588934913604,0.9675026175503595,61.857799488574315,-0.602325439453125,1.459014892578125,429.0,3.763392925262451
840.0,28.0,102.8236989667339,1570.9856390183973,1.0319148960189264,0.9690721626928225,61.76188331559858,-0.61724853515625,1.4178466796875,427.0,4.0462727546691895
841.0,28.033333333333335,104.52077280211563,1569.8162867110996,1.0301081302199668,0.9707718740036179,50.58583076573548,-0.600616455078125,1.450225830078125,427.0,3.7312216758728027
842.0,28.066666666666666,105.615734821091,1569.0942000288019,1.0301221292442204,0.9707586815300042,50.30272904983999,0.00030517578125,1.002716064453125,427.0,0.7663690447807312
843.0,28.1,107.29364361741034,1567.9302188152542,1.028391568451968,0.972392258627027,58.08147374467935,-0.581390380859375,1.444793701171875,427.0,3.971867799758911
844.0,28.133333333333333,108.99450163247946,1567.202883109519,1.0276341837810075,0.9731089290166155,46.04347968739437,-0.6051025390625,1.008026123046875,427.0,2.976332187652588
845.0,28.166666666666668,110.08744949129868,1566.6586528725338,1.0257693123768725,0.9748780626736036,45.695012210052276,0.00201416015625,0.8248291015625,427.0,2.3934948444366455
846.0,28.2,111.76377137355541,1565.9335144324236,1.0250524998009178,0.9755597885905517,46.88797580552235,-0.58056640625,1.0057449340820312,427.0,2.905116319656372
847.0,28.233333333333334,112.8583671815934,1565.211916031376,1.0250584873941502,0.9755540901301617,50.37130944288159,0.00067138671875,1.002288818359375,427.0,0.75751131772995
848.0,28.266666666666666,114.56264316541262,1564.0779641147033,1.0232940311186003,0.9772362288743767,46.019410510153605,-0.60784912109375,1.414764404296875,425.0,3.6377551555633545
849.0,28.3,115.65406514532549,1563.9484067292806,1.0223934683333642,0.9780970154573968,43.510036551112115,0.0028533935546875,0.410003662109375,425.0,2.295776605606079
850.0,28.333333333333332,117.33423224242608,1563.2222917266704,1.021589433896352,0.9788668195069229,54.90641087668424,-0.5843963623046875,1.0068283081054688,424.0,3.0485048294067383
851.0,28.366666666666667,119.0148265856202,1562.4978857084354,1.0209019691400605,0.9795259782311254,43.547027712417005,-0.5848388671875,1.0051422119140625,422.0,3.4018211364746094
852.0,28.4,120.10533303818943,1562.3567316433252,1.0199711390534754,0.9804198978884752,35.2352997310434,0.0037384033203125,0.42144775390625,422.0,2.8656463623046875
853.0,28.433333333333334,121.20053919778991,1561.6373305079026,1.0199707742833708,0.980420248514079,43.74415115077133,6.103515625e-05,1.0000991821289062,422.0,0.23816609382629395
854.0,28.466666666666665,122.90426586520289,1561.5378024193549,1.0182910693476606,0.9820374842731575,43.73969390730958,-0.608978271484375,0.379974365234375,421.0,3.824333906173706
855.0,28.5,123.99898374355337,1560.8177909323697,1.0182928901939845,0.9820357282564354,43.25757760971264,0.000518798828125,1.000701904296875,421.0,0.7312216758728027
856.0,28.533333333333335,125.65614058674748,1560.6754161641345,1.0165802597740983,0.9836901615837172,43.25353552192239,-0.562347412109375,0.4228515625,421.0,3.3227040767669678
857.0,28.566666666666666,126.75061432447308,1559.9555267474618,1.0165960139294683,0.983674917369271,33.47739564026335,0.0007781982421875,1.00048828125,421.0,0.7415674328804016
858.0,28.6,127.84423357001094,1560.2357594011016,1.0165964986802227,0.9836744483167423,41.92809001960106,0.0,0.0,420.0,0.0051729027181863785
859.0,28.633333333333333,129.53874392883017,1560.154297718804,1.01478971056963,0.9854258370817259,43.53694279192209,-0.5998687744140625,0.3619232177734375,420.0,5.287698268890381
860.0,28.666666666666668,130.63395008843065,1559.4346524427563,1.014795517242931,0.9854201984621211,33.48654815008311,9.1552734375e-05,1.000335693359375,419.0,0.6404478549957275
861.0,28.7,131.72750829881238,1559.714885096396,1.014795517242931,0.9854201984621211,33.867683438320455,3.0517578125e-05,0.0,419.0,0.004960317630320787
862.0,28.733333333333334,132.82112754435036,1559.9951177500361,1.014795517242931,0.9854201984621211,33.48349491348494,0.0,0.0,419.0,0.0
863.0,28.766666666666666,133.91608956332584,1559.275594544301,1.0148018078416687,0.985414089995415,33.45392715913782,0.000335693359375,1.0001220703125,419.0,0.4750566780567169
864.0,28.8,135.00720636745757,1559.5533857916907,1.0148730614113692,0.9853449047207091,33.82312837675397,0.00250244140625,0.00244140625,419.0,2.148667812347412
865.0,28.833333333333332,136.10082561299544,1559.8336184453306,1.0148730614113692,0.9853449047207091,33.86857031141497,0.0,0.0,419.0,0.0
866.0,28.866666666666667,137.19444485853342,1560.1138510989704,1.0148730614113692,0.9853449047207091,33.868570311417415,0.0,0.0,419.0,0.0
867.0,28.9,138.2880641040714,1560.3940837526102,1.0148730614113692,0.9853449047207091,33.86857031141651,0.0,0.0,419.0,0.0
868.0,28.933333333333334,139.38168334960938,1560.67431640625,1.0148730614113692,0.9853449047207091,33.868570311414835,0.0,0.0,419.0,0.0
