frame,tiempo_s,X_mapa_px,Y_mapa_px,Z_relativa,u_LK,v_LK,escala_frame,puntos_validos,error_LK,inliers_mapa,registrado
0,0.0,135.48802185058594,1547.0733642578125,1.0,0.0,0.0,1.0,300,0.0,0,0
1,0.03333333333333333,135.44655885174373,1547.0500095504945,1.0000605583190918,-0.04192465543746948,0.05303559824824333,1.0000605583190918,297,80.81884002685547,27,1
2,0.06666666666666667,135.40509585290152,1547.0266548431764,1.00018394740556,-0.23978491127490997,0.015553521923720837,1.000123381614685,297,33.78905487060547,0,1
3,0.1,135.36363285405932,1547.0033001358581,1.0002868439465131,-0.21767906844615936,0.12709787487983704,1.0001028776168823,297,25.814115524291992,0,1
4,0.13333333333333333,135.3221698552171,1546.97994542854,1.0002968603991702,-0.05538949742913246,0.14361824095249176,1.0000100135803223,295,55.35990524291992,0,1
5,0.16666666666666666,126.59940192473428,1539.887743064972,1.0003798546951055,0.18735596537590027,-0.2003491073846817,1.0000829696655273,289,25.232181549072266,27,1
6,0.2,126.55793892589207,1539.864388357654,1.000411814920337,-0.08910837769508362,0.12298452854156494,1.0000319480895996,288,54.401023864746094,0,1
7,0.23333333333333334,126.51647592704987,1539.841033650336,1.0005195052390254,-0.23520678281784058,-0.049506355077028275,1.0001076459884644,288,30.543882369995117,0,1
8,0.26666666666666666,126.47501292820766,1539.8176789430179,1.0005557636897233,0.05286499857902527,0.1961178332567215,1.0000362396240234,285,38.70350646972656,0,1
9,0.3,126.43354992936546,1539.7943242356996,1.0006638273305446,-0.0580928772687912,0.2590949535369873,1.000108003616333,285,19.33670997619629,0,1
10,0.3333333333333333,112.86611647153887,1525.0973855440066,1.0007435119977333,-0.23831787705421448,-0.07672145962715149,1.00007963180542,284,19.836685180664062,23,1
11,0.36666666666666664,112.82465347269667,1525.0740308366885,1.0008434836572808,0.15614190697669983,0.20919814705848694,1.0000998973846436,282,34.687496185302734,0,1
12,0.4,112.78319047385446,1525.0506761293705,1.0010768537055694,0.19219374656677246,0.14763522148132324,1.0002331733703613,282,12.137182235717773,0,1
13,0.43333333333333335,112.74172747501225,1525.0273214220524,1.0009211180585962,0.13516458868980408,0.07671010494232178,0.9998444318771362,276,50.8731689453125,0,1
14,0.4666666666666667,112.70026447617005,1525.0039667147341,1.0009857890082923,0.23932617902755737,0.05676984786987305,1.0000646114349365,274,31.506210327148438,0,1
15,0.5,119.69371358670284,1514.7204801714786,1.00102886598481,-0.16815432906150818,-0.003345922566950321,1.0000430345535278,270,48.23113250732422,25,1
16,0.5333333333333333,119.65225058786064,1514.6971254641605,1.001034116590167,0.12951533496379852,0.07922796159982681,1.0000052452087402,263,58.976318359375,0,1
17,0.5666666666666667,119.61078758901843,1514.6737707568425,1.0009828035868495,-0.1836329698562622,-0.07314766943454742,0.9999487400054932,262,41.41358947753906,0,1
18,0.6,119.56932459017622,1514.6504160495244,1.0011128694161158,0.1441802978515625,0.04146263375878334,1.0001299381256104,261,41.28510665893555,0,1
19,0.6333333333333333,119.52786159133402,1514.6270613422062,1.0011713469735382,-0.09292246401309967,0.26029038429260254,1.0000584125518799,260,27.287736892700195,0,1
20,0.6666666666666666,143.66370572139806,1508.4531939395756,1.0013603956707244,0.09771250188350677,-0.07036884129047394,1.0001888275146484,260,54.76387405395508,27,1
21,0.7,143.62224272255585,1508.4298392322576,1.0014723661014728,0.0029783276841044426,-0.232789546251297,1.0001118183135986,260,11.099513053894043,0,1
22,0.7333333333333333,143.58077972371365,1508.4064845249395,1.001673171350661,0.0846143364906311,0.05992591008543968,1.0002005100250244,260,54.86627960205078,0,1
23,0.7666666666666667,143.53931672487144,1508.3831298176215,1.0018647029810395,0.001619258662685752,0.13068899512290955,1.0001912117004395,260,3.2083873748779297,0,1
24,0.8,143.49785372602923,1508.3597751103034,1.0019248964970915,0.12096893787384033,0.06185362488031387,1.0000600814819336,260,54.50715255737305,0,1
25,0.8333333333333334,165.94570957484328,1498.3883002857976,1.001983421487088,0.20535044372081757,0.14209240674972534,1.0000584125518799,260,33.385459899902344,24,1
26,0.8666666666666667,165.90424657600107,1498.3649455784796,1.001968371324879,0.07146302610635757,-0.010435130447149277,0.9999849796295166,259,53.769901275634766,0,1
27,0.9,165.86278357715887,1498.3415908711615,1.0020598653811557,0.24590009450912476,0.13344871997833252,1.000091314315796,258,24.663480758666992,0,1
28,0.9333333333333333,165.82132057831666,1498.3182361638435,1.002218143050303,0.011639643460512161,0.18219900131225586,1.0001579523086548,258,5.724226951599121,0,1
29,0.9666666666666667,165.77985757947445,1498.2948814565254,1.0025067915404469,0.014755948446691036,0.04502546787261963,1.0002880096435547,248,58.87914276123047,0,1
30,1.0,209.8266666753588,1496.5050472570197,1.0026834245453384,0.1782153844833374,0.04995184764266014,1.000176191329956,245,46.66725540161133,24,1
31,1.0333333333333334,209.7852036765166,1496.4816925497016,1.0026314891172001,0.1710657924413681,0.0017182825831696391,0.9999482035636902,245,46.70606231689453,0,1
32,1.0666666666666667,209.7437406776744,1496.4583378423836,1.0025908513014505,0.21099801361560822,0.05357487499713898,0.9999594688415527,245,40.41144561767578,0,1
33,1.1,209.7022776788322,1496.4349831350655,1.0024117533640244,0.12392331659793854,-0.047405168414115906,0.9998213648796082,242,58.04145431518555,0,1
34,1.1333333333333333,209.66081467998998,1496.4116284277475,1.0022625018696225,0.1556554138660431,0.0278153233230114,0.9998511075973511,240,52.95686340332031,0,1
35,1.1666666666666667,249.83042651024934,1496.814665321992,1.0024353879837675,0.1976577788591385,0.08010032773017883,1.00017249584198,240,42.86793899536133,32,1
36,1.2,249.78896351140713,1496.7913106146736,1.0025789070158844,0.08074277639389038,0.0462019219994545,1.0001431703567505,235,58.05817413330078,0,1
37,1.2333333333333334,249.74750051256493,1496.7679559073556,1.002622411101682,0.049609627574682236,-0.13069240748882294,1.0000433921813965,233,57.78508377075195,0,1
38,1.2666666666666666,249.70603751372272,1496.7446012000376,1.0026172716597535,0.06518823653459549,0.014997065998613834,0.9999948740005493,229,57.853721618652344,0,1
39,1.3,249.6645745148805,1496.7212464927195,1.0027253189083054,0.09796807914972305,0.023490050807595253,1.000107765197754,225,58.42803955078125,0,1
40,1.3333333333333333,306.88554742912424,1494.5870519416515,1.0025733909745729,0.11299408972263336,0.09645503759384155,0.999848484992981,224,56.27970886230469,37,1
41,1.3666666666666667,306.84408443028207,1494.5636972343332,1.0027672460265864,0.049631331115961075,-0.03659321740269661,1.0001933574676514,220,62.44589614868164,0,1
42,1.4,306.80262143143983,1494.5403425270151,1.0027668874090734,0.1927684247493744,0.06933252513408661,0.9999996423721313,218,45.86830139160156,0,1
43,1.4333333333333333,306.76115843259765,1494.516987819697,1.0028480544771436,0.06487207859754562,-0.013470644131302834,1.000080943107605,213,57.281375885009766,0,1
44,1.4666666666666666,306.7196954337554,1494.493633112379,1.0028112334454804,0.11400457471609116,0.07192035019397736,0.9999632835388184,211,56.78717041015625,0,1
45,1.5,360.7137243782726,1500.793276451936,1.0029060321663317,0.08229935169219971,0.03978313133120537,1.0000945329666138,209,56.89323806762695,42,1
46,1.5333333333333334,360.6722613794304,1500.769921744618,1.00289850015625,0.025117721408605576,-0.09302137792110443,0.9999924898147583,206,57.165470123291016,0,1
47,1.5666666666666667,360.6307983805882,1500.7465670372997,1.0029978502097547,0.025159288197755814,0.05378730222582817,1.0000990629196167,203,53.89091873168945,0,1
48,1.6,360.58933538174597,1500.7232123299816,1.003090753505464,0.07843933254480362,-0.011648529209196568,1.000092625617981,199,52.824684143066406,0,1
49,1.6333333333333333,360.5478723829038,1500.6998576226636,1.0032426172302862,0.10142196714878082,0.05916338041424751,1.0001513957977295,195,57.48012924194336,0,1
50,1.6666666666666667,424.92544624929593,1506.983265610658,1.0031478973252856,0.025034727528691292,0.04602128639817238,0.9999055862426758,190,61.15773010253906,54,1
51,1.7,424.88398325045375,1506.95991090334,1.003203145386533,0.07099322974681854,-0.07234833389520645,1.0000550746917725,189,58.297664642333984,0,1
52,1.7333333333333334,424.8425202516115,1506.9365561960217,1.0034099184576282,0.07512065023183823,-0.01825537346303463,1.0002061128616333,187,55.235137939453125,0,1
53,1.7666666666666666,424.80105725276934,1506.9132014887036,1.0037119483109846,0.07311355322599411,0.04152388870716095,1.0003010034561157,185,59.659912109375,0,1
54,1.8,424.7595942539271,1506.8898467813856,1.0035099760923818,0.08645603805780411,0.02586711198091507,0.9997987747192383,181,56.39568328857422,0,1
55,1.8333333333333333,489.1971351613349,1522.928870003755,1.0035187089153073,0.08712051808834076,0.04641938582062721,1.0000087022781372,180,50.0743522644043,58,1
56,1.8666666666666667,489.1556721624927,1522.905515296437,1.0034018316242703,0.0658186748623848,-0.043340541422367096,0.9998835325241089,177,54.04119873046875,0,1
57,1.9,489.1142091636505,1522.8821605891187,1.0034558975226762,0.1537475287914276,0.09769894182682037,1.000053882598877,175,49.3997802734375,0,1
58,1.9333333333333333,489.0727461648083,1522.8588058818007,1.0033456067166788,0.057142242789268494,-0.10425977408885956,0.9998900890350342,174,58.91917419433594,0,1
59,1.9666666666666666,489.0312831659661,1522.8354511744826,1.0034967913765043,0.09436644613742828,-0.06084875017404556,1.0001506805419922,172,52.39067840576172,0,1
60,2.0,557.8428475108739,1542.9856804515396,1.0036848436679027,0.04466162249445915,0.025254175066947937,1.0001873970031738,171,60.96759033203125,67,1
61,2.033333333333333,557.8013845120316,1542.9623257442215,1.0037872628328202,0.08748291432857513,-0.007801496889442205,1.0001020431518555,170,53.668025970458984,0,1
62,2.066666666666667,557.7599215131895,1542.9389710369035,1.0037670999936712,0.147149458527565,0.047692302614450455,0.9999799132347107,169,49.44927978515625,0,1
63,2.1,557.7184585143473,1542.9156163295852,1.0036803476805942,0.10776450484991074,-0.05943641811609268,0.9999135732650757,167,48.773521423339844,0,1
64,2.1333333333333333,557.676995515505,1542.8922616222671,1.0038951158786178,0.0200350359082222,-0.11808183789253235,1.0002139806747437,163,55.4667854309082,0,1
65,2.1666666666666665,627.4559670869753,1559.798838555574,1.0038778828768269,0.03510787710547447,3.653875319287181e-05,0.9999828338623047,161,55.859130859375,78,1
66,2.2,627.4145040881332,1559.775483848256,1.0036659445277498,0.08165957778692245,-0.10240267217159271,0.9997888803482056,161,50.452735900878906,0,1
67,2.2333333333333334,627.373041089291,1559.752129140938,1.0036328623246402,0.01841840334236622,-0.08923878520727158,0.9999670386314392,159,58.79060363769531,0,1
68,2.2666666666666666,627.3315780904487,1559.7287744336197,1.0037144584144928,0.1901651918888092,0.0909130796790123,1.0000813007354736,159,41.085845947265625,0,1
69,2.3,627.2901150916065,1559.7054197263017,1.0031233771022456,0.026028834283351898,-0.07691680639982224,0.9994111061096191,159,57.90056610107422,0,1
70,2.3333333333333335,698.3998361747956,1584.8757906049211,1.003128877857001,0.06555536389350891,0.031150680035352707,1.0000054836273193,157,52.394309997558594,68,1
71,2.3666666666666667,698.3583731759534,1584.852435897603,1.0029814926958445,0.10119681805372238,-0.1759132295846939,0.9998530745506287,157,42.620872497558594,0,1
72,2.4,698.3169101771111,1584.829081190285,1.0026767222470547,0.030884623527526855,-0.09747154265642166,0.9996961355209351,154,54.489585876464844,0,1
73,2.433333333333333,698.2754471782689,1584.805726482967,1.0025579110376248,0.06504489481449127,0.015063519589602947,0.9998815059661865,153,51.84321975708008,0,1
74,2.466666666666667,698.2339841794268,1584.7823717756487,1.0026371489630372,0.03137845918536186,-0.023111477494239807,1.0000790357589722,152,60.446807861328125,0,1
75,2.5,764.0242472548033,1609.8434897245806,1.0029390657337673,0.10519035905599594,0.02791159227490425,1.0003011226654053,152,52.6019287109375,64,1
76,2.533333333333333,763.9827842559611,1609.8201350172626,1.0027682149889319,0.08166670799255371,-0.0439034029841423,0.9998296499252319,151,63.02880859375,0,1
77,2.566666666666667,763.9413212571188,1609.7967803099446,1.0028847657932625,0.08175860345363617,0.08814533799886703,1.000116229057312,149,59.786529541015625,0,1
78,2.6,763.8998582582767,1609.7734256026265,1.0027612673578767,0.07840922474861145,-0.07511075586080551,0.999876856803894,147,58.95558547973633,0,1
79,2.6333333333333333,763.8583952594345,1609.7500708953082,1.0028447052017497,0.14061160385608673,-0.11159417033195496,1.0000832080841064,146,46.73371505737305,0,1
80,2.6666666666666665,831.602027475436,1650.3900462661152,1.0023787055196955,0.03906950354576111,-0.03315569832921028,0.999535322189331,142,56.70337677001953,66,1
81,2.7,831.5605644765938,1650.3666915587971,1.0013646891662027,0.06145075708627701,-0.0018251205328851938,0.9989883899688721,140,57.771888732910156,0,1
82,2.7333333333333334,831.5191014777516,1650.343336851479,1.0012943790740017,0.19031895697116852,0.0955222025513649,0.9999297857284546,140,40.60212707519531,0,1
83,2.7666666666666666,831.4776384789094,1650.319982144161,1.0013692200459101,0.07058695703744888,-0.08197352290153503,1.0000747442245483,136,55.97895050048828,0,1
84,2.8,831.4361754800672,1650.296627436843,1.0013280962150783,0.1309133917093277,-0.061164237558841705,0.9999589323997498,135,47.65929412841797,0,1
85,2.8333333333333335,894.9620342585687,1682.2967102295247,1.0010640550596415,0.05015652999281883,-0.0307519119232893,0.9997363090515137,135,57.052310943603516,58,1
86,2.8666666666666667,894.9205712597266,1682.2733555222067,1.000713206823334,0.03472616896033287,-0.034883663058280945,0.9996495246887207,132,55.37526321411133,0,1
87,2.9,894.8791082608843,1682.2500008148886,1.000593494982818,0.10946917533874512,-0.10572382807731628,0.9998803734779358,131,46.0195198059082,0,1
88,2.933333333333333,894.8376452620421,1682.2266461075706,1.0000192808718655,0.07792945206165314,0.01012303028255701,0.9994261264801025,128,58.75910186767578,0,1
89,2.966666666666667,894.7961822631999,1682.2032914002525,1.0000194000834535,0.09012853354215622,-0.04780237376689911,1.0000001192092896,127,55.94264602661133,0,1
90,3.0,956.3792309831077,1727.9276173569967,1.0001952371967293,0.015790773555636406,-0.02364334464073181,1.0001758337020874,126,48.65780258178711,64,1
91,3.033333333333333,956.3377679842655,1727.9042626496787,1.0006404515893548,0.11954829841852188,-0.12936794757843018,1.0004451274871826,126,41.26103973388672,0,1
92,3.066666666666667,956.2963049854233,1727.8809079423606,0.9995644354978218,0.018552061170339584,-0.0038927639834582806,0.9989246726036072,124,51.15447235107422,0,1
93,3.1,956.254841986581,1727.8575532350426,0.9993329127352643,0.0558038093149662,-0.1294853836297989,0.9997683763504028,123,60.01817321777344,0,1
94,3.1333333333333333,956.2133789877389,1727.8341985277245,0.9992298059223136,0.016485553234815598,-0.1051856204867363,0.9998968243598938,121,57.345340728759766,0,1
95,3.1666666666666665,1006.9816694068654,1775.5513223360313,0.9990216481342933,0.07721005380153656,-0.18458840250968933,0.99979168176651,120,50.943973541259766,62,1
96,3.2,1006.9402064080232,1775.5279676287132,0.9987594060949476,0.02870384231209755,-0.04534459859132767,0.9997375011444092,119,50.5028076171875,0,1
97,3.2333333333333334,1006.898743409181,1775.5046129213952,0.9988764434503934,0.050914231687784195,-0.15492777526378632,1.0001171827316284,119,47.848636627197266,0,1
98,3.2666666666666666,1006.8572804103388,1775.4812582140771,0.9981239467686573,0.008911770768463612,0.006814928725361824,0.9992466568946838,116,62.45903778076172,0,1
99,3.3,1006.8158174114966,1775.457903506759,0.9982600663483425,0.13690805435180664,-0.0944589376449585,1.000136375427246,116,44.173370361328125,0,1
100,3.3333333333333335,1057.6886610532795,1825.2996611041285,0.9982412640523617,0.06850491464138031,-0.06620567291975021,0.999981164932251,115,64.0854721069336,46,1
101,3.3666666666666667,1057.6471980544372,1825.2763063968102,0.9982159766305855,0.008806800469756126,-0.06623217463493347,0.9999746680259705,114,62.85247039794922,0,1
102,3.4,1057.605735055595,1825.2529516894922,0.9978901043938565,0.042390648275613785,-0.06189780309796333,0.9996735453605652,111,64.97056579589844,0,1
103,3.433333333333333,1057.5642720567528,1825.2295969821741,0.9979464903770235,0.1672670990228653,-0.19845397770404816,1.000056505203247,111,15.485086441040039,0,1
104,3.466666666666667,1057.5228090579105,1825.206242274856,0.9979906262036029,0.03939620405435562,-0.04150804132223129,1.0000442266464233,108,57.24458694458008,0,1
105,3.5,1104.1812972309433,1881.073024286288,0.9980847312786436,-0.005338537506759167,-0.027404876425862312,1.0000942945480347,107,63.65379333496094,46,1
106,3.533333333333333,1104.139834232101,1881.0496695789698,0.9981451736122811,0.03707499802112579,-0.17001110315322876,1.0000605583190918,107,48.839324951171875,0,1
107,3.566666666666667,1104.0983712332588,1881.0263148716517,0.9982060955589127,0.05456722527742386,-0.10375462472438812,1.00006103515625,102,61.88298797607422,0,1
108,3.6,1104.0569082344168,1881.0029601643337,0.9980353371032634,0.01130484789609909,-0.02249850332736969,0.9998289346694946,101,54.9459342956543,0,1
109,3.6333333333333333,1104.0154452355746,1880.9796054570156,0.9978915557148746,0.1468248814344406,-0.20129843056201935,0.9998559355735779,101,33.864192962646484,0,1
110,3.6666666666666665,1137.9078201273574,1933.9289069996976,0.9978462922174088,0.138020321726799,-0.12108806520700455,0.9999546408653259,101,50.726810455322266,54,1
111,3.7,1137.8663571285151,1933.9055522923795,0.9975417736956139,0.07534664869308472,0.008477428928017616,0.99969482421875,98,55.716575622558594,0,1
112,3.7333333333333334,1137.8248941296729,1933.8821975850612,0.9975548544826892,0.14398132264614105,-0.07500109821557999,1.0000131130218506,97,52.170249938964844,0,1
113,3.7666666666666666,1137.7834311308306,1933.8588428777432,0.9975979027282769,0.008124765940010548,-0.03922659903764725,1.0000431537628174,97,56.980255126953125,0,1
114,3.8,1137.7419681319884,1933.8354881704252,0.9975474794028865,0.0690419003367424,-0.07615812122821808,0.9999494552612305,95,51.80500793457031,0,1
115,3.8333333333333335,1178.0394943909587,2004.217406900607,0.9967931893392844,0.05929515138268471,-0.11788269132375717,0.9992438554763794,92,55.90557098388672,54,1
116,3.8666666666666667,1177.9980313921167,2004.194052193289,0.9973172164442565,0.07218529284000397,-0.1802886575460434,1.000525712966919,92,48.06671142578125,0,1
117,3.9,1177.9565683932744,2004.1706974859708,0.9973325531867675,0.0624690055847168,-0.057480018585920334,1.000015377998352,89,58.849098205566406,0,1
118,3.933333333333333,1177.9151053944322,2004.1473427786527,0.9973707172957083,-0.032944440841674805,-0.19253017008304596,1.0000382661819458,89,30.114620208740234,0,1
119,3.966666666666667,1177.87364239559,2004.1239880713347,0.9970611124902581,0.03144928067922592,-0.009719113819301128,0.9996895790100098,86,62.005619049072266,0,1
120,4.0,1202.4310563498727,2070.096849184329,0.9973794167499456,0.06983019411563873,-0.0845990926027298,1.000319242477417,84,43.70799255371094,51,1
121,4.033333333333333,1202.3895933510305,2070.073494477011,0.9982036100030944,0.1263628453016281,-0.08528266102075577,1.000826358795166,83,48.77373504638672,0,1
122,4.066666666666666,1202.3481303521883,2070.050139769693,0.9980177395894543,0.17258265614509583,-0.14415790140628815,0.9998137950897217,83,45.725406646728516,0,1
123,4.1,1202.306667353346,2070.026785062375,0.9978862149537678,0.09946057945489883,-0.019764769822359085,0.9998682141304016,81,51.02870559692383,0,1
124,4.133333333333334,1202.265204354504,2070.003430355057,0.9981786120137278,0.1682315170764923,-0.1035260334610939,1.0002930164337158,81,42.18513870239258,0,1
125,4.166666666666667,1222.1651476056618,2136.6202123664884,0.998157907377334,0.04652531445026398,-0.18720325827598572,0.9999792575836182,79,47.66685104370117,47,1
126,4.2,1222.1236846068196,2136.5968576591704,0.9990202256969841,0.05886462703347206,-0.07283255457878113,1.0008639097213745,77,43.54374313354492,0,1
127,4.233333333333333,1222.0822216079773,2136.5735029518523,0.9990293958188182,0.040499746799468994,-0.15645731985569,1.0000091791152954,77,48.09136962890625,0,1
128,4.266666666666667,1222.040758609135,2136.5501482445343,0.9993264152186009,-0.08228345215320587,-0.10323768109083176,1.0002973079681396,77,41.078487396240234,0,1
129,4.3,1221.9992956102928,2136.5267935372162,0.9990523589725335,0.028732139617204666,-0.06403836607933044,0.9997257590293884,77,55.64619064331055,0,1
130,4.333333333333333,1249.3753130802006,2203.010030626773,0.998638499253802,0.08139307796955109,-0.04621357470750809,0.999585747718811,74,56.3397216796875,60,1
131,4.366666666666666,1249.3338500813584,2202.986675919455,0.9987411177557461,0.04022190719842911,-0.1657104343175888,1.0001027584075928,73,46.92573928833008,0,1
132,4.4,1249.2923870825164,2202.963321212137,0.9986286067937035,0.034705016762018204,-0.208401158452034,0.9998873472213745,73,39.97946548461914,0,1
133,4.433333333333334,1249.2509240836741,2202.939966504819,0.9986215235682023,0.013376126065850258,-0.09694896638393402,0.9999929070472717,73,63.56816101074219,0,1
134,4.466666666666667,1249.209461084832,2202.916611797501,0.9983639102696668,-0.006881783250719309,0.03176812082529068,0.9997420310974121,71,51.57341384887695,0,1
135,4.5,1268.9175098047397,2267.391792246433,0.9984336526216062,0.07052719593048096,-0.09825747460126877,1.0000698566436768,70,41.5202751159668,55,1
136,4.533333333333333,1268.8760468058974,2267.3684375391144,0.9983277225375168,0.0548250637948513,-0.1587928980588913,0.9998939037322998,69,45.032630920410156,0,1
137,4.566666666666666,1268.8345838070552,2267.3450828317964,0.9985149251708442,-0.02018355391919613,-0.13033853471279144,1.0001875162124634,69,40.836612701416016,0,1
138,4.6,1268.793120808213,2267.3217281244783,0.9977882927712011,0.027380265295505524,-0.20054279267787933,0.9992722868919373,69,46.7817497253418,0,1
139,4.633333333333334,1268.7516578093707,2267.2983734171603,0.9977479702014435,0.07788816094398499,-0.13034699857234955,0.9999595880508423,69,48.9361572265625,0,1
140,4.666666666666667,1277.8660785995912,2336.4715519129672,0.9979594469912777,0.05514049902558327,-0.1087554395198822,1.0002119541168213,68,49.26631546020508,55,1
141,4.7,1277.824615600749,2336.448197205649,0.9973195881630141,0.0904618352651596,-0.07887563854455948,0.9993588328361511,67,36.69683837890625,0,1
142,4.733333333333333,1277.7831526019067,2336.424842498331,0.9971594436568868,0.08744589239358902,-0.09208609163761139,0.9998394250869751,65,47.707130432128906,0,1
143,4.766666666666667,1277.7416896030645,2336.401487791013,0.9970885967382539,0.1311865895986557,-0.0829082503914833,0.9999289512634277,65,52.30826950073242,0,1
144,4.8,1277.7002266042223,2336.378133083695,0.9972489418773998,-0.012415841221809387,-0.13377510011196136,1.000160813331604,65,46.259613037109375,0,1
145,4.833333333333333,1292.728831964755,2393.026165095127,0.9971875396663917,0.08316107094287872,-0.1624811589717865,0.999938428401947,65,37.983619689941406,51,1
146,4.866666666666666,1292.6873689659128,2393.002810387809,0.9965233905269736,0.04421330615878105,-0.14020554721355438,0.9993339776992798,64,42.712093353271484,0,1
147,4.9,1292.6459059670706,2392.9794556804904,0.9962581216371832,0.10056038200855255,-0.06567470729351044,0.9997338056564331,64,45.62620162963867,0,1
148,4.933333333333334,1292.6044429682286,2392.9561009731724,0.9962780738586287,0.0789330005645752,-0.10319268703460693,1.0000200271606445,64,44.556922912597656,0,1
149,4.966666666666667,1292.5629799693863,2392.9327462658543,0.99566530273831,0.054955460131168365,-0.07205113023519516,0.9993849396705627,61,62.29266357421875,0,1
150,5.0,1303.883333376794,2453.3046552304113,0.9957412659724667,0.0019745812751352787,-0.3282122015953064,1.0000762939453125,61,29.14220428466797,45,1
151,5.033333333333333,1303.8418703779519,2453.2813005230933,0.9961967240457891,0.12724091112613678,-0.1255142241716385,1.0004574060440063,61,53.84791946411133,0,1
152,5.066666666666666,1303.8004073791096,2453.257945815775,0.9963026543119129,0.07945698499679565,-0.18567071855068207,1.0001063346862793,61,43.80009460449219,0,1
153,5.1,1303.7589443802674,2453.234591108457,0.996189170979971,-0.034829236567020416,-0.13564899563789368,0.9998860955238342,61,53.43284606933594,0,1
154,5.133333333333334,1303.7174813814252,2453.211236401139,0.9959078997545822,0.13950301706790924,-0.23935827612876892,0.999717652797699,61,35.74362564086914,0,1
155,5.166666666666667,1301.7523123278954,2511.013565287571,0.9958135161833979,-0.16851811110973358,-0.11827120184898376,0.9999052286148071,61,41.208431243896484,47,1
156,5.2,1301.7108493290534,2510.990210580253,0.9954855198405941,0.05369739979505539,-0.08791142702102661,0.9996706247329712,60,53.455806732177734,0,1
157,5.233333333333333,1301.6693863302112,2510.966855872935,0.9950942611527505,0.08179666846990585,-0.15554243326187134,0.9996069669723511,60,41.68815231323242,0,1
158,5.266666666666667,1301.627923331369,2510.9435011656165,0.9948570121929343,0.06015022099018097,-0.15082484483718872,0.9997615814208984,60,49.201507568359375,0,1
159,5.3,1301.5864603325267,2510.9201464582984,0.9948081505595116,0.04243730753660202,-0.11079584062099457,0.9999508857727051,60,61.83047103881836,0,1
160,5.333333333333333,1313.1419211618095,2567.6135886259804,0.994868631649674,-0.025089511647820473,-0.24887794256210327,1.000060796737671,60,35.032962799072266,42,1
161,5.366666666666666,1313.1004581629672,2567.5902339186623,0.9947505677560211,0.06359066069126129,-0.11081617325544357,0.9998813271522522,60,58.15279769897461,0,1
162,5.4,1313.058995164125,2567.5668792113443,0.9946119436346286,0.02636907808482647,-0.1893303394317627,0.9998606443405151,60,44.26929473876953,0,1
163,5.433333333333334,1313.0175321652828,2567.543524504026,0.9947114213335161,0.07767623662948608,-0.09462334960699081,1.000100016593933,60,49.514320373535156,0,1
164,5.466666666666667,1312.9760691664408,2567.520169796708,0.9945500355297647,-0.06556521356105804,-0.18839842081069946,0.9998377561569214,60,44.654075622558594,0,1
165,5.5,1310.9934440582235,2617.506336573765,0.9944439246849381,-0.13719424605369568,-0.17245537042617798,0.999893307685852,60,38.92451095581055,43,1
166,5.533333333333333,1310.9519810593813,2617.482981866447,0.9948768581600689,-0.020047593861818314,-0.0729014128446579,1.0004353523254395,60,58.25829315185547,0,1
167,5.566666666666666,1310.910518060539,2617.459627159129,0.9949221628113074,-0.013430669903755188,-0.1629182994365692,1.0000455379486084,60,46.54651641845703,0,1
168,5.6,1310.8690550616968,2617.436272451811,0.9948649957005693,0.022629525512456894,-0.23278722167015076,0.9999425411224365,60,13.78492546081543,0,1
169,5.633333333333334,1310.8275920628546,2617.4129177444925,0.9947335900591046,-0.02583031728863716,-0.2528579831123352,0.9998679161071777,60,19.328853607177734,0,1
170,5.666666666666667,1319.1126671499499,2659.8207153809244,0.9947845800974667,0.008724718354642391,-0.10975892096757889,1.0000512599945068,59,52.6411247253418,38,1
171,5.7,1319.0712041511076,2659.7973606736064,0.9945230945209426,0.008581631816923618,-0.23307257890701294,0.9997371435165405,59,28.947725296020508,0,1
172,5.733333333333333,1319.0297411522656,2659.7740059662883,0.9948007535899285,0.012164745479822159,-0.18983222544193268,1.000279188156128,59,45.57530212402344,0,1
173,5.766666666666667,1318.9882781534234,2659.7506512589703,0.9948313496786271,-0.17058946192264557,-0.14298835396766663,1.000030755996704,59,40.236671447753906,0,1
174,5.8,1318.9468151545811,2659.727296551652,0.9948020571734378,0.15787169337272644,-0.14365555346012115,0.999970555305481,59,45.41436004638672,0,1
175,5.833333333333333,1317.3090386791764,2694.112144969334,0.994904281448703,-0.1796523630619049,-0.21474285423755646,1.0001027584075928,59,24.121553421020508,36,1
176,5.866666666666666,1317.2675756803342,2694.088790262016,0.9948505548185522,0.013298256322741508,-0.16023674607276917,0.9999459981918335,59,61.38525390625,0,1
177,5.9,1317.226112681492,2694.065435554698,0.9948603982390637,0.08501922339200974,-0.26247504353523254,1.0000098943710327,59,30.558992385864258,0,1
178,5.933333333333334,1317.1846496826497,2694.04208084738,0.9945311147756201,-0.09509853273630142,-0.18863840401172638,0.9996690154075623,59,40.75563430786133,0,1
179,5.966666666666667,1317.1431866838075,2694.018726140062,0.9946148162630458,0.20025227963924408,-0.21825964748859406,1.0000841617584229,59,23.346315383911133,0,1
180,6.0,1315.2167139193405,2725.6770120577435,0.9945455136612189,-0.19453297555446625,-0.16552479565143585,0.9999303221702576,59,24.911781311035156,39,1
181,6.033333333333333,1315.1752509204982,2725.6536573504254,0.9945787101991695,0.0554768405854702,-0.23469382524490356,1.0000333786010742,59,41.20587921142578,0,1
182,6.066666666666666,1315.133787921656,2725.6303026431074,0.994756199042273,-0.14460714161396027,-0.11523159593343735,1.0001784563064575,59,51.47615051269531,0,1
183,6.1,1315.0923249228138,2725.6069479357893,0.9947046742161655,0.13284467160701752,-0.09967465698719025,0.9999482035636902,59,37.39094924926758,0,1
184,6.133333333333334,1315.0508619239715,2725.5835932284713,0.9948150703691023,0.15913037955760956,-0.2125425636768341,1.0001109838485718,59,30.453954696655273,0,1
185,6.166666666666667,1321.1757807610668,2751.352963130528,0.9948532567347853,0.2079254388809204,-0.03350081667304039,1.0000383853912354,59,9.817479133605957,39,1
186,6.2,1321.1343177622246,2751.32960842321,0.9947209631757243,-0.226810485124588,-0.07123388350009918,0.9998670220375061,59,28.544723510742188,0,1
187,6.233333333333333,1321.0928547633823,2751.306253715892,0.994757722969314,-0.008739701472222805,-0.22139352560043335,1.0000369548797607,59,19.70140838623047,0,1
188,6.266666666666667,1321.0513917645403,2751.282899008574,0.9946450678259552,0.15513873100280762,-0.2172984480857849,0.9998867511749268,59,19.156225204467773,0,1
189,6.3,1321.009928765698,2751.259544301256,0.9948027671653699,0.23796916007995605,0.08786963671445847,1.0001585483551025,59,28.71800994873047,0,1
190,6.333333333333333,1319.4970302199808,2764.2991778751875,0.9946711918586956,-0.1174730509519577,-0.20413869619369507,0.9998677372932434,59,27.606639862060547,39,1
191,6.366666666666666,1319.4555672211386,2764.2758231678695,0.9947788570925709,-0.22245070338249207,-0.10151220113039017,1.000108242034912,59,22.05782127380371,0,1
192,6.4,1319.4141042222964,2764.2524684605514,0.9947992540360708,0.1603856086730957,-0.12727299332618713,1.0000205039978027,59,8.23112964630127,0,1
193,6.433333333333334,1319.3726412234541,2764.2291137532334,0.9947993726253832,-0.0013583577238023281,0.17625582218170166,1.0000001192092896,59,6.205759525299072,0,1
194,6.466666666666667,1319.331178224612,2764.2057590459153,0.9947899447739299,-0.06412965059280396,-0.22177943587303162,0.9999905228614807,59,10.419864654541016,0,1
195,6.5,1315.7578548742072,2771.3166816823473,0.9947976530070969,-0.08608248084783554,-0.22422781586647034,1.0000077486038208,59,12.439943313598633,43,1
196,6.533333333333333,1315.7163918753652,2771.2933269750292,0.9948231496682112,0.037150949239730835,0.2497665286064148,1.0000256299972534,59,19.597496032714844,0,1
197,6.566666666666666,1315.674928876523,2771.269972267711,0.9948177537248902,-0.11729813367128372,-0.16548967361450195,0.9999945759773254,59,7.865910053253174,0,1
198,6.6,1315.6334658776807,2771.246617560393,0.9948564145596455,-0.09954752773046494,0.21584373712539673,1.0000388622283936,59,11.299177169799805,0,1
199,6.633333333333334,1315.5920028788385,2771.223262853075,0.9948178708185704,-0.2215389907360077,0.08409786969423294,0.999961256980896,59,18.36565399169922,0,1
200,6.666666666666667,1315.3734158565587,2767.483111270757,0.9949020708060154,0.24105899035930634,-0.11929166316986084,1.000084638595581,59,30.441675186157227,39,1
201,6.7,1315.3319528577165,2767.4597565634385,0.9949120333378143,-0.1466194987297058,-0.014126775786280632,1.0000100135803223,59,4.346115589141846,0,1
202,6.733333333333333,1315.2904898588743,2767.4364018561205,0.99492851912099,0.16572205722332,0.1382492333650589,1.0000165700912476,59,11.200480461120605,0,1
203,6.766666666666667,1315.249026860032,2767.4130471488024,0.9948693946671138,-0.23991850018501282,0.06932840496301651,0.9999405741691589,59,20.614643096923828,0,1
204,6.8,1315.20756386119,2767.3896924414844,0.9949036693948229,0.24270135164260864,0.08326663076877594,1.0000344514846802,59,29.225847244262695,0,1
205,6.833333333333333,1314.3994992998478,2759.9403123435413,0.9949533635320953,-0.12915489077568054,0.21240964531898499,1.0000499486923218,59,16.3502254486084,40,1
206,6.866666666666666,1314.3580363010055,2759.9169576362233,0.9938522691013685,-0.047687236219644547,0.2192782610654831,0.9988933205604553,59,27.98111343383789,0,1
207,6.9,1314.3165733021633,2759.8936029289052,0.9939085454022545,0.06835906952619553,-0.22260689735412598,1.0000566244125366,59,16.348552703857422,0,1
208,6.933333333333334,1314.275110303321,2759.870248221587,0.9939177870865173,-0.08137926459312439,0.13548706471920013,1.000009298324585,59,35.83427429199219,0,1
209,6.966666666666667,1314.2336473044788,2759.846893514269,0.993891542828848,0.16902869939804077,0.08323421329259872,0.9999735951423645,59,40.34790802001953,0,1
210,7.0,1312.173263407199,2743.953421619451,0.9940159479887947,-0.12659764289855957,0.15016861259937286,1.0001251697540283,59,40.0963020324707,39,1
211,7.033333333333333,1312.1318004083569,2743.930066912133,0.9939601956513952,0.12654399871826172,0.03230765461921692,0.9999439120292664,59,50.28556442260742,0,1
212,7.066666666666666,1312.0903374095149,2743.9067122048145,0.993944081108123,-0.19372297823429108,0.0019824260380119085,0.9999837875366211,59,32.18190002441406,0,1
213,7.1,1312.0488744106726,2743.8833574974965,0.9938591849091215,0.09816321730613708,0.22294333577156067,0.9999145865440369,59,36.009525299072266,0,1
214,7.133333333333334,1312.0074114118304,2743.8600027901784,0.9939206746004944,-0.16395622491836548,0.2334161400794983,1.0000618696212769,59,32.6700439453125,0,1
215,7.166666666666667,1319.2072814208007,2722.8007594109854,0.9939779026514215,0.19074802100658417,0.166049525141716,1.000057578086853,59,26.65525245666504,38,1
216,7.2,1319.1658184219584,2722.7774047036673,0.993968778813652,-0.1426304131746292,0.23742462694644928,0.9999908208847046,59,16.72969627380371,0,1
217,7.233333333333333,1319.1243554231162,2722.7540499963493,0.994073287268799,0.18571040034294128,0.15248127281665802,1.0001051425933838,59,30.746166229248047,0,1
218,7.266666666666667,1319.082892424274,2722.7306952890312,0.9940513642562867,-0.12491471320390701,0.06060671806335449,0.9999779462814331,59,50.361637115478516,0,1
219,7.3,1319.0414294254317,2722.707340581713,0.9940055046955626,0.17693844437599182,0.010243972763419151,0.9999538660049438,59,57.715065002441406,0,1
220,7.333333333333333,1316.2112701375272,2693.702052280645,0.9942323035322691,-0.14115029573440552,0.010277130641043186,1.0002281665802002,59,63.92384338378906,30,1
221,7.366666666666666,1316.169807138685,2693.678697573327,0.9943547364757979,0.15657269954681396,0.056051868945360184,1.000123143196106,59,39.40730667114258,0,1
222,7.4,1316.1283441398427,2693.655342866009,0.9942405859980039,-0.09419558942317963,0.19762127101421356,0.9998852014541626,59,37.388519287109375,0,1
223,7.433333333333334,1316.0868811410005,2693.6319881586905,0.9942363784416605,0.16044342517852783,0.23142196238040924,0.999995768070221,59,20.775590896606445,0,1
224,7.466666666666667,1316.0454181421583,2693.6086334513725,0.9941693541305937,-0.02713463269174099,0.21662427484989166,0.999932587146759,59,31.319616317749023,0,1
225,7.5,1324.374804752691,2670.2000248378044,0.9942590693969497,0.124052032828331,0.21515294909477234,1.00009024143219,59,30.273752212524414,33,1
226,7.533333333333333,1324.3333417538488,2670.1766701304864,0.9946433271788112,-0.08629368245601654,0.1157362312078476,1.0003864765167236,59,43.62845993041992,0,1
227,7.566666666666666,1324.2918787550066,2670.1533154231684,0.9946216880216101,0.19253164529800415,0.1560010313987732,0.999978244304657,59,28.99787139892578,0,1
228,7.6,1324.2504157561646,2670.1299607158503,0.9948136498480427,-0.093413807451725,0.12636668980121613,1.0001929998397827,59,45.506290435791016,0,1
229,7.633333333333334,1324.2089527573223,2670.1066060085323,0.9950063602692476,0.16872310638427734,0.1972334086894989,1.00019371509552,59,37.56761169433594,0,1
230,7.666666666666667,1326.4151704225426,2638.398192707464,0.9946299387361024,0.22867442667484283,0.1251104474067688,0.9996216893196106,59,41.1212272644043,44,1
231,7.7,1326.3737074237004,2638.374838000146,0.9944449116112924,0.04860801622271538,0.2192467451095581,0.999813973903656,59,35.651336669921875,0,1
232,7.733333333333333,1326.3322444248581,2638.351483292828,0.9941279167423406,-0.00773577531799674,0.21376270055770874,0.9996812343597412,59,41.27375030517578,0,1
233,7.766666666666667,1326.2907814260159,2638.32812858551,0.9941217542596413,0.03307534009218216,0.24376092851161957,0.9999938011169434,59,19.82662582397461,0,1
234,7.8,1326.2493184271736,2638.3047738781916,0.9941697502216025,0.1640022248029709,0.1475377231836319,1.000048279762268,59,29.620258331298828,0,1
235,7.833333333333333,1333.0899355064564,2603.4088605771235,0.9940960343459009,0.008799387142062187,0.1113205999135971,0.9999258518218994,59,40.380950927734375,50,1
236,7.866666666666666,1333.0484725076144,2603.3855058698055,0.9940879759731249,-0.009193220175802708,-0.006096960045397282,0.9999918937683105,59,0.9166673421859741,0,1
237,7.9,1333.0070095087722,2603.3621511624874,0.9940931901720651,-0.028275974094867706,0.07366788387298584,1.0000052452087402,58,58.61904525756836,0,1
238,7.933333333333334,1332.96554650993,2603.3387964551694,0.9940082812371431,0.19953128695487976,0.1357569694519043,0.9999145865440369,58,45.442108154296875,0,1
239,7.966666666666667,1332.9240835110877,2603.3154417478513,0.9939559656853655,-0.057286325842142105,0.11107993125915527,0.9999473690986633,57,51.301979064941406,0,1
240,8.0,1326.789236723183,2571.5096163374083,0.9940476760045794,-0.12367736548185349,0.22761715948581696,1.0000922679901123,57,29.09525489807129,44,1
241,8.033333333333333,1326.7477737243407,2571.48626163009,0.9940978013849703,0.12485729902982712,0.08999907970428467,1.00005042552948,57,51.389225006103516,0,1
242,8.066666666666666,1326.7063107254985,2571.462906922772,0.9939361596201997,0.14491704106330872,0.14986325800418854,0.9998373985290527,57,31.991283416748047,0,1
243,8.1,1326.6648477266563,2571.439552215454,0.9940790542468769,-0.10126543045043945,0.26241591572761536,1.0001437664031982,57,21.518526077270508,0,1
244,8.133333333333333,1326.6233847278143,2571.416197508136,0.9938614226466014,0.02536224015057087,0.16676317155361176,0.99978107213974,57,42.34050750732422,0,1
245,8.166666666666666,1339.629773291472,2537.1154990508176,0.9938919898452406,-0.07105118781328201,0.26659613847732544,1.000030755996704,57,18.101877212524414,51,1
246,8.2,1339.5883102926298,2537.0921443434995,0.9939509934619245,0.007660430856049061,0.16478346288204193,1.0000593662261963,57,45.89763641357422,0,1
247,8.233333333333333,1339.5468472937876,2537.0687896361815,0.9938177534902691,0.1759982407093048,0.14750413596630096,0.9998659491539001,57,9.802725791931152,0,1
248,8.266666666666667,1339.5053842949453,2537.0454349288634,0.9938306669718778,-0.09525227546691895,0.14797064661979675,1.000012993812561,56,44.782936096191406,0,1
249,8.3,1339.463921296103,2537.0220802215454,0.9936016570241897,0.14913897216320038,0.05463109910488129,0.9997695684432983,56,47.35774230957031,0,1
250,8.333333333333334,1345.2677952113233,2500.3207469986023,0.99330423774309,-0.06831347942352295,0.1911603808403015,0.999700665473938,56,42.372806549072266,58,1
251,8.366666666666667,1345.2263322124813,2500.2973922912843,0.9933849941081675,0.18225602805614471,0.21789270639419556,1.0000813007354736,56,29.469722747802734,0,1
252,8.4,1345.184869213639,2500.274037583966,0.9932848101795567,0.06463994085788727,0.17753461003303528,0.99989914894104,56,34.8610725402832,0,1
253,8.433333333333334,1345.1434062147969,2500.250682876648,0.9931933986040654,-0.2304023951292038,-0.07783027738332748,0.9999079704284668,56,16.745622634887695,0,1
254,8.466666666666667,1345.1019432159546,2500.22732816933,0.9932250108378743,-0.03721562400460243,0.15559619665145874,1.00003182888031,56,55.580665588378906,0,1
255,8.5,1355.610895256175,2464.662713696387,0.9929474773751825,0.12178631126880646,0.09457297623157501,0.999720573425293,56,47.699806213378906,58,1
256,8.533333333333333,1355.5694322573327,2464.6393589890686,0.9928305884188852,-0.194309264421463,-0.04626162722706795,0.9998822808265686,56,6.612729072570801,0,1
257,8.566666666666666,1355.5279692584904,2464.6160042817505,0.9925283106961901,0.1586988866329193,0.08893705904483795,0.9996955394744873,56,47.23434066772461,0,1
258,8.6,1355.4865062596482,2464.5926495744325,0.9923717751953,-0.06476163864135742,0.13487814366817474,0.9998422861099243,56,4.068479537963867,0,1
259,8.633333333333333,1355.4450432608062,2464.5692948671144,0.9920347386825041,0.10178465396165848,0.17187249660491943,0.9996603727340698,56,43.932621002197266,0,1
260,8.666666666666666,1362.307632996339,2440.9370534410464,0.9920742374411444,0.13051968812942505,0.2050253003835678,1.00003981590271,56,15.666154861450195,60,1
261,8.7,1362.2661699974967,2440.9136987337283,0.9921216614916203,-0.017661437392234802,0.2625398635864258,1.0000478029251099,56,24.674015045166016,0,1
262,8.733333333333333,1362.2247069986545,2440.8903440264103,0.9920375714374277,-0.021479658782482147,0.2923840880393982,0.9999152421951294,56,26.38548469543457,0,1
263,8.766666666666667,1362.1832439998122,2440.866989319092,0.992457276511384,0.12532487511634827,0.09788374602794647,1.0004230737686157,55,48.170799255371094,0,1
264,8.8,1362.14178100097,2440.843634611774,0.9925409217710617,-0.1409655213356018,0.2332184910774231,1.0000842809677124,55,27.822391510009766,0,1
265,8.833333333333334,1370.7405767911903,2414.163785763831,0.9927608788334935,0.23051124811172485,0.16764318943023682,1.000221610069275,55,33.21308517456055,56,1
266,8.866666666666667,1370.699113792348,2414.1404310565126,0.9925785663289822,0.002342677442356944,0.10667569190263748,0.999816358089447,55,41.75405502319336,0,1
267,8.9,1370.657650793506,2414.1170763491946,0.992216552258986,0.1121017336845398,0.14496897161006927,0.9996352791786194,55,45.60360336303711,0,1
268,8.933333333333334,1370.6161877946638,2414.0937216418765,0.9922364235392722,-0.062458544969558716,0.26298466324806213,1.0000200271606445,55,20.192901611328125,0,1
269,8.966666666666667,1370.5747247958216,2414.0703669345585,0.9923882999373378,-0.08016817271709442,0.21864664554595947,1.0001530647277832,55,26.237607955932617,0,1
270,9.0,1384.6646094532293,2386.3722075397404,0.9924539574941654,0.17126621305942535,0.033177539706230164,1.0000661611557007,55,35.57926940917969,59,1
271,9.033333333333333,1384.623146454387,2386.3488528324224,0.992574751729705,0.16996091604232788,0.07939748466014862,1.0001217126846313,55,31.873760223388672,0,1
272,9.066666666666666,1384.5816834555449,2386.3254981251043,0.9926805335028008,-0.1299346685409546,0.14614304900169373,1.0001065731048584,55,43.15724563598633,0,1
273,9.1,1384.5402204567026,2386.3021434177863,0.9926058630191353,0.22328701615333557,0.1417297124862671,0.9999247789382935,55,25.719223022460938,0,1
274,9.133333333333333,1384.4987574578604,2386.2787887104682,0.9925673473073018,0.09779928624629974,0.21047936379909515,0.9999611973762512,55,27.671945571899414,0,1
275,9.166666666666666,1395.9974555918309,2374.554994550025,0.9927170262164061,0.1778666079044342,-0.1920027732849121,1.0001507997512817,55,43.213645935058594,62,1
276,9.2,1395.9559925929887,2374.531639842707,0.9929614005701889,0.13611523807048798,0.15598489344120026,1.0002461671829224,55,46.712913513183594,0,1
277,9.233333333333333,1395.9145295941464,2374.5082851353886,0.9943489363255232,-0.052410099655389786,0.22262722253799438,1.0013973712921143,54,38.08877182006836,0,1
278,9.266666666666667,1395.8730665953042,2374.4849304280706,0.9942622867797996,0.2007717490196228,-0.13991928100585938,0.9999128580093384,54,20.116355895996094,0,1
279,9.3,1395.831603596462,2374.4615757207525,0.9945344208705148,0.18370328843593597,0.11969592422246933,1.0002737045288086,54,40.457786560058594,0,1
280,9.333333333333334,1406.3989052460572,2350.8124885915595,0.9934874374531579,-0.06903687119483948,0.17919909954071045,0.998947262763977,53,29.088123321533203,60,1
281,9.366666666666667,1406.357442247215,2350.7891338842414,0.9933100249216265,0.11947361379861832,-0.18321296572685242,0.9998214244842529,53,25.975919723510742,0,1
282,9.4,1406.3159792483727,2350.7657791769234,0.9932885331831255,0.15034084022045135,0.06871812045574188,0.9999783635139465,53,32.99166488647461,0,1
283,9.433333333333334,1406.2745162495307,2350.7424244696053,0.9931809584064287,-0.09296964854001999,0.23866252601146698,0.9998916983604431,53,15.697940826416016,0,1
284,9.466666666666667,1406.2330532506885,2350.7190697622873,0.9931149524154095,0.22721904516220093,-0.06975036859512329,0.9999335408210754,53,7.299281120300293,0,1
285,9.5,1424.1965951346588,2342.5980588049692,0.9930556397629217,0.1694004237651825,0.19920910894870758,0.9999402761459351,53,18.150346755981445,59,1
286,9.533333333333333,1424.1551321358165,2342.574704097651,0.9929230525307451,0.26197484135627747,0.09557866305112839,0.9998664855957031,53,11.465991020202637,0,1
287,9.566666666666666,1424.1136691369743,2342.551349390333,0.9927763383054992,-0.028298592194914818,0.21760527789592743,0.9998522400856018,53,5.71593713760376,0,1
288,9.6,1424.072206138132,2342.5279946830146,0.9929798971440914,0.20865251123905182,0.08739331364631653,1.0002050399780273,53,26.73269271850586,0,1
289,9.633333333333333,1424.0307431392898,2342.5046399756966,0.9928453076933681,-0.013268484733998775,-0.27428266406059265,0.9998644590377808,53,10.082377433776855,0,1
290,9.666666666666666,1438.347068226385,2341.3482286277535,0.9926974805700469,0.1880156546831131,-0.12755538523197174,0.9998511075973511,53,5.418089389801025,56,1
291,9.7,1438.305605227543,2341.3248739204355,0.992702569136787,0.2531334161758423,-0.03375040739774704,1.0000051259994507,53,12.7837495803833,0,1
292,9.733333333333333,1438.2641422287008,2341.3015192131174,0.9924855939055552,0.20954127609729767,-0.14308767020702362,0.9997814297676086,53,14.55179214477539,0,1
293,9.766666666666667,1438.2226792298586,2341.2781645057994,0.9923221438017978,0.2257338911294937,-0.09825065732002258,0.9998353123664856,53,14.612473487854004,0,1
294,9.8,1438.1812162310164,2341.2548097984813,0.9921755775137832,0.22615909576416016,0.016077181324362755,0.9998522996902466,53,7.471920013427734,0,1
295,9.833333333333334,1451.3127268649866,2341.8086035286633,0.9924845158511647,-0.15612372756004333,0.21791638433933258,1.0003113746643066,53,22.012428283691406,53,1
296,9.866666666666667,1451.2712638661444,2341.7852488213452,0.9929885308245102,0.11858334392309189,0.02725215069949627,1.0005078315734863,53,38.84382247924805,0,1
297,9.9,1451.2298008673022,2341.761894114027,0.9928680266449873,-0.25985559821128845,0.009632454253733158,0.9998786449432373,53,11.69211483001709,0,1
298,9.933333333333334,1451.18833786846,2341.738539406709,0.9928804543496551,0.119521863758564,-0.2400026172399521,1.0000125169754028,53,20.788692474365234,0,1
299,9.966666666666667,1451.146874869618,2341.7151846993906,0.9927803804847001,0.11962836980819702,-0.06134122237563133,0.9998992085456848,53,2.3061511516571045,0,1
300,10.0,1480.9191325739007,2348.1444667108226,0.9924645079542977,0.15617971122264862,0.05139095336198807,0.999681830406189,53,33.083126068115234,53,1
301,10.033333333333333,1480.8776695750585,2348.1211120035045,0.9923449547000167,0.1533103585243225,0.0847303718328476,0.9998795390129089,53,4.236355781555176,0,1
302,10.066666666666666,1480.8362065762162,2348.0977572961865,0.9923479121184426,0.21798725426197052,-0.031083092093467712,1.0000029802322388,53,15.170645713806152,0,1
303,10.1,1480.794743577374,2348.0744025888685,0.9927146330961742,0.026780907064676285,-0.214188352227211,1.0003695487976074,51,45.52058792114258,0,1
304,10.133333333333333,1480.7532805785318,2348.0510478815504,0.9924733953628618,0.2120475023984909,-0.2034904807806015,0.9997569918632507,51,15.232386589050293,0,1
305,10.166666666666666,1500.5189464859395,2358.2855056742324,0.9924769447243126,0.2266864776611328,0.1793297827243805,1.0000035762786865,51,27.028038024902344,45,1
306,10.2,1500.4774834870973,2358.2621509669143,0.9923527757854984,0.1697155237197876,-0.21707063913345337,0.9998748898506165,51,31.10849952697754,0,1
307,10.233333333333333,1500.4360204882553,2358.2387962595963,0.9922425815064662,0.18282970786094666,-0.05004004389047623,0.9998889565467834,51,27.937774658203125,0,1
308,10.266666666666667,1500.394557489413,2358.215441552278,0.9920946075554287,0.11118283867835999,-0.09657269716262817,0.999850869178772,51,33.00596237182617,0,1
309,10.3,1500.3530944905708,2358.19208684496,0.9921347000322689,0.005630461033433676,0.28197574615478516,1.0000404119491577,51,18.066041946411133,0,1
310,10.333333333333334,1525.9659283667286,2369.7707829188917,0.9919270149749558,0.15787909924983978,-0.19064553081989288,0.9997906684875488,51,32.610897064208984,47,1
311,10.366666666666667,1525.9244653678863,2369.7474282115736,0.9918577814063747,0.17064638435840607,-0.1766034960746765,0.999930202960968,50,35.36235427856445,0,1
312,10.4,1525.883002369044,2369.7240735042556,0.991870787659135,0.22916236519813538,-0.2060161978006363,1.0000131130218506,50,24.84194564819336,0,1
313,10.433333333333334,1525.8415393702019,2369.7007187969375,0.991712523135476,0.1718633472919464,-0.10412786155939102,0.9998404383659363,50,29.764232635498047,0,1
314,10.466666666666667,1525.8000763713596,2369.6773640896195,0.9914895576781995,0.1302901655435562,-0.10390137135982513,0.9997751712799072,50,40.788330078125,0,1
315,10.5,1552.0360791928301,2392.2294488354264,0.9909407793807394,0.044343702495098114,-0.1646507978439331,0.9994465112686157,50,41.44026565551758,54,1
316,10.533333333333333,1551.994616193988,2392.2060941281084,0.9909740918563952,0.1340421587228775,0.10513348877429962,1.0000336170196533,50,54.51966857910156,0,1
317,10.566666666666666,1551.9531531951457,2392.1827394207903,0.991153536365607,0.06738191843032837,-0.12165873497724533,1.0001810789108276,49,56.69976806640625,0,1
318,10.6,1551.9116901963034,2392.1593847134723,0.9910459565031482,0.07869613915681839,0.2553553581237793,0.999891459941864,49,28.92442512512207,0,1
319,10.633333333333333,1551.8702271974612,2392.136030006154,0.9913291426000236,0.12809261679649353,-0.06258802860975266,1.0002857446670532,49,50.409828186035156,0,1
320,10.666666666666666,1584.3376753314315,2409.418583501961,0.9915587578739846,0.10799060761928558,-0.14619556069374084,1.0002316236495972,48,34.793880462646484,57,1
321,10.7,1584.2962123325892,2409.3952287946427,0.9915879540187079,0.1396254450082779,0.043784838169813156,1.000029444694519,47,39.93107223510742,0,1
322,10.733333333333333,1584.254749333747,2409.3718740873246,0.991372108957878,0.04491333290934563,-0.24464887380599976,0.9997823238372803,47,27.69237518310547,0,1
323,10.766666666666667,1584.213286334905,2409.3485193800066,0.9914049632104894,0.19200457632541656,-0.1842481642961502,1.0000331401824951,47,29.51593780517578,0,1
324,10.8,1584.1718233360627,2409.3251646726885,0.9920939799025934,0.15616074204444885,-0.08479711413383484,1.000694990158081,47,56.75780487060547,0,1
325,10.833333333333334,1611.2089736184705,2422.9573275434955,0.9919722833463448,0.1697760671377182,-0.025873485952615738,0.9998773336410522,47,5.436140537261963,51,1
326,10.866666666666667,1611.1675106196283,2422.9339728361774,0.9925860128412226,0.038637675344944,-0.052852630615234375,1.0006186962127686,46,46.443119049072266,0,1
327,10.9,1611.126047620786,2422.9106181288594,0.9926593746347361,0.21549656987190247,-0.06483303755521774,1.0000739097595215,46,37.41834259033203,0,1
328,10.933333333333334,1611.0845846219438,2422.8872634215413,0.9926876565130331,0.0359850749373436,-0.2890441417694092,1.0000284910202026,46,25.984432220458984,0,1
329,10.966666666666667,1611.0431216231016,2422.8639087142233,0.9930320189007443,0.08313601464033127,-0.02848880924284458,1.0003468990325928,45,48.712135314941406,0,1
330,11.0,1648.8510238586343,2441.44577861628,0.9931946711541301,0.18339206278324127,-0.02787802368402481,1.0001637935638428,45,41.572425842285156,51,1
331,11.033333333333333,1648.8095608597923,2441.422423908962,0.9927570720310591,0.10023356974124908,-0.11428917199373245,0.9995594024658203,44,51.4709587097168,0,1
332,11.066666666666666,1648.76809786095,2441.3990692016437,0.9927313909782991,0.09226913750171661,0.008805692195892334,0.9999741315841675,44,44.17753601074219,0,1
333,11.1,1648.7266348621079,2441.3757144943256,0.9930499698062183,0.11744220554828644,-0.08514456450939178,1.0003209114074707,44,41.781822204589844,0,1
334,11.133333333333333,1648.6851718632656,2441.3523597870076,0.9927900648006787,0.06517121195793152,-0.09080471843481064,0.9997382760047913,44,53.3454475402832,0,1
335,11.166666666666666,1686.6852127706734,2458.0816906265645,0.9928762234538395,0.26694804430007935,0.030256066471338272,1.000086784362793,44,21.026973724365234,52,1
336,11.2,1686.6437497718312,2458.0583359192465,0.9933269385973904,0.046087972819805145,-0.16254882514476776,1.0004539489746094,44,55.194114685058594,0,1
337,11.233333333333333,1686.602286772989,2458.0349812119284,0.9942566053305275,0.12336171418428421,0.03732861578464508,1.0009359121322632,43,53.464962005615234,0,1
338,11.266666666666667,1686.5608237741467,2458.0116265046104,0.9941223169320423,0.11354338377714157,-0.23961958289146423,0.999864935874939,43,52.435386657714844,0,1
339,11.3,1686.5193607753047,2457.9882717972923,0.9939293256523063,0.21958424150943756,-0.04035406559705734,0.9998058676719666,43,23.044200897216797,0,1
340,11.333333333333334,1722.319328440525,2479.8450440430993,0.9944367995146883,0.09265048801898956,-0.16851027309894562,1.000510573387146,43,45.359405517578125,53,1
341,11.366666666666667,1722.2778654416827,2479.8216893357812,0.9944224554360591,0.14084714651107788,-0.08201097697019577,0.9999855756759644,43,32.225929260253906,0,1
342,11.4,1722.2364024428405,2479.7983346284627,0.9950138734198498,0.07175672054290771,-0.06640767306089401,1.0005947351455688,41,49.04147720336914,0,1
343,11.433333333333334,1722.1949394439982,2479.7749799211447,0.9953830029791382,0.12571008503437042,-0.07421944290399551,1.000370979309082,40,42.46251678466797,0,1
344,11.466666666666667,1722.153476445156,2479.7516252138266,0.9956746665568524,0.16656146943569183,0.019480930641293526,1.0002930164337158,40,34.233680725097656,0,1
345,11.5,1770.6918474306888,2490.6926259752586,0.9968835615819724,0.15951751172542572,0.1306794136762619,1.0012141466140747,39,47.92924118041992,54,1
346,11.533333333333333,1770.6503844318465,2490.6692712679405,0.9970184424635675,0.13438424468040466,-0.04090530425310135,1.0001353025436401,39,34.57217025756836,0,1
347,11.566666666666666,1770.6089214330045,2490.6459165606225,0.9970070919199189,0.06290100514888763,-0.018039915710687637,0.9999886155128479,39,46.11296081542969,0,1
348,11.6,1770.5674584341623,2490.6225618533044,0.9968100938893926,0.14795330166816711,-0.16213318705558777,0.9998024106025696,38,37.96173095703125,0,1
349,11.633333333333333,1770.52599543532,2490.5992071459864,0.9968573878405902,0.08696705102920532,-0.09488625824451447,1.0000474452972412,38,35.21858215332031,0,1
350,11.666666666666666,1816.4774523583528,2504.6351786105433,0.997095889005193,0.1672733724117279,0.012170236557722092,1.0002392530441284,38,41.75176239013672,42,1
351,11.7,1816.4359893595106,2504.6118239032253,0.9975409124236714,0.13721522688865662,-0.10744500905275345,1.0004463195800781,38,42.7333984375,0,1
352,11.733333333333333,1816.3945263606684,2504.5884691959072,0.9977367673119629,0.21426235139369965,-0.18571019172668457,1.0001963376998901,38,40.375816345214844,0,1
353,11.766666666666667,1816.3530633618261,2504.5651144885887,0.9983849875389481,0.1237889975309372,0.04576512798666954,1.0006496906280518,38,51.76346206665039,0,1
354,11.8,1816.3116003629839,2504.5417597812707,0.9984982914992878,0.11198003590106964,-0.14396438002586365,1.0001134872436523,38,29.237150192260742,0,1
355,11.833333333333334,1871.0732379500794,2518.1543914020776,0.9991208198215722,0.13608837127685547,-0.10967862606048584,1.0006234645843506,38,43.40452575683594,40,1
356,11.866666666666667,1871.0317749512371,2518.1310366947596,0.9989001192143762,0.011455539613962173,0.22437596321105957,0.9997791051864624,38,28.201335906982422,0,1
357,11.9,1870.990311952395,2518.1076819874415,0.9986309430030805,0.13119782507419586,-0.10092705488204956,0.9997305274009705,36,33.61329650878906,0,1
358,11.933333333333334,1870.9488489535527,2518.0843272801235,0.9985586820293406,0.07609377801418304,-0.004825387615710497,0.9999276399612427,32,39.87761306762695,0,1
359,11.966666666666667,1870.9073859547104,2518.0609725728054,0.9974345516713904,0.024815693497657776,-0.03372018784284592,0.9988742470741272,32,35.419677734375,0,1
360,12.0,1921.7364063543057,2524.4426471623624,0.9975031589702789,0.16139601171016693,-0.15021492540836334,1.0000687837600708,32,34.93411636352539,47,1
361,12.033333333333333,1921.6949433554635,2524.4192924550443,0.9979348082340258,0.10430382192134857,0.02807982824742794,1.0004327297210693,32,41.67161560058594,0,1
362,12.066666666666666,1921.6534803566212,2524.3959377477263,0.997652330354245,0.1187039315700531,-0.23368996381759644,0.9997169375419617,32,27.923629760742188,0,1
363,12.1,1921.6120173577792,2524.3725830404082,0.9982776612736303,0.054286353290081024,-0.16459636390209198,1.000626802444458,30,28.870370864868164,0,1
364,12.133333333333333,1921.570554358937,2524.3492283330897,0.9987011964056179,0.0641358345746994,0.09105770289897919,1.0004242658615112,30,31.95758628845215,0,1
365,12.166666666666666,1978.8364644069698,2523.9110787038967,1.000103777000021,0.08143140375614166,0.11126332730054855,1.0014044046401978,29,48.702571868896484,37,1
366,12.2,1978.7950014081275,2523.8877239965786,1.0007791677080746,0.03654585778713226,-0.0,1.0006753206253052,29,31.029014587402344,0,1
367,12.233333333333333,1978.7535384092853,2523.8643692892606,1.0016558000795384,0.13618271052837372,-0.03170933201909065,1.0008759498596191,28,31.218721389770508,0,1
368,12.266666666666667,1978.712075410443,2523.8410145819425,1.0020027958808717,0.19047215580940247,0.06949244439601898,1.0003464221954346,28,18.492725372314453,0,1
369,12.3,1978.6706124116008,2523.8176598746245,1.0017019062645225,0.12792018055915833,-0.0,0.9996997117996216,27,34.44403076171875,0,1
370,12.333333333333334,2032.8547353502586,2524.0018246985564,1.0013546556666382,0.12857602536678314,-0.0,0.9996533393859863,27,19.370529174804688,39,1
371,12.366666666666667,2032.8132723514166,2523.9784699912384,1.0018875268155696,0.09572136402130127,-0.07380077242851257,1.0005321502685547,26,32.675758361816406,0,1
372,12.4,2032.7718093525743,2523.9551152839203,1.001288563799658,0.18282872438430786,0.17640596628189087,0.9994021654129028,25,23.524457931518555,0,1
373,12.433333333333334,2032.730346353732,2523.9317605766023,1.0015238280722583,0.045971982181072235,0.009082275442779064,1.0002349615097046,25,32.043312072753906,0,1
374,12.466666666666667,2032.6888833548899,2523.9084058692843,1.0008926081512632,0.22778333723545074,-0.13121475279331207,0.999369740486145,24,21.850879669189453,0,1
375,12.5,2105.961141059173,2512.4377855369657,1.0012040221197398,0.008779623545706272,0.011027637869119644,1.0003111362457275,295,72.52389526367188,32,1
376,12.533333333333333,2105.9196780603306,2512.4144308296477,1.000987933838818,0.07259884476661682,0.2253568321466446,0.9997841715812683,293,27.114564895629883,0,1
377,12.566666666666666,2105.8782150614884,2512.3910761223297,1.0014772941136898,0.055390212684869766,0.030348695814609528,1.0004888772964478,279,56.390193939208984,0,1
378,12.6,2105.836752062646,2512.3677214150116,1.0015620577453699,0.04719095677137375,0.022930189967155457,1.000084638595581,266,52.04818344116211,0,1
379,12.633333333333333,2105.795289063804,2512.3443667076936,1.001526716676972,0.11128634959459305,0.014379644766449928,0.999964714050293,261,47.45320129394531,0,1
380,12.666666666666666,2164.8690604399617,2496.9682287972505,1.001455678860397,0.15909196436405182,0.013702727854251862,0.9999290704727173,255,41.588836669921875,29,1
381,12.7,2164.8275974411195,2496.9448740899325,1.0027106310641691,0.002513261279091239,0.07480105757713318,1.0012531280517578,240,49.027992248535156,0,1
382,12.733333333333333,2164.786134442277,2496.9215193826144,1.0028454636361335,0.13290026783943176,0.05564790964126587,1.0001344680786133,230,47.861915588378906,0,1
383,12.766666666666667,2164.744671443435,2496.8981646752964,1.003017852566283,0.08240252733230591,0.067886121571064,1.0001718997955322,221,44.47541427612305,0,1
384,12.8,2164.7032084445927,2496.8748099679783,1.0028775980757811,0.06484027951955795,0.0848018229007721,0.9998601675033569,207,45.742774963378906,0,1
385,12.833333333333334,2239.3880638051255,2473.0682521356603,1.002404230641091,0.12882423400878906,-0.0027115170378237963,0.9995279908180237,196,45.53108215332031,25,1
386,12.866666666666667,2239.3466008062833,2473.0448974283418,1.0021984587078734,0.1336345225572586,0.0645754411816597,0.9997947216033936,188,36.91277313232422,0,1
387,12.9,2239.305137807441,2473.0215427210237,1.0018435092787403,0.04124913364648819,0.05697600543498993,0.9996458292007446,180,40.95893096923828,0,1
388,12.933333333333334,2239.263674808599,2472.9981880137057,1.0022177999307864,0.07872165739536285,0.016067469492554665,1.0003736019134521,169,41.56525802612305,0,1
389,12.966666666666667,2239.2222118097566,2472.9748333063876,1.00214527941194,0.1102600246667862,0.028526458889245987,0.9999276399612427,154,39.314876556396484,0,1
390,13.0,2300.8870476390393,2448.1951309428196,1.0024585167121713,0.16659653186798096,0.01296205073595047,1.0003125667572021,147,28.79636573791504,21,1
391,13.033333333333333,2300.8455846401976,2448.1717762355015,1.002718912371131,0.14092501997947693,-0.027842950075864792,1.0002597570419312,136,40.880924224853516,0,1
392,13.066666666666666,2300.8041216413553,2448.1484215281835,1.0032521509094068,0.10378481447696686,-0.06759563833475113,1.000531792640686,123,34.02278518676758,0,1
393,13.1,2300.762658642513,2448.1250668208654,1.0036958556909241,0.12539133429527283,-0.06063484400510788,1.0004422664642334,114,30.302825927734375,0,1
394,13.133333333333333,2300.721195643671,2448.1017121135474,1.0039267799397964,0.10231985151767731,-0.013950825668871403,1.000230073928833,109,29.449851989746094,0,1
395,13.166666666666666,2300.6797326448286,2448.0783574062293,1.0036180122524465,0.07827587425708771,-0.01236991211771965,0.999692440032959,102,35.373497009277344,0,1
396,13.2,2300.6382696459864,2448.0550026989113,1.0044557356651738,0.07076610624790192,-0.08855733275413513,1.0008347034454346,95,29.626686096191406,0,1
397,13.233333333333333,2300.596806647144,2448.0316479915928,1.0042463694802464,0.15364059805870056,-0.03521308675408363,0.9997915625572205,91,23.64790916442871,0,1
398,13.266666666666667,2300.555343648302,2448.0082932842747,1.0041047460481949,0.11898410320281982,-0.04620005935430527,0.9998589754104614,90,21.82229995727539,0,1
399,13.3,2300.5138806494597,2447.9849385769567,1.004324991496871,0.16303297877311707,-0.027733445167541504,1.0002193450927734,87,27.87307357788086,0,1
400,13.333333333333334,2300.4724176506174,2447.9615838696386,1.0044783590536943,0.2553941309452057,0.010321596637368202,1.0001527070999146,85,24.408275604248047,0,1
401,13.366666666666667,2300.430954651775,2447.9382291623206,1.0043061085301868,0.175929456949234,0.046555254608392715,0.9998285174369812,83,27.55436897277832,0,1
402,13.4,2300.389491652933,2447.9148744550025,1.0049909219033701,0.12600456178188324,-0.09147758781909943,1.0006818771362305,81,26.49197006225586,0,1
403,13.433333333333334,2300.3480286540907,2447.8915197476845,1.0049450368741628,0.12948240339756012,0.006425382103770971,0.999954342842102,78,21.366928100585938,0,1
404,13.466666666666667,2300.3065656552485,2447.8681650403664,1.005498267658136,0.06765994429588318,-0.04206548631191254,1.0005505084991455,76,23.865610122680664,0,1
405,13.5,2300.2651026564063,2447.8448103330484,1.0055674296097303,-0.019882826134562492,0.14249823987483978,1.0000687837600708,73,14.83245849609375,0,1
406,13.533333333333333,2300.223639657564,2447.8214556257303,1.0051075968627499,0.07171560078859329,-0.01126767136156559,0.9995427131652832,65,33.36294174194336,0,1
407,13.566666666666666,2300.1821766587223,2447.7981009184123,1.0047320867413367,0.17935654520988464,-0.01528102345764637,0.9996263980865479,64,12.519425392150879,0,1
408,13.6,2300.14071365988,2447.7747462110938,1.0025354426174444,0.015414170920848846,0.07073903828859329,0.9978137016296387,61,14.39924144744873,0,1
409,13.633333333333333,2300.099250661038,2447.7513915037757,1.0026793345090326,0.05346202850341797,-0.06511557102203369,1.0001435279846191,58,15.557817459106445,0,1
410,13.666666666666666,2300.0577876621956,2447.7280367964577,1.0023388570323941,0.0979432538151741,-0.015720561146736145,0.9996604323387146,56,16.056957244873047,0,1
411,13.7,2300.0163246633533,2447.7046820891396,1.0017130978367947,0.12553469836711884,-0.026008078828454018,0.9993757009506226,55,17.301156997680664,0,1
412,13.733333333333333,2299.974861664511,2447.6813273818216,1.001526335112274,0.052494704723358154,0.06291978806257248,0.9998135566711426,54,11.161657333374023,0,1
413,13.766666666666667,2299.933398665669,2447.6579726745035,1.0008910543089355,0.06585142761468887,0.01892564259469509,0.9993656873703003,54,10.558316230773926,0,1
414,13.8,2299.8919356668266,2447.6346179671855,1.000916587828397,0.07851840555667877,-0.08883573114871979,1.0000255107879639,50,13.453641891479492,0,1
415,13.833333333333334,2299.8504726679844,2447.6112632598674,1.0011880375417832,0.03709513694047928,0.06061352789402008,1.000271201133728,50,9.045690536499023,0,1
416,13.866666666666667,2299.809009669142,2447.5879085525494,1.0018997270459133,0.16156961023807526,-0.07863624393939972,1.0007108449935913,49,10.61105728149414,0,1
417,13.9,2299.7675466703,2447.5645538452313,1.0016075871900094,0.04453083872795105,0.019586803391575813,0.9997084140777588,48,9.539721488952637,0,1
418,13.933333333333334,2299.7260836714577,2447.541199137913,1.0036802679143955,-0.06955380737781525,0.06392563879489899,1.002069354057312,47,11.670770645141602,0,1
419,13.966666666666667,2299.6846206726154,2447.517844430595,1.0037677306109294,0.12839002907276154,-0.08840204775333405,1.0000871419906616,42,13.064717292785645,0,1
420,14.0,2299.643157673773,2447.4944897232767,1.0040206885489462,0.0975106954574585,-0.014319775626063347,1.0002520084381104,42,6.988378524780273,0,1
421,14.033333333333333,2299.601694674931,2447.4711350159587,1.0044355292122018,0.027924541383981705,0.08676064759492874,1.000413179397583,41,8.893951416015625,0,1
422,14.066666666666666,2299.5602316760887,2447.4477803086406,1.0071932161458725,0.1331806629896164,-0.03581249341368675,1.002745509147644,39,10.838407516479492,0,1
423,14.1,2299.518768677247,2447.4244256013226,1.007448358069814,-0.04906280338764191,0.11877311766147614,1.0002533197402954,37,9.96852970123291,0,1
424,14.133333333333333,2299.4773056784047,2447.4010708940045,1.0078620929342337,0.19238737225532532,-0.11705262213945389,1.0004106760025024,35,11.512943267822266,0,1
425,14.166666666666666,2299.4358426795625,2447.3777161866865,1.0085004314165849,-0.030809646472334862,0.1708473265171051,1.0006333589553833,35,9.578049659729004,0,1
426,14.2,2299.3943796807202,2447.3543614793684,1.0089952677202614,0.1008676290512085,0.1442122906446457,1.000490665435791,35,5.229296684265137,0,1
427,14.233333333333333,2299.352916681878,2447.3310067720504,1.0082309382357117,0.020088566467165947,0.03491916134953499,0.9992424845695496,35,5.047391891479492,0,1
428,14.266666666666667,2299.311453683036,2447.3076520647323,1.008373604351912,0.040923770517110825,-0.0007699640700593591,1.0001415014266968,35,4.956361293792725,0,1
429,14.3,2299.2699906841935,2447.284297357414,1.0074973517735435,-0.09707477688789368,0.11404022574424744,0.9991310238838196,35,7.074878215789795,0,1
430,14.333333333333334,2299.2285276853513,2447.260942650096,1.0072539629558315,0.050012510269880295,0.05499040707945824,0.9997584223747253,33,6.033360481262207,0,1
431,14.366666666666667,2299.187064686509,2447.2375879427777,1.0064078012712052,-0.02016603946685791,0.09416775405406952,0.9991599321365356,33,3.4971206188201904,0,1
432,14.4,2299.145601687667,2447.2142332354597,1.0070849297805329,0.005231694784015417,0.14456389844417572,1.0006728172302246,33,3.942007303237915,0,1
433,14.433333333333334,2299.1041386888246,2447.1908785281416,1.0073580523552497,0.03706374019384384,-0.0012853392399847507,1.000271201133728,32,3.7845559120178223,0,1
434,14.466666666666667,2299.0626756899824,2447.1675238208236,1.007138294174177,-0.06312107294797897,0.15820752084255219,0.9997818470001221,32,4.069262981414795,0,1
435,14.5,2299.02121269114,2447.1441691135055,1.0071740721258544,-0.010541822761297226,-0.016685280948877335,1.0000355243682861,32,3.2745747566223145,0,1
436,14.533333333333333,2298.979749692298,2447.1208144061875,1.0074852793243492,0.014949092641472816,-0.0024252482689917088,1.0003089904785156,32,3.8348212242126465,0,1
437,14.566666666666666,2298.9382866934557,2447.0974596988694,1.0073791095060762,-0.03475575149059296,0.16005191206932068,0.9998946189880371,32,4.433928966522217,0,1
438,14.6,2298.8968236946134,2447.0741049915514,1.0077206424740532,0.2091810256242752,-0.0033501700963824987,1.0003390312194824,32,4.127087593078613,0,1
439,14.633333333333333,2298.8553606957717,2447.0507502842333,1.0088279976970325,-0.0954824686050415,0.14369183778762817,1.001098871231079,32,6.121433258056641,0,1
440,14.666666666666666,2298.8138976969294,2447.027395576915,1.0102926645623755,-0.07165727019309998,0.12227802723646164,1.001451849937439,31,7.758580684661865,0,1
441,14.7,2298.772434698087,2447.004040869597,1.010479220345815,-0.14085496962070465,0.12593118846416473,1.0001846551895142,31,10.887507438659668,0,1
442,14.733333333333333,2298.730971699245,2446.9806861622787,1.0101840367671502,-0.06180713698267937,0.12078893929719925,0.9997078776359558,31,12.128849029541016,0,1
443,14.766666666666667,2298.6895087004027,2446.9573314549607,1.010639598191774,-0.008024883456528187,0.2607320547103882,1.0004509687423706,31,11.22376537322998,0,1
444,14.8,2298.6480457015605,2446.9339767476426,1.0108247723067667,-0.005941212177276611,0.1561926156282425,1.0001832246780396,31,14.752840042114258,0,1
445,14.833333333333334,2298.6065827027182,2446.9106220403246,1.0113613574840787,0.1689060628414154,-0.03963857516646385,1.0005308389663696,31,12.792201042175293,0,1
446,14.866666666666667,2298.565119703876,2446.8872673330065,1.0104998697879195,-0.06969259679317474,0.24308878183364868,0.9991481900215149,29,21.357891082763672,0,1
447,14.9,2298.5236567050338,2446.8639126256885,1.0109049800353047,0.10322100669145584,0.10835709422826767,1.0004009008407593,29,15.061320304870605,0,1
448,14.933333333333334,2298.4821937061915,2446.8405579183705,1.0111492523143921,-0.07416344434022903,0.16503526270389557,1.0002416372299194,29,21.747501373291016,0,1
449,14.966666666666667,2298.4407307073493,2446.8172032110524,1.011498813627987,-0.12484560906887054,0.09128565341234207,1.0003457069396973,28,32.37620162963867,0,1
450,15.0,2955.137793099132,1672.3668465506091,1.0112698923936567,-0.05190034210681915,0.21279123425483704,0.9997736811637878,28,12.42911434173584,9,1
451,15.033333333333333,2955.09633010029,1672.343491843291,1.0105968463043373,0.01242526900023222,0.2019510716199875,0.999334454536438,26,19.223773956298828,0,1
452,15.066666666666666,2955.0548671014476,1672.320137135973,1.009302248474711,-0.2215205878019333,0.2774038314819336,0.9987189769744873,26,44.68567657470703,0,1
453,15.1,2955.0134041026054,1672.296782428655,1.0094886213726801,-0.017298435792326927,0.1815359890460968,1.0001846551895142,26,15.148393630981445,0,1
454,15.133333333333333,2954.971941103763,1672.2734277213367,1.0077433844118568,-0.08378203213214874,0.08676841855049133,0.9982711672782898,25,30.873641967773438,0,1
455,15.166666666666666,2997.7551851361713,1800.0330319983937,1.0072324614298909,-0.07053820043802261,0.1359187513589859,0.9994930028915405,25,22.586671829223633,15,1
456,15.2,2997.713722137329,1800.0096772910756,1.0069087487571786,-0.013355548493564129,0.17384448647499084,0.9996786117553711,25,22.63988494873047,0,1
457,15.233333333333333,2997.672259138487,1799.9863225837576,1.0063915270919876,-0.04989595711231232,-0.15838177502155304,0.9994863271713257,22,44.95494079589844,0,1
458,15.266666666666667,2997.6307961396446,1799.9629678764395,1.0063308216551967,-0.19450226426124573,0.0911935493350029,0.9999396800994873,296,47.07514190673828,0,1
459,15.3,2997.5893331408024,1799.9396131691212,1.0060746985529807,-0.07595494389533997,0.09945541620254517,0.9997454881668091,296,54.121665954589844,0,1
460,15.333333333333334,3045.97755764196,1779.0461412743032,1.0057141786021317,-0.016345415264368057,0.025469787418842316,0.9996416568756104,284,56.112144470214844,12,1
461,15.366666666666667,3045.936094643118,1779.0227865669851,1.0055025119725405,-0.08460210263729095,0.11518345773220062,0.9997895359992981,282,47.5279426574707,0,1
462,15.4,3045.8946316442757,1778.999431859667,1.0055523759124194,-0.09069211035966873,0.10991942882537842,1.0000495910644531,279,49.429664611816406,0,1
463,15.433333333333334,3045.8531686454335,1778.976077152349,1.0050541912703082,-0.03635142743587494,0.05084158480167389,0.999504566192627,274,55.16690444946289,0,1
464,15.466666666666667,3045.8117056465912,1778.952722445031,1.005382595403422,-0.07039695233106613,0.17883841693401337,1.0003267526626587,273,34.26971435546875,0,1
465,15.5,2988.300271944624,1723.8621069955252,1.0053976966224825,-0.07974275946617126,0.09647242724895477,1.0000150203704834,268,53.31096649169922,24,1
466,15.533333333333333,2988.2588089457818,1723.8387522882072,1.0054537877072034,-0.02189537137746811,0.11760996282100677,1.0000557899475098,264,53.672157287597656,0,1
467,15.566666666666666,2988.2173459469395,1723.815397580889,1.005654312536452,-0.07574725896120071,0.16871997714042664,1.0001994371414185,261,42.90081024169922,0,1
468,15.6,2988.1758829480973,1723.792042873571,1.0061021966802381,-0.0588957816362381,0.10066452622413635,1.0004453659057617,256,50.763275146484375,0,1
469,15.633333333333333,2988.134419949255,1723.768688166253,1.0064062362859254,-0.023962346836924553,0.10694482922554016,1.0003021955490112,248,59.905418395996094,0,1
470,15.666666666666666,2965.811706950413,1673.7070033808097,1.0062020422868545,-0.06320992857217789,0.07051309943199158,0.9997971057891846,245,50.54433059692383,29,1
471,15.7,2965.770243951571,1673.6836486734917,1.0055766901011924,-0.06116890907287598,0.10986802726984024,0.999378502368927,243,52.667396545410156,0,1
472,15.733333333333333,2965.728780952729,1673.6602939661736,1.0054483049584968,0.00428970530629158,0.08146005123853683,0.9998723268508911,234,59.77751922607422,0,1
473,15.766666666666667,2965.6873179538866,1673.6369392588556,1.005473715019457,-0.05759129300713539,0.1090056300163269,1.0000252723693848,232,46.94636535644531,0,1
474,15.8,2965.6458549550443,1673.6135845515375,1.0060200451368089,-0.023514248430728912,0.08302002400159836,1.0005433559417725,228,58.33952713012695,0,1
475,15.833333333333334,2920.616843128077,1635.5710648051568,1.0063769476949362,-0.07834240794181824,-0.014267368242144585,1.0003547668457031,224,53.615257263183594,31,1
476,15.866666666666667,2920.575380129235,1635.5477100978387,1.006443890665309,-0.014796235598623753,0.05420120432972908,1.0000665187835693,208,61.851158142089844,0,1
477,15.9,2920.5339171303926,1635.5243553905207,1.0063712443125652,-0.08812844753265381,0.11609043180942535,0.999927818775177,204,55.45710754394531,0,1
478,15.933333333333334,2920.4924541315504,1635.5010006832026,1.00642391061623,-0.07753205299377441,0.014334684237837791,1.0000523328781128,197,53.035888671875,0,1
479,15.966666666666667,2920.450991132708,1635.4776459758846,1.0061678837968513,0.015040007419884205,0.12794508039951324,0.9997456073760986,191,65.02070617675781,0,1
480,16.0,2875.143903133866,1588.6581486904415,1.0064059737456648,-0.07898353785276413,0.09645981341600418,1.0002366304397583,185,49.76879119873047,41,1
481,16.033333333333335,2875.1024401350237,1588.6347939831232,1.0063855783456728,-0.04216494411230087,0.08666388690471649,0.9999797344207764,176,59.72693634033203,0,1
482,16.066666666666666,2875.0609771361815,1588.6114392758052,1.0067289339447454,0.03757394105195999,0.03879423812031746,1.0003411769866943,165,59.50965881347656,0,1
483,16.1,2875.0195141373392,1588.5880845684871,1.006885188840909,-0.1948230117559433,0.0395369678735733,1.0001552104949951,163,38.08965301513672,0,1
484,16.133333333333333,2874.978051138497,1588.564729861169,1.0059732603991198,-0.060520242899656296,0.02757962979376316,0.9990943074226379,151,61.66105270385742,0,1
485,16.166666666666668,2810.2649572802798,1549.136589997601,1.0067874064964044,-0.035334620624780655,-0.004265093244612217,1.0008093118667603,141,58.859291076660156,28,1
486,16.2,2810.2234942814375,1549.1132352902828,1.0071808268491609,0.0012063516769558191,0.10924573987722397,1.0003907680511475,137,54.51362228393555,0,1
487,16.233333333333334,2810.1820312825957,1549.0898805829647,1.0076109007925105,-0.07715021073818207,0.03978254273533821,1.000427007675171,130,60.98762130737305,0,1
488,16.266666666666666,2810.1405682837535,1549.0665258756467,1.0062774265837802,-0.004369170870631933,0.03720738738775253,0.998676598072052,127,65.48777770996094,0,1
489,16.3,2810.0991052849113,1549.0431711683286,1.0063849086087144,-0.05123714357614517,-0.060313880443573,1.0001068115234375,121,70.6620101928711,0,1
490,16.333333333333332,2738.839380567319,1511.1003828672606,1.0063556358238017,-0.05394480749964714,-0.0038794137071818113,0.9999709129333496,116,68.1047134399414,20,1
491,16.366666666666667,2738.797917568477,1511.0770281599425,1.005767437915109,-0.10009244084358215,0.053321972489356995,0.9994155168533325,110,61.037899017333984,0,1
492,16.4,2738.7564545696346,1511.0536734526243,1.0073197420660105,0.02179805561900139,0.07778007537126541,1.001543402671814,103,61.6219482421875,0,1
493,16.433333333333334,2738.7149915707923,1511.0303187453062,1.0073068332648993,0.0028533984441310167,0.06084565818309784,0.9999871850013733,97,56.17210006713867,0,1
494,16.466666666666665,2738.67352857195,1511.0069640379882,1.0071530103596673,-0.0011928621679544449,-0.023125533014535904,0.9998472929000854,96,56.06052780151367,0,1
495,16.5,2666.652329244983,1476.5794345259826,1.0073335835998976,-0.009684963151812553,-0.015636879950761795,1.0001792907714844,93,53.03607940673828,32,1
496,16.533333333333335,2666.6108662461406,1476.5560798186646,1.0074440604390718,-0.011558829806745052,0.027868179604411125,1.0001096725463867,88,65.8613510131836,0,1
497,16.566666666666666,2666.5694032472984,1476.5327251113463,1.0065686756605077,-0.04515088349580765,-0.013665745966136456,0.9991310834884644,82,58.22990798950195,0,1
498,16.6,2666.527940248456,1476.5093704040282,1.0074448597031609,-0.04713277146220207,0.03587514907121658,1.0008704662322998,77,64.73163604736328,0,1
499,16.633333333333333,2666.486477249614,1476.4860156967102,1.007697543340877,0.055566832423210144,-0.006336425431072712,1.0002508163452148,70,64.2774887084961,0,1
500,16.666666666666668,2574.5790474538967,1447.1477195831421,1.0075589168887868,-0.06746806204319,0.053815096616744995,0.9998624324798584,66,65.66978454589844,29,1
501,16.7,2574.5375844550545,1447.124364875824,1.0077097755294113,-0.03679577261209488,0.045605361461639404,1.0001497268676758,65,72.98837280273438,0,1
502,16.733333333333334,2574.4961214562127,1447.101010168506,1.004011623769349,0.03978756070137024,0.029466083273291588,0.9963301420211792,61,70.14982604980469,0,1
503,16.766666666666666,2574.4546584573704,1447.0776554611878,1.0043924694337112,0.02985546365380287,-0.08798758685588837,1.0003793239593506,60,64.83101654052734,0,1
504,16.8,2574.413195458528,1447.0543007538697,1.004138276460025,-0.08421555161476135,0.048023372888565063,0.9997469186782837,56,63.17457962036133,0,1
505,16.833333333333332,2489.553128944061,1417.5682995621767,1.0044675783416415,-0.07106262445449829,-0.03074013441801071,1.0003279447555542,54,55.37265396118164,26,1
506,16.866666666666667,2489.5116659452187,1417.5449448548586,1.0058049752473615,-0.034905578941106796,-0.10007915645837784,1.0013314485549927,51,70.63963317871094,0,1
507,16.9,2489.4702029463765,1417.5215901475406,1.005140242459422,-0.007287941873073578,-0.016986992210149765,0.9993391036987305,46,63.9609260559082,0,1
508,16.933333333333334,2489.4287399475343,1417.4982354402223,1.0049026353259385,-0.03687937185168266,0.01951022446155548,0.9997636079788208,44,58.778831481933594,0,1
509,16.966666666666665,2489.387276948692,1417.4748807329042,1.0050129653505546,-0.025290578603744507,0.040189988911151886,1.0001097917556763,43,64.65776062011719,0,1
510,17.0,2394.45421238735,1393.5467408693362,1.0041253760683042,-0.03873222693800926,0.027750488370656967,0.999116837978363,43,68.46839141845703,22,1
511,17.033333333333335,2394.4127493885076,1393.5233861620181,1.0059873262541685,-0.0903795138001442,-0.010669310577213764,1.0018543004989624,41,59.97081756591797,0,1
512,17.066666666666666,2394.3712863896653,1393.5000314547,1.0061688897283407,0.004208507016301155,-0.01948970928788185,1.0001804828643799,40,54.809478759765625,0,1
513,17.1,2394.329823390823,1393.4766767473818,1.006707801168898,0.005547637119889259,0.09098077565431595,1.0005356073379517,39,55.82744598388672,0,1
514,17.133333333333333,2394.288360391981,1393.4533220400638,1.0076310298040174,0.0026012423913925886,0.014792625792324543,1.0009170770645142,37,66.83572387695312,0,1
515,17.166666666666668,2303.7925516900136,1367.2395376452457,1.0077076657127422,0.027794430032372475,0.10343500971794128,1.0000760555267334,35,62.5422477722168,23,1
516,17.2,2303.7510886911714,1367.2161829379277,1.0097849210756706,-0.17043453454971313,-0.04693608358502388,1.002061367034912,34,60.14873123168945,0,1
517,17.233333333333334,2303.709625692329,1367.1928282306096,1.0092838570452645,-0.15402834117412567,0.00460989261046052,0.9995037913322449,31,63.7900390625,0,1
518,17.266666666666666,2303.6681626934874,1367.1694735232916,1.0070623422079419,-0.006911196280270815,0.04137566313147545,0.9977989196777344,31,59.33158874511719,0,1
519,17.3,2303.626699694645,1367.1461188159733,1.0063194654668208,-0.0884924903512001,0.026920557022094727,0.9992623329162598,30,75.39412689208984,0,1
520,17.333333333333332,2203.562287477053,1346.5647807102177,1.0073446660903187,-0.16156905889511108,0.23633119463920593,1.001018762588501,30,83.34034729003906,26,1
521,17.366666666666667,2203.5208244782107,1346.5414260028997,1.0066617435939933,-0.2826205790042877,-0.09486903250217438,0.9993220567703247,29,73.52395629882812,0,1
522,17.4,2203.4793614793684,1346.5180712955816,1.0060446859503938,-0.03715180978178978,-0.18310216069221497,0.9993870258331299,26,62.86764144897461,0,1
523,17.433333333333334,2203.437898480526,1346.4947165882636,1.0049181846601758,-0.11996138095855713,0.05306059122085571,0.9988802671432495,24,71.32115936279297,0,1
524,17.466666666666665,2203.396435481684,1346.4713618809453,1.0049033300079024,-0.019234471023082733,0.012647896073758602,0.9999852180480957,298,77.21533966064453,0,1
525,17.5,2111.2402263890917,1335.6294036580023,1.004809351762359,0.01125052385032177,0.01050618477165699,0.9999064803123474,284,54.789058685302734,23,1
526,17.533333333333335,2111.1987633902495,1335.6060489506842,1.0048439689363478,-0.021907325834035873,0.04350598156452179,1.0000344514846802,263,60.93221664428711,0,1
527,17.566666666666666,2111.1573003914073,1335.5826942433662,1.0045490539931865,0.0074353511445224285,0.031413495540618896,0.999706506729126,248,61.57559585571289,0,1
528,17.6,2111.115837392565,1335.5593395360481,1.0047814918081137,-0.027116207405924797,0.002307348884642124,1.000231385231018,239,56.3227424621582,0,1
529,17.633333333333333,2111.074374393723,1335.53598482873,1.0048592285658908,-0.06656301021575928,0.0015405708691105247,1.0000773668289185,229,58.48579406738281,0,1
530,17.666666666666668,2016.2459240901933,1320.3101154729743,1.0048116725096607,-0.0579797625541687,0.019417982548475266,0.9999526739120483,216,64.8809585571289,26,1
531,17.7,2016.204461091351,1320.2867607656563,1.0050780696472623,-0.0675797089934349,0.02403276599943638,1.000265121459961,196,62.35907745361328,0,1
532,17.733333333333334,2016.1629980925088,1320.2634060583382,1.0051800319081368,-0.055610813200473785,0.011383476667106152,1.0001014471054077,181,60.760047912597656,0,1
533,17.766666666666666,2016.1215350936666,1320.2400513510202,1.0054911022743802,-0.011557579040527344,-0.030261898413300514,1.0003094673156738,164,59.58733367919922,0,1
534,17.8,2016.0800720948243,1320.216696643702,1.005546479386918,-0.017263274639844894,-0.09152904897928238,1.0000550746917725,157,57.88861846923828,0,1
535,17.833333333333332,1924.556919642857,1320.1050851004463,1.0052366141924525,-0.049144547432661057,-0.04202808439731598,0.9996918439865112,150,59.6343994140625,29,1
536,17.866666666666667,1924.5154566440149,1320.0817303931283,1.0053310430240279,-0.004068103153258562,0.05909637361764908,1.000093936920166,142,57.145111083984375,0,1
537,17.9,1924.4739936451726,1320.0583756858102,1.0053111487873272,-0.05331280827522278,-0.029170410707592964,0.9999802112579346,130,56.278350830078125,0,1
538,17.933333333333334,1924.4325306463306,1320.0350209784922,1.0062432831909456,-0.0006329462630674243,0.028829945251345634,1.000927209854126,120,57.251190185546875,0,1
539,17.966666666666665,1924.3910676474884,1320.0116662711741,1.006365875715882,-0.05869964510202408,-0.018380455672740936,1.000121831893921,118,60.53989028930664,0,1
540,18.0,1839.7795362892712,1306.8934629310436,1.00631308972501,-0.07899734377861023,-0.06361095607280731,0.9999475479125977,113,59.245933532714844,36,1
541,18.033333333333335,1839.738073290429,1306.8701082237253,1.006759467837668,-0.03112173080444336,0.014398538507521152,1.0004435777664185,111,52.12648391723633,0,1
542,18.066666666666666,1839.6966102915867,1306.8467535164073,1.0066013479685696,-0.06379271298646927,-0.01801758073270321,0.9998429417610168,108,56.701229095458984,0,1
543,18.1,1839.6551472927445,1306.8233988090892,1.0064980312132032,0.043160971254110336,0.04786590486764908,0.9998973608016968,100,57.97198486328125,0,1
544,18.133333333333333,1839.6136842939022,1306.8000441017712,1.0065906587957647,-0.11004886776208878,0.09048297256231308,1.0000920295715332,95,46.830562591552734,0,1
545,18.166666666666668,1760.7073531309975,1302.4181688866406,1.0067234932134996,-0.0581013560295105,-0.055935896933078766,1.0001319646835327,87,51.89567947387695,37,1
546,18.2,1760.6658901321555,1302.3948141793223,1.007355110013901,-0.019640207290649414,-0.023840155452489853,1.0006273984909058,83,64.4779281616211,0,1
547,18.233333333333334,1760.6244271333132,1302.3714594720043,1.007685707011385,-0.09413104504346848,-0.0034853797405958176,1.0003281831741333,79,43.60818862915039,0,1
548,18.266666666666666,1760.582964134471,1302.3481047646862,1.0075885254841312,-0.08637340366840363,0.08112331479787827,0.9999035596847534,78,50.08119201660156,0,1
549,18.3,1760.5415011356288,1302.3247500573682,1.007701913017326,-0.1553908884525299,0.012240037322044373,1.000112533569336,74,58.616878509521484,0,1
550,18.333333333333332,1688.944252003974,1303.8211707406751,1.0078350142088017,0.08138807117938995,-0.0013566314009949565,1.0001320838928223,69,62.343570709228516,41,1
551,18.366666666666667,1688.9027890051318,1303.7978160333569,1.008461681640885,-0.039567649364471436,-0.010108523070812225,1.0006217956542969,65,55.82933807373047,0,1
552,18.4,1688.8613260062896,1303.7744613260388,1.0086250579037106,-0.026482662186026573,0.06160121411085129,1.0001620054244995,60,61.53940200805664,0,1
553,18.433333333333334,1688.8198630074473,1303.7511066187208,1.00844951118791,-0.1257067620754242,-0.0002771827857941389,0.9998259544372559,60,33.89967346191406,0,1
554,18.466666666666665,1688.7784000086053,1303.7277519114027,1.0096828127720674,0.06654836982488632,0.03743553161621094,1.0012229681015015,50,59.81492614746094,0,1
555,18.5,1624.7392563457006,1309.5591335322097,1.0103282022386015,-0.006204833742231131,0.0995330810546875,1.0006392002105713,46,56.56880187988281,33,1
556,18.533333333333335,1624.6977933468584,1309.5357788248916,1.01056932413402,-0.058942537754774094,-0.1731019914150238,1.0002386569976807,46,46.20819854736328,0,1
557,18.566666666666666,1624.6563303480161,1309.5124241175733,1.010751594111043,-0.1635504961013794,-0.13013193011283875,1.0001803636550903,44,59.96598815917969,0,1
558,18.6,1624.614867349174,1309.4890694102553,1.0101770328755533,-0.05357566848397255,-0.03983280807733536,0.9994315505027771,38,64.46442413330078,0,1
559,18.633333333333333,1624.5734043503317,1309.4657147029372,1.0103499595660375,0.23167863488197327,-0.12996330857276917,1.000171184539795,38,16.307458877563477,0,1
560,18.666666666666668,1573.985920843677,1311.8746109721817,1.0104077722544587,-0.013931889086961746,-0.10232491046190262,1.0000572204589844,33,56.970054626464844,30,1
561,18.7,1573.9444578448347,1311.8512562648637,1.0113042815500284,-0.11400112509727478,-0.08323687314987183,1.0008872747421265,32,37.56914138793945,0,1
562,18.733333333333334,1573.9029948459927,1311.8279015575454,1.0114487086742063,-0.07899948954582214,-0.07802702486515045,1.0001428127288818,32,35.471961975097656,0,1
563,18.766666666666666,1573.8615318471504,1311.8045468502273,1.0108140669937145,-0.022953806445002556,0.009207949973642826,0.9993725419044495,30,35.946197509765625,0,1
564,18.8,1573.8200688483082,1311.7811921429093,1.0102682091203365,-0.11995919048786163,-0.07239183038473129,0.999459981918335,27,44.64997863769531,0,1
565,18.833333333333332,1537.034465224466,1325.6229497402787,1.0102383416481813,-0.25327086448669434,0.11730918288230896,0.9999704360961914,27,25.076583862304688,29,1
566,18.866666666666667,1536.9930022256237,1325.5995950329607,1.0097772159631844,0.0036182855255901814,-0.18446877598762512,0.9995435476303101,26,27.24148178100586,0,1
567,18.9,1536.9515392267815,1325.5762403256426,1.0091497621903762,-0.03675857186317444,0.0031347395852208138,0.9993786215782166,25,42.306068420410156,0,1
568,18.933333333333334,1536.9100762279393,1325.5528856183244,1.0090372215158652,0.15839236974716187,-0.16862821578979492,0.9998884797096252,24,25.189823150634766,0,1
569,18.966666666666665,1536.868613229097,1325.5295309110063,1.0090170735086388,-0.052443377673625946,-0.07213028520345688,0.9999800324440002,293,71.39807891845703,0,1
570,19.0,1511.6475848005675,1341.0464594068133,1.0089743726146292,-0.12561680376529694,0.13505148887634277,0.9999576807022095,289,48.421241760253906,24,1
571,19.033333333333335,1511.6061218017253,1341.0231046994952,1.009062777766458,-0.049397554248571396,-0.11169678717851639,1.0000876188278198,281,57.03314208984375,0,1
572,19.066666666666666,1511.564658802883,1340.9997499921772,1.0090839487460637,0.12416919320821762,0.06897833943367004,1.000020980834961,281,3.0464775562286377,0,1
573,19.1,1511.5231958040408,1340.9763952848589,1.0090295766804203,-0.1821487843990326,-0.15000179409980774,0.999946117401123,280,29.612627029418945,0,1
574,19.133333333333333,1511.4817328051986,1340.9530405775408,1.008651157871455,-0.13175320625305176,-0.1365649402141571,0.9996249675750732,277,40.091068267822266,0,1
575,19.166666666666668,1495.5884631657314,1360.8945296202228,1.008724504630095,0.08259189128875732,-0.19933897256851196,1.000072717666626,276,32.50205993652344,21,1
576,19.2,1495.5470001668891,1360.8711749129047,1.0087096538376485,-0.07693984359502792,-0.0658724308013916,0.9999852776527405,261,47.951332092285156,0,1
577,19.233333333333334,1495.5055371680469,1360.8478202055867,1.0087327413693983,0.02464674599468708,-0.24002870917320251,1.0000228881835938,261,10.036322593688965,0,1
578,19.266666666666666,1495.4640741692049,1360.8244654982686,1.0087822844985377,0.08796865493059158,-0.1847851276397705,1.000049114227295,259,34.01972961425781,0,1
579,19.3,1495.4226111703626,1360.8011107909504,1.0087870947473156,-0.23977592587471008,0.044689394533634186,1.000004768371582,258,23.142610549926758,0,1
580,19.333333333333332,1487.719405007458,1380.4537814742573,1.0088268997457566,0.11994542926549911,-0.17565739154815674,1.0000394582748413,257,36.609352111816406,20,1
581,19.366666666666667,1487.6779420086157,1380.4304267669393,1.008645665607993,-0.11224215477705002,-0.12011973559856415,0.999820351600647,253,45.96831130981445,0,1
582,19.4,1487.6364790097734,1380.4070720596212,1.0085248244751213,-0.1035623773932457,-0.16562414169311523,0.9998801946640015,249,30.179412841796875,0,1
583,19.433333333333334,1487.5950160109312,1380.3837173523032,1.008329277654122,-0.0036629573442041874,-0.16235819458961487,0.9998061060905457,244,34.929969787597656,0,1
584,19.466666666666665,1487.553553012089,1380.360362644985,1.0080118837006025,0.20426122844219208,0.10952934622764587,0.9996852278709412,242,39.060157775878906,0,1
585,19.5,1483.8531544663717,1407.7800011017293,1.0080183725771503,-0.03057401068508625,-0.13361170887947083,1.0000064373016357,238,38.59808349609375,30,1
586,19.533333333333335,1483.8116914675297,1407.7566463944113,1.0080082787042102,0.06822475790977478,-0.16639026999473572,0.9999899864196777,238,4.3475117683410645,0,1
587,19.566666666666666,1483.7702284686875,1407.7332916870932,1.0079916960790045,0.052302632480859756,-0.20297643542289734,0.999983549118042,238,28.944150924682617,0,1
588,19.6,1483.7287654698453,1407.7099369797752,1.0077516124550272,0.10064701735973358,-0.12299741059541702,0.9997618198394775,238,43.036865234375,0,1
589,19.633333333333333,1483.687302471003,1407.686582272457,1.0078361863360774,0.05930180847644806,-0.1467762291431427,1.0000839233398438,236,38.98374938964844,0,1
590,19.666666666666668,1489.7212789252858,1430.4909863542014,1.0077842843718305,0.1517868936061859,-0.13673239946365356,0.9999485015869141,234,34.94329833984375,27,1
591,19.7,1489.6798159264436,1430.4676316468833,1.007773411950836,0.14806509017944336,-0.17680571973323822,0.9999892115592957,233,33.0765495300293,0,1
592,19.733333333333334,1489.6383529276013,1430.4442769395653,1.0084768079525293,0.0428662970662117,-0.1277218908071518,1.0006979703903198,231,38.23638916015625,0,1
593,19.766666666666666,1489.596889928759,1430.4209222322472,1.0083876048581064,0.12313210964202881,-0.11400441080331802,0.9999115467071533,230,47.364742279052734,0,1
594,19.8,1489.555426929917,1430.3975675249292,1.0082087336131955,-0.11171989887952805,-0.113042451441288,0.9998226165771484,227,36.711769104003906,0,1
595,19.833333333333332,1500.6564199857623,1458.037542895736,1.0081777852426308,0.14805814623832703,-0.06391973793506622,0.9999693036079407,216,54.21636962890625,23,1
596,19.866666666666667,1500.61495698692,1458.0141881884178,1.0084706740345062,0.1121915653347969,-0.047362495213747025,1.0002905130386353,209,52.0081787109375,0,1
597,19.9,1500.5734939880779,1457.9908334810998,1.008533789047613,-0.07550399005413055,-0.2535255253314972,1.0000625848770142,209,20.717912673950195,0,1
598,19.933333333333334,1500.5320309892356,1457.9674787737817,1.0085907764543447,0.062086448073387146,-0.05598292499780655,1.000056505203247,205,51.13465881347656,0,1
599,19.966666666666665,1500.4905679903934,1457.9441240664637,1.0087084849430652,0.07615524530410767,-0.09683535993099213,1.0001167058944702,202,48.84081268310547,0,1
600,20.0,1513.4609458118637,1486.708244945083,1.0088342637463243,0.15091024339199066,-0.21410319209098816,1.0001246929168701,202,24.0982666015625,22,1
601,20.033333333333335,1513.4194828130214,1486.6848902377649,1.0089714831628156,0.06992775201797485,-0.1733141541481018,1.0001360177993774,202,39.09248733520508,0,1
602,20.066666666666666,1513.3780198141794,1486.6615355304468,1.0085974763160426,0.14469467103481293,-0.06215474382042885,0.9996293187141418,194,47.63923263549805,0,1
603,20.1,1513.3365568153372,1486.6381808231288,1.0087582294261932,-0.011097392998635769,-0.2158922255039215,1.0001593828201294,193,30.18902587890625,0,1
604,20.133333333333333,1513.295093816495,1486.6148261158107,1.0084242858680825,0.18128181993961334,0.013640237040817738,0.9996689558029175,189,45.3587760925293,0,1
605,20.166666666666668,1527.6814872629652,1514.5636393772427,1.008649325619987,0.057597704231739044,-0.16382689774036407,1.000223159790039,185,40.939247131347656,24,1
606,20.2,1527.640024264123,1514.5402846699244,1.0088941350123157,0.1043480709195137,-0.10248695313930511,1.0002427101135254,183,47.78138732910156,0,1
607,20.233333333333334,1527.5985612652808,1514.5169299626064,1.008763161469026,0.015816234052181244,-0.21338775753974915,0.9998701810836792,182,31.037004470825195,0,1
608,20.266666666666666,1527.5570982664385,1514.4935752552883,1.0086122427745723,0.03298044577240944,-0.09277304261922836,0.9998503923416138,177,57.29912567138672,0,1
609,20.3,1527.5156352675963,1514.4702205479703,1.0086670703672678,0.2163946032524109,-0.0617237463593483,1.0000543594360352,176,36.06880569458008,0,1
610,20.333333333333332,1546.4703880890668,1536.7378814656522,1.0088652299823035,-0.11685635894536972,-0.19112618267536163,1.0001964569091797,175,35.45295715332031,23,1
611,20.366666666666667,1546.4289250902245,1536.714526758334,1.008721632250165,0.0299062617123127,-0.12274669855833054,0.9998576641082764,168,53.8972053527832,0,1
612,20.4,1546.3874620913823,1536.6911720510159,1.0087266827077088,-0.10499025136232376,-0.1512947976589203,1.0000050067901611,168,4.251987457275391,0,1
613,20.433333333333334,1546.34599909254,1536.6678173436978,1.0084784274266836,-0.06497964262962341,0.009870877489447594,0.9997538924217224,156,61.28326416015625,0,1
614,20.466666666666665,1546.3045360936978,1536.6444626363798,1.0084513779273898,-0.13748879730701447,-0.09207555651664734,0.9999731779098511,155,47.49853515625,0,1
615,20.5,1566.280285008918,1573.2360981634367,1.0086124684022841,0.07734107971191406,-0.04164110869169235,1.000159740447998,148,49.651771545410156,23,1
616,20.533333333333335,1566.2388220100759,1573.2127434561187,1.0088445238355594,0.09221201390028,-0.14618903398513794,1.000230073928833,148,35.08238983154297,0,1
617,20.566666666666666,1566.1973590112336,1573.1893887488004,1.008774229738591,0.2107834368944168,0.008618831634521484,0.9999303221702576,145,32.96696853637695,0,1
618,20.6,1566.1558960123916,1573.1660340414824,1.0086421894639408,0.17983993887901306,-0.16683796048164368,0.9998691082000732,145,35.82006072998047,0,1
619,20.633333333333333,1566.1144330135494,1573.1426793341643,1.0081302697125776,0.05397852510213852,-0.14918147027492523,0.9994924664497375,144,42.26790237426758,0,1
620,20.666666666666668,1581.5577112256447,1600.2672738455963,1.0083773566946523,0.0955180823802948,-0.1273992508649826,1.0002450942993164,138,50.65370178222656,26,1
621,20.7,1581.5162482268024,1600.2439191382782,1.0083753131595314,-0.2010505497455597,-0.09103165566921234,0.9999979734420776,138,7.834026336669922,0,1
622,20.733333333333334,1581.4747852279602,1600.22056443096,1.007753839326324,0.07426871359348297,-0.08632521331310272,0.9993836879730225,136,50.753326416015625,0,1
623,20.766666666666666,1581.433322229118,1600.197209723642,1.0080881711886358,0.15577341616153717,-0.17431284487247467,1.0003317594528198,135,36.51402282714844,0,1
624,20.8,1581.3918592302757,1600.1738550163238,1.0082824916972126,0.09889356791973114,-0.09876671433448792,1.0001927614212036,132,50.33720397949219,0,1
625,20.833333333333332,1589.3919001376835,1630.7027464027558,1.0080825445874015,-0.12377411872148514,-0.011363793164491653,0.9998016953468323,124,56.146484375,29,1
626,20.866666666666667,1589.3504371388415,1630.6793916954377,1.0085264629251884,0.10186357796192169,0.11940529197454453,1.0004403591156006,124,55.409217834472656,0,1
627,20.9,1589.3089741399992,1630.6560369881195,1.0083978214014302,-0.1304350346326828,-0.05928773060441017,0.9998724460601807,123,54.60740661621094,0,1
628,20.933333333333334,1589.267511141157,1630.6326822808014,1.0095748013091028,0.10312682390213013,0.021787110716104507,1.0011671781539917,118,51.019344329833984,0,1
629,20.966666666666665,1589.2260481423148,1630.6093275734834,1.009443137648978,-0.13990572094917297,-0.09819954633712769,0.9998695850372314,116,46.317806243896484,0,1
630,21.0,1600.7050929559725,1646.4153185692903,1.0096505951877386,0.21797692775726318,-0.12909114360809326,1.0002055168151855,116,28.78760528564453,28,1
631,21.033333333333335,1600.6636299571303,1646.3919638619723,1.0098021280879934,-0.14028501510620117,-0.16741394996643066,1.0001500844955444,116,26.823135375976562,0,1
632,21.066666666666666,1600.622166958288,1646.3686091546542,1.0098767623204448,0.16145966947078705,-0.18748675286769867,1.0000739097595215,116,28.835338592529297,0,1
633,21.1,1600.5807039594458,1646.345254447336,1.009929250917882,-0.009520012885332108,-0.1330316662788391,1.0000519752502441,113,59.53704833984375,0,1
634,21.133333333333333,1600.5392409606038,1646.321899740018,1.0099713884498567,0.1347927451133728,0.021315976977348328,1.0000417232513428,110,46.71150588989258,0,1
635,21.166666666666668,1599.9198971023866,1667.1355811655123,1.009978130736271,-0.18643353879451752,-0.14197903871536255,1.0000066757202148,110,31.929555892944336,29,1
636,21.2,1599.8784341035444,1667.1122264581943,1.010439017248605,0.07414855062961578,-0.1071614921092987,1.0004563331604004,108,56.02522277832031,0,1
637,21.233333333333334,1599.8369711047021,1667.0888717508763,1.0104871987355573,-0.13202926516532898,-0.10974014550447464,1.0000476837158203,106,52.463592529296875,0,1
638,21.266666666666666,1599.7955081058599,1667.065517043558,1.0104874396544794,-0.12743960320949554,0.2588011622428894,1.000000238418579,106,17.986412048339844,0,1
639,21.3,1599.7540451070176,1667.04216233624,1.0108225579550507,-0.15185043215751648,-0.16310986876487732,1.0003316402435303,106,31.10838508605957,0,1
640,21.333333333333332,1598.647762772238,1690.9870693476719,1.0112976872430108,0.10026399791240692,-0.11378016322851181,1.0004700422286987,105,43.143096923828125,24,1
641,21.366666666666667,1598.6062997733957,1690.9637146403538,1.010831858554448,-0.110113725066185,-0.1158270463347435,0.9995393753051758,103,48.06070327758789,0,1
642,21.4,1598.5648367745537,1690.9403599330358,1.0110957547539408,0.02542845532298088,0.1626655012369156,1.0002610683441162,103,3.0509257316589355,0,1
643,21.433333333333334,1598.5233737757114,1690.9170052257177,1.0111783191784562,0.0153162507340312,-0.23515047132968903,1.0000816583633423,103,16.715513229370117,0,1
644,21.466666666666665,1598.4819107768692,1690.8936505183995,1.0111820559757765,-0.17960666120052338,-0.18850333988666534,1.000003695487976,103,20.687705993652344,0,1
645,21.5,1580.944598168652,1702.528132725144,1.0111781383512053,-0.09281127899885178,-0.04377337545156479,0.9999961256980896,101,40.12619400024414,27,1
646,21.533333333333335,1580.9031351698097,1702.5047780178259,1.0113566607977063,-0.12103050947189331,-0.135737806558609,1.0001765489578247,99,49.9044303894043,0,1
647,21.566666666666666,1580.8616721709675,1702.4814233105078,1.0110169139564988,0.13141833245754242,-0.14188838005065918,0.9996640682220459,99,49.788719177246094,0,1
648,21.6,1580.8202091721253,1702.4580686031898,1.0110872991595923,-0.12916630506515503,-0.05611034855246544,1.0000696182250977,94,50.4716911315918,0,1
649,21.633333333333333,1580.778746173283,1702.4347138958715,1.0111353910280363,-0.08438034355640411,-0.20881493389606476,1.0000475645065308,94,28.08367156982422,0,1
650,21.666666666666668,1561.875955049441,1728.667340633866,1.0111296052649192,-0.18418997526168823,-0.13823318481445312,0.9999942779541016,94,38.9549560546875,30,1
651,21.7,1561.8344920505988,1728.6439859265479,1.0114168426527368,-0.23286721110343933,0.04557030647993088,1.0002840757369995,93,37.20279312133789,0,1
652,21.733333333333334,1561.7930290517565,1728.6206312192298,1.012072986134196,-0.1637992560863495,0.1350882351398468,1.0006487369537354,88,54.472320556640625,0,1
653,21.766666666666666,1561.7515660529143,1728.5972765119118,1.0108674059814524,-0.16334515810012817,-0.14257489144802094,0.9988088011741638,87,52.70098876953125,0,1
654,21.8,1561.710103054072,1728.5739218045937,1.0106758636252227,-0.11138109862804413,-0.05501348152756691,0.999810516834259,87,47.56990051269531,0,1
655,21.833333333333332,1520.2532347817923,1737.0820612379005,1.0102590563134242,-0.09167999774217606,-0.002214619657024741,0.9995875954627991,83,63.86256408691406,31,1
656,21.866666666666667,1520.21177178295,1737.0587065305824,1.0103694926998472,-0.22153240442276,-0.1851683259010315,1.000109314918518,83,28.455347061157227,0,1
657,21.9,1520.1703087841079,1737.0353518232644,1.0101962921723577,-0.09468758851289749,0.001367740798741579,0.999828577041626,83,55.64482498168945,0,1
658,21.933333333333334,1520.1288457852659,1737.0119971159463,1.0102333830053052,-0.24773240089416504,-0.06954297423362732,1.0000367164611816,82,39.378997802734375,0,1
659,21.966666666666665,1520.0873827864236,1736.9886424086283,1.0106341713957796,-0.05945039540529251,-0.03616120293736458,1.000396728515625,81,56.11280059814453,0,1
660,22.0,1476.7180389282064,1745.117387310685,1.010584474640883,-0.057074062526226044,-0.00045754690654575825,0.9999508261680603,78,64.81947326660156,39,1
661,22.033333333333335,1476.6765759293642,1745.094032603367,1.0103363644984704,-0.20956455171108246,-0.042107824236154556,0.9997544884681702,78,44.02821731567383,0,1
662,22.066666666666666,1476.635112930522,1745.070677896049,1.0104415099107018,0.024532178416848183,0.03478880226612091,1.0001040697097778,71,57.08990478515625,0,1
663,22.1,1476.5936499316797,1745.0473231887308,1.0106206250303065,-0.1394880712032318,-0.028978966176509857,1.000177264213562,69,63.10514831542969,0,1
664,22.133333333333333,1476.5521869328375,1745.0239684814128,1.0105240640238842,-0.06585279852151871,-0.029247097671031952,0.999904453754425,64,64.38912963867188,0,1
665,22.166666666666668,1419.0932434652452,1748.2525668990945,1.010258742381603,-0.16285215318202972,-0.05814465135335922,0.9997374415397644,63,45.398738861083984,43,1
666,22.2,1419.0517804664032,1748.2292121917765,1.0102026209638482,0.006089096423238516,-0.010520747862756252,0.9999444484710693,61,55.5285758972168,0,1
667,22.233333333333334,1419.010317467561,1748.2058574844584,1.0103026945848852,-0.062175340950489044,-0.011814240366220474,1.0000990629196167,60,47.2264518737793,0,1
668,22.266666666666666,1418.9688544687187,1748.1825027771404,1.0106249852451126,-0.022515658289194107,0.03903821483254433,1.000319004058838,55,68.61023712158203,0,1
669,22.3,1418.9273914698765,1748.1591480698223,1.0108618408379584,-0.09682366251945496,-0.005565679166465998,1.0002343654632568,52,60.7699089050293,0,1
670,22.333333333333332,1354.9313386272843,1748.3744408234418,1.0108486456366126,-0.13516029715538025,-0.03358117491006851,0.9999869465827942,52,59.54464340209961,41,1
671,22.366666666666667,1354.889875628442,1748.3510861161235,1.0111339956723835,-0.15104056894779205,-0.05774218961596489,1.0002822875976562,47,53.329803466796875,0,1
672,22.4,1354.8484126295998,1748.3277314088054,1.011745236594841,-0.19753345847129822,-0.06100885570049286,1.000604510307312,45,49.77649688720703,0,1
673,22.433333333333334,1354.8069496307576,1748.3043767014874,1.0124302981621307,-0.05402039736509323,0.040603503584861755,1.0006771087646484,42,54.46305847167969,0,1
674,22.466666666666665,1354.7654866319156,1748.2810219941694,1.0129878910282546,-0.03837359696626663,-0.02401716634631157,1.0005507469177246,42,45.589813232421875,0,1
675,22.5,1274.8445070315108,1744.9593274431013,1.0129828192104484,-0.056648824363946915,0.005061679054051638,0.9999949932098389,41,55.58149719238281,42,1
676,22.533333333333335,1274.8030440326686,1744.935972735783,1.013012646180113,-0.011354511603713036,-0.12816664576530457,1.000029444694519,38,49.03206253051758,0,1
677,22.566666666666666,1274.7615810338264,1744.912618028465,1.0134238357434164,-0.06602275371551514,0.06402820348739624,1.0004059076309204,37,51.34685516357422,0,1
678,22.6,1274.7201180349841,1744.889263321147,1.0127075560075982,-0.09841445088386536,0.08576208353042603,0.9992932081222534,36,53.486167907714844,0,1
679,22.633333333333333,1274.678655036142,1744.8659086138289,1.013191418393882,0.1284552961587906,0.13856175541877747,1.0004777908325195,34,58.46773910522461,0,1
680,22.666666666666668,1190.4993746544872,1739.8993166018233,1.0128366821616224,-0.14943361282348633,0.07984022796154022,0.9996498823165894,32,62.702903747558594,42,1
681,22.7,1190.457911655645,1739.8759618945053,1.01358128291289,-0.03410625085234642,-0.14425121247768402,1.0007351636886597,29,59.22028350830078,0,1
682,22.733333333333334,1190.416448656803,1739.852607187187,1.0140697917485415,-0.1066131666302681,-0.03165607154369354,1.0004819631576538,29,47.89406967163086,0,1
683,22.766666666666666,1190.3749856579607,1739.829252479869,1.0140639891946488,-0.0678228884935379,-0.08001915365457535,0.9999942779541016,28,61.896278381347656,0,1
684,22.8,1190.3335226591184,1739.805897772551,1.0145928647783842,0.0018344217678532004,-0.04690883308649063,1.0005215406417847,23,54.73992156982422,0,1
685,22.833333333333332,1105.3755557540262,1729.3864249011704,1.014740543378683,-0.015465912409126759,0.004691765643656254,1.0001455545425415,297,72.0863037109375,33,1
686,22.866666666666667,1105.334092755184,1729.3630701938523,1.014805260455784,-0.02291136234998703,0.03387892246246338,1.0000637769699097,284,63.13089370727539,0,1
687,22.9,1105.2926297563417,1729.339715486534,1.0149760760461375,-0.03452102094888687,0.00510051753371954,1.0001683235168457,274,58.974517822265625,0,1
688,22.933333333333334,1105.2511667574995,1729.316360779216,1.015230769630589,-0.01979459635913372,-0.046997711062431335,1.0002509355545044,265,58.44635009765625,0,1
689,22.966666666666665,1105.2097037586573,1729.293006071898,1.0154102496147963,-0.05642782896757126,0.02909131720662117,1.0001767873764038,252,54.11830139160156,0,1
690,23.0,1005.5691196660651,1719.2751445286424,1.015220630531866,0.023150211200118065,0.012162582948803902,0.9998132586479187,239,57.419044494628906,31,1
691,23.033333333333335,1005.5276566672229,1719.2517898213243,1.0151684693041916,-0.07612422108650208,-0.038424160331487656,0.9999486207962036,230,54.97402572631836,0,1
692,23.066666666666666,1005.4861936683808,1719.228435114006,1.0147458761522872,0.003334572073072195,0.015394369140267372,0.9995837211608887,220,63.966758728027344,0,1
693,23.1,1005.4447306695386,1719.205080406688,1.0148242628557482,-0.06132979318499565,-0.03153161704540253,1.000077247619629,210,54.311737060546875,0,1
694,23.133333333333333,1005.4032676706963,1719.18172569937,1.0148507567047356,-0.009434325620532036,0.020183812826871872,1.0000261068344116,196,56.01136779785156,0,1
695,23.166666666666668,914.2676884609166,1708.5986786092394,1.0150702137675358,-0.030351342633366585,0.05586537718772888,1.0002162456512451,184,50.442283630371094,29,1
696,23.2,914.2262254620745,1708.5753239019214,1.0148784195760774,-0.0566817931830883,-0.009536337107419968,0.999811053276062,177,55.54336166381836,0,1
697,23.233333333333334,914.1847624632322,1708.5519691946033,1.0149370962997357,0.003839427139610052,-0.041038401424884796,1.0000578165054321,168,53.48002624511719,0,1
698,23.266666666666666,914.14329946439,1708.528614487285,1.0152448946821355,-0.05298849940299988,0.04983174428343773,1.0003032684326172,162,60.611473083496094,0,1
699,23.3,914.1018364655478,1708.505259779967,1.015307344419405,-0.010334087535738945,-0.005226843990385532,1.0000615119934082,152,66.38603210449219,0,1
700,23.333333333333332,817.2080785448306,1697.2332478460864,1.0151214966092132,-0.035404108464717865,0.011887330561876297,0.9998169541358948,148,58.23505783081055,39,1
701,23.366666666666667,817.1666155459884,1697.2098931387684,1.0150924537502328,-0.027848904952406883,-0.033695999532938004,0.9999713897705078,141,55.733642578125,0,1
702,23.4,817.1251525471462,1697.1865384314503,1.0152370588482695,-0.06965529173612595,-0.026515860110521317,1.0001424551010132,137,55.446250915527344,0,1
703,23.433333333333334,817.0836895483039,1697.163183724132,1.0152794178392484,-0.03571774810552597,-0.03769673407077789,1.0000417232513428,133,49.6865234375,0,1
704,23.466666666666665,817.0422265494618,1697.139829016814,1.0154130357741065,-0.06294386088848114,-0.007078160531818867,1.000131607055664,130,53.213016510009766,0,1
705,23.5,720.1733709724946,1681.375019231371,1.0153520282541424,0.007401738315820694,0.03227684274315834,0.9999399185180664,122,60.018245697021484,50,1
706,23.533333333333335,720.1319079736523,1681.351664524053,1.0153934237268671,-0.12955434620380402,0.0584094412624836,1.0000407695770264,121,53.3299560546875,0,1
707,23.566666666666666,720.0904449748101,1681.3283098167349,1.0152784921368072,-0.01941527985036373,0.06422512233257294,0.9998868107795715,115,63.606258392333984,0,1
708,23.6,720.048981975968,1681.3049551094168,1.0153169798764297,-0.055406928062438965,-0.05948476493358612,1.0000379085540771,108,53.11021423339844,0,1
709,23.633333333333333,720.0075189771258,1681.2816004020985,1.0154198598098936,-0.06117357313632965,-0.07689838111400604,1.0001013278961182,106,56.91212463378906,0,1
710,23.666666666666668,627.3230506071898,1662.9784605385305,1.0157442670565178,-0.011944950558245182,0.007072147913277149,1.000319480895996,99,58.643226623535156,49,1
711,23.7,627.2815876083475,1662.9551058312124,1.015844526390739,-0.022205140441656113,-0.0413864403963089,1.000098705291748,94,60.91927719116211,0,1
712,23.733333333333334,627.2401246095054,1662.9317511238944,1.015819095788839,-0.04986800253391266,0.03256991133093834,0.9999749660491943,89,65.96903991699219,0,1
713,23.766666666666666,627.1986616106632,1662.9083964165764,1.0155705481520791,-0.14946164190769196,0.013684440404176712,0.999755322933197,87,63.06206130981445,0,1
714,23.8,627.157198611821,1662.885041709258,1.0160160689842839,0.03475061431527138,0.05290056765079498,1.0004386901855469,83,69.78960418701172,0,1
715,23.833333333333332,538.1959968434475,1646.4987719628775,1.0158927702965606,-0.054346419870853424,0.06625893712043762,0.9998786449432373,82,60.02793884277344,49,1
716,23.866666666666667,538.1545338446053,1646.4754172555595,1.0162880532806084,0.004915357567369938,0.0551082044839859,1.0003890991210938,75,54.80174255371094,0,1
717,23.9,538.1130708457631,1646.4520625482414,1.0165239342324586,-0.0424947589635849,-0.02706679329276085,1.0002321004867554,72,60.49045944213867,0,1
718,23.933333333333334,538.0716078469209,1646.4287078409234,1.0165043638084528,-0.045663654804229736,0.08785735815763474,0.9999807476997375,69,54.730865478515625,0,1
719,23.966666666666665,538.0301448480786,1646.4053531336053,1.016386943525072,-0.1040688082575798,0.0010346847120672464,0.9998844861984253,67,60.958946228027344,0,1
720,24.0,450.7630043590021,1624.924234754412,1.0157959115552249,0.004017958417534828,0.03411860391497612,0.9994184970855713,67,56.761497497558594,52,1
721,24.033333333333335,450.7215413601599,1624.900880047094,1.015870383325226,0.016468411311507225,-0.07713712006807327,1.0000733137130737,65,60.45376968383789,0,1
722,24.066666666666666,450.68007836131767,1624.877525339776,1.015834113519818,-0.03749970719218254,-0.0536375530064106,0.9999642968177795,65,61.11262893676758,0,1
723,24.1,450.6386153624755,1624.854170632458,1.0157183449188145,-0.10112839937210083,0.19620326161384583,0.9998860359191895,64,43.55233383178711,0,1
724,24.133333333333333,450.5971523636333,1624.8308159251399,1.016043331857978,0.05284938961267471,-0.12368623912334442,1.0003199577331543,64,57.52345275878906,0,1
725,24.166666666666668,364.43151333940045,1611.147182897509,1.0157491875575866,0.010589285753667355,0.05111326649785042,0.9997105002403259,63,57.84593963623047,50,1
726,24.2,364.3900503405582,1611.123828190191,1.0159541874067315,-0.09638043493032455,0.05192015692591667,1.0002018213272095,61,46.38716125488281,0,1
727,24.233333333333334,364.34858734171604,1611.100473482873,1.0159468601805293,-0.11067084968090057,-0.015326399356126785,0.9999927878379822,60,57.535396575927734,0,1
728,24.266666666666666,364.3071243428738,1611.077118775555,1.0159816188376118,0.0144702373072505,0.018978359177708626,1.000034213066101,57,55.969200134277344,0,1
729,24.3,364.2656613440316,1611.053764068237,1.0159850100421273,0.0838000550866127,0.03779947757720947,1.0000033378601074,56,59.97612380981445,0,1
730,24.333333333333332,289.06019688034564,1593.9574113140438,1.016000391628235,-0.08122364431619644,-0.005410497542470694,1.000015139579773,55,58.18524932861328,48,1
731,24.366666666666667,289.01873388150346,1593.9340566067256,1.0158999858964783,-0.17692144215106964,0.10237251967191696,0.9999011754989624,55,44.86069869995117,0,1
732,24.4,288.9772708826613,1593.9107018994075,1.0164582786352716,-0.11337399482727051,-0.14449085295200348,1.000549554824829,53,56.407569885253906,0,1
733,24.433333333333334,288.93580788381905,1593.8873471920895,1.0161451114898843,-0.09183792769908905,0.13785207271575928,0.999691903591156,51,57.446319580078125,0,1
734,24.466666666666665,288.8943448849768,1593.8639924847714,1.0158556013808817,-0.10123413056135178,0.06751885265111923,0.9997150897979736,50,55.78070831298828,0,1
735,24.5,230.93469951308776,1577.7451787930784,1.0154221865405002,-0.16700530052185059,-0.09339447319507599,0.9995733499526978,48,53.082176208496094,30,1
736,24.533333333333335,230.89323651424556,1577.72182408576,1.0163751955349165,-0.022198593243956566,0.12715168297290802,1.0009385347366333,43,52.76774597167969,0,1
737,24.566666666666666,230.85177351540335,1577.698469378442,1.0157099590605116,-0.1979876160621643,-0.0898006409406662,0.9993454813957214,42,34.7640380859375,0,1
738,24.6,230.81031051656115,1577.675114671124,1.0156499628984887,-0.08653077483177185,0.1297016739845276,0.9999409317970276,40,56.05940628051758,0,1
739,24.633333333333333,230.76884751771894,1577.651759963806,1.015459390989347,-0.06392969191074371,0.15788006782531738,0.9998123645782471,40,45.707550048828125,0,1
740,24.666666666666668,182.57949633528298,1560.3873163893004,1.0152223707962997,-0.13699446618556976,0.08368456363677979,0.9997665882110596,40,47.0687255859375,30,1
741,24.7,182.53803333644078,1560.3639616819821,1.0153219734969106,-0.092829629778862,-0.056879471987485886,1.0000981092453003,39,51.19314193725586,0,1
742,24.733333333333334,182.49657033759857,1560.340606974664,1.0147390045126228,-0.03811913728713989,0.07449598610401154,0.9994258284568787,34,52.46754455566406,0,1
743,24.766666666666666,182.45510733875636,1560.317252267346,1.014198647979911,-0.06455282866954803,0.047942113131284714,0.9994674921035767,32,52.30886459350586,0,1
744,24.8,182.41364433991416,1560.293897560028,1.0138872651357165,-0.16104011237621307,0.027426863089203835,0.999692976474762,31,51.69460678100586,0,1
745,24.833333333333332,135.65387384595476,1547.166783087085,1.0141113484388773,-0.0218503437936306,0.16616398096084595,1.0002210140228271,29,4.44403076171875,28,1
746,24.866666666666667,135.61241084711256,1547.1434283797669,1.0157098966557456,-0.13649819791316986,0.08323359489440918,1.00157630443573,29,55.65680694580078,0,1
747,24.9,135.57094784827035,1547.1200736724486,1.0147432986093232,-0.1578526645898819,0.22274060547351837,0.9990483522415161,29,49.644107818603516,0,1
748,24.933333333333334,135.52948484942814,1547.0967189651305,1.0148332979291348,-0.25974592566490173,0.006163300946354866,1.0000886917114258,28,37.26307678222656,0,1
749,24.966666666666665,135.48802185058594,1547.0733642578125,1.0148472103481276,-0.27611541748046875,0.06958125531673431,1.0000137090682983,26,32.38279724121094,0,1
