frame,tiempo_s,x_mapa_px,y_mapa_px,zoom_relativo,altitud_relativa,rapidez_instantanea_px_s,flujo_x_px,flujo_y_px,puntos_validos,error_LK
0.0,0.0,139.38186645507812,1560.67431640625,1.0,1.0,491.1776169512306,0.0,0.0,500.0,0.0
1.0,0.03333333333333333,155.0750619967248,1565.341781066161,1.0137882232666016,0.9863993061369627,246.18741876884806,-15.7081298828125,-4.685791015625,377.0,55.38180160522461
2.0,0.06666666666666667,155.0561298528246,1555.8073414291973,1.0148684071468779,0.9853494235881499,255.05241027055888,-9.1552734375e-05,9.51593017578125,369.0,1.8310657739639282
3.0,0.1,155.03619062884627,1548.3383314797334,1.0138991619224191,0.9862913764559531,210.27412319823793,0.000885009765625,7.45074462890625,367.0,1.5972222089767456
4.0,0.13333333333333333,155.01693805037576,1541.789121334957,1.0148211292866283,0.9853953284387694,173.4865211638188,0.000213623046875,6.530853271484375,364.0,1.6034934520721436
5.0,0.16666666666666666,154.99812797678806,1536.7726260339307,1.0148287507812963,0.9853879279928954,135.51618700625943,-0.000244140625,4.998186111450195,359.0,0.7108843326568604
6.0,0.2,154.9791347977316,1532.7547879594667,1.0148323800917283,0.9853844039836533,90.54060739285909,-6.103515625e-05,3.99951171875,357.0,0.36975622177124023
7.0,0.23333333333333334,154.96003480715171,1530.736705744378,1.0148243955802234,0.9853921568649839,60.54700459104177,3.0517578125e-05,1.999420166015625,357.0,0.3009495437145233
8.0,0.26666666666666666,154.94096533414995,1528.7185014589766,1.014821976050319,0.9853945062285643,45.53873292875463,0.0,1.99951171875,356.0,0.14480584859848022
9.0,0.3,154.92191111993725,1527.70102959545,1.0148195565261833,0.9853968555977459,30.544192357316554,0.0,0.9987030029296875,356.0,0.33797478675842285
10.0,0.3333333333333333,154.90271957662299,1526.6825811694239,1.0148220970204687,0.9853943887662808,15.571357022994842,0.0001220703125,0.9997329711914062,356.0,0.294678270816803
11.0,0.36666666666666664,154.88365010362122,1526.6636444621474,1.0148220970204687,0.9853943887662808,0.6421015357391969,0.0,0.0,356.0,0.0
12.0,0.4,154.86439752515074,1526.663506582996,1.0148054023019422,0.9854105996397357,8.314035716597202,0.00018310546875,-0.018842697143554688,356.0,1.9692106246948242
13.0,0.43333333333333335,154.84538908730522,1527.2165913600948,1.013897188262404,0.986293296378284,14.63703194184695,-6.103515625e-05,-0.5720367431640625,356.0,1.7052154541015625
14.0,0.4666666666666667,154.8265027197722,1527.6385726215683,1.014731405142414,0.985482458641017,21.04053664161059,-0.0001678466796875,-0.4411163330078125,356.0,1.3886054754257202
15.0,0.5,154.80747902313763,1528.6187814221046,1.0147298325920853,0.9854839858660127,145.7677320077516,-6.103515625e-05,-0.999267578125,356.0,0.49759069085121155
16.0,0.5333333333333333,164.34453137630774,1529.5991122929531,1.0142766968688652,0.9859242582295953,315.66007750862076,-9.554214477539062,-0.9987945556640625,356.0,2.2966623306274414
17.0,0.5666666666666667,175.75978807518098,1530.5811521481767,1.0146844094502425,0.9855281018280369,344.86207902600535,-11.432113647460938,-1.0003204345703125,356.0,2.121988296508789
18.0,0.6,187.25164389514796,1531.5590416127754,1.0142460511076132,0.9859540482390287,354.6520961224973,-11.508819580078125,-0.996185302734375,356.0,2.351828098297119
19.0,0.6333333333333333,199.2174834797634,1533.5392504133115,1.0142467765529204,0.9859533430302433,353.7690207128318,-11.98272705078125,-1.9987716674804688,356.0,0.9377834796905518
20.0,0.6666666666666666,210.6497995048085,1534.5187267919725,1.0146426281586258,0.9855686842320046,346.0385312246766,-11.449417114257812,-0.9978485107421875,356.0,2.289966106414795
21.0,0.7,222.09618413336923,1536.4980811003213,1.014228478831489,0.9859711306392402,348.76080821000363,-11.463485717773438,-1.9977760314941406,356.0,2.4699902534484863
22.0,0.7333333333333333,233.56113870821903,1538.4768250571074,1.0146183989283908,0.9855922197509622,347.5138348906341,-11.482070922851562,-1.997304916381836,356.0,2.2887611389160156
23.0,0.7666666666666667,244.99459914244383,1540.0194117873311,1.0129938934423783,0.9871727820606873,346.50913738637126,-11.450698852539062,-1.56109619140625,356.0,2.9224066734313965
24.0,0.8,256.4723558413171,1541.4288198066172,1.0146057749952735,0.9856044826914754,347.33166597805626,-11.495094299316406,-1.4278717041015625,356.0,3.2528343200683594
25.0,0.8333333333333334,267.90046044058096,1543.4100051696532,1.0142567120438712,0.9859436847944127,357.30965679204945,-11.4454345703125,-1.9997711181640625,353.0,2.427933692932129
26.0,0.8666666666666667,279.86216489336044,1545.9387979545645,1.0132151429961935,0.9869572192169228,359.7168049987261,-11.9788818359375,-2.54736328125,349.0,1.910643458366394
27.0,0.9,291.35966646528055,1548.385925700413,1.0147736274300925,0.9854414550883565,349.7428544077084,-11.514785766601562,-2.4657440185546875,344.0,2.9456844329833984
28.0,0.9333333333333333,302.7550562207944,1550.361495829074,1.013747858557141,0.9864385819007222,340.7008003341815,-11.412826538085938,-1.994171142578125,339.0,2.2929422855377197
29.0,0.9666666666666667,313.7260380173239,1552.3410942780479,1.0137391574894767,0.9864470486436553,345.29091469567464,-10.988525390625,-1.998321533203125,336.0,0.916914701461792
30.0,1.0,325.23455643494714,1555.3177630395214,1.014060489994198,0.9861344662049909,351.16017445030775,-11.5257568359375,-2.9953956604003906,329.0,2.3377976417541504
31.0,1.0333333333333334,336.6062950674141,1557.2962628556825,1.013758095089618,0.9864286212299971,351.6453442911287,-11.389328002929688,-1.9971160888671875,326.0,2.157348394393921
32.0,1.0666666666666667,348.14798609245923,1560.2725654062187,1.0139437197408183,0.9862480338214604,351.27044135587624,-11.5589599609375,-2.9949798583984375,319.0,2.176020383834839
33.0,1.1,359.4939678889887,1562.2519197145673,1.0135902310084348,0.9865919869857923,351.7052025712911,-11.363662719726562,-1.9980964660644531,316.0,2.166524887084961
34.0,1.1333333333333333,371.0652609648151,1565.2284664057286,1.0139191285572062,0.9862719538815556,354.87606733643804,-11.588584899902344,-2.9953174591064453,310.0,2.1506519317626953
35.0,1.1666666666666667,382.3907654664227,1568.2064779406396,1.0135133727375796,0.9866668037136216,343.95606424405923,-11.342826843261719,-2.9967727661132812,300.0,2.065865993499756
36.0,1.2,393.3366312961553,1570.6864426005507,1.0123018480906862,0.9878476482939462,346.8624457130311,-10.96343994140625,-2.498748779296875,297.0,2.618197202682495
37.0,1.2333333333333334,404.9764668524504,1573.167627963587,1.0140177370651147,0.9861760435219936,353.1473968630649,-11.657440185546875,-2.499847412109375,289.0,2.940263509750366
38.0,1.2666666666666666,416.2376402993705,1576.147592623498,1.0136259639025318,0.9865572071081616,345.29584380661913,-11.278564453125,-2.998779296875,285.0,1.9270124435424805
39.0,1.3,427.21124660761876,1579.1276793537215,1.0136382889328965,0.9865452113620785,353.0846811530221,-10.991012573242188,-2.99884033203125,280.0,0.7776006460189819
40.0,1.3333333333333333,438.87448914633575,1582.6017846386328,1.0128396293375617,0.9873231368859853,355.1597176324843,-11.680435180664062,-3.493011474609375,272.0,2.854414463043213
41.0,1.3666666666666667,449.8440976518496,1586.0824817204189,1.0140646562883096,0.9861304146623262,345.6674449984698,-10.986754417419434,-3.499542236328125,259.0,1.93941330909729
42.0,1.4,460.9959876515041,1589.0584180600176,1.0136378685222074,0.986545620535971,343.7350533602929,-11.1693115234375,-2.994781494140625,243.0,1.8954081535339355
43.0,1.4333333333333333,471.9722184714711,1592.0385047902412,1.013669164800201,0.9865151616771383,356.1993436066642,-10.993637084960938,-2.99884033203125,229.0,0.7106009125709534
44.0,1.4666666666666666,483.7010738031568,1596.0140749189022,1.0141382609479472,0.9860588427708745,356.2040041674168,-11.745750427246094,-3.994434356689453,217.0,2.2307255268096924
45.0,1.5,494.67785393953005,1598.993429227251,1.0141004209063484,0.9860956364718336,345.4106109259737,-10.994216918945312,-2.9982147216796875,209.0,0.8756377696990967
46.0,1.5333333333333334,505.6521926696533,1602.971684902787,1.0140920794831896,0.9861037476100086,347.0042714375405,-10.991111755371094,-3.9970970153808594,192.0,0.8225623369216919
47.0,1.5666666666666667,516.7412469759485,1605.9483536642606,1.0137955382845816,0.9863921887958546,346.8511688948511,-11.106452941894531,-2.9954681396484375,178.0,1.6218466758728027
48.0,1.6,527.7094211552904,1609.9122050429219,1.0138499225152224,0.9863392774338211,350.05562880831627,-10.985015869140625,-3.982818603515625,164.0,2.16351318359375
49.0,1.6333333333333333,538.6846143776012,1613.8922917731454,1.0138426104653195,0.9863463911237995,349.85205754071734,-10.991924285888672,-3.998870849609375,492.0,0.6760203838348389
50.0,1.6666666666666667,549.6339286936619,1617.8683501830565,1.0138456319517524,0.9863434515912465,349.34616865522963,-10.966018676757812,-3.9949493408203125,473.0,1.326955795288086
51.0,1.7,560.5753694745664,1621.8425775382802,1.0138461153910223,0.9863429812662624,349.26920032020485,-10.958084106445312,-3.9930877685546875,466.0,1.5668580532073975
52.0,1.7333333333333334,571.5198009781271,1625.8170490341288,1.0138511915057777,0.9863380428786538,349.30471783739466,-10.961151123046875,-3.9933319091796875,456.0,1.5628188848495483
53.0,1.7666666666666666,582.4638052355941,1629.79115431904,1.0138533669944223,0.9863359264313628,351.81987324656075,-10.96063232421875,-3.992919921875,429.0,1.5525084733963013
54.0,1.8,593.3951752157174,1634.2780769867636,1.013020213486072,0.987147133578642,348.5654209509639,-10.94754409790039,-4.5056610107421875,410.0,3.1896612644195557
55.0,1.8333333333333333,603.9122995903718,1638.7327730919872,1.0146983141777006,0.985514596829096,346.3685146265249,-10.533279418945312,-4.4735260009765625,402.0,3.782454490661621
56.0,1.8666666666666667,614.8910328517451,1642.712127400336,1.0146837988018838,0.9855286949301624,347.196133368021,-10.995243072509766,-3.998077392578125,392.0,0.9674390554428101
57.0,1.9,625.2577666013996,1647.6841574899345,1.0141399638343405,0.9860571870367094,353.2089261455892,-10.38238525390625,-4.9908447265625,375.0,2.7940759658813477
58.0,1.9333333333333333,636.2328377533978,1652.662046954533,1.0141324683502557,0.9860644750155315,355.27770402303577,-10.990638732910156,-4.9965972900390625,360.0,0.9696003198623657
59.0,1.9666666666666666,646.752098358521,1657.6331004816318,1.014673348155749,0.9855388454004246,343.8381778179441,-10.534828186035156,-4.989749908447266,348.0,2.3724844455718994
60.0,2.0,657.116024490988,1662.1137975634178,1.0131068752444756,0.9870626924318199,350.17431166147,-10.379714965820312,-4.4993896484375,343.0,3.4075963497161865
61.0,2.033333333333333,668.0940863656425,1667.0938842936416,1.0131101360817483,0.9870595154319033,358.5629987874406,-10.99346923828125,-4.99871826171875,331.0,0.5059523582458496
62.0,2.066666666666667,678.6264695293595,1672.5402796176152,1.0147557772553792,0.985458789606215,345.126990401408,-10.547256469726562,-5.46484375,321.0,2.7908871173858643
63.0,2.1,688.6050807204202,1677.5192677150262,1.0147522086900786,0.9854622551557469,339.727689125109,-9.993827819824219,-4.997589111328125,307.0,0.9401218891143799
64.0,2.1333333333333333,698.9710210130435,1682.4928847186875,1.0141023691857076,0.9860937419986195,353.90517941030294,-10.381088256835938,-4.9920654296875,301.0,2.2657313346862793
65.0,2.1666666666666665,709.5049300556667,1688.4672341442235,1.0146993260942958,0.9855136140171933,356.09056992019384,-10.548027038574219,-5.9927215576171875,292.0,2.1226260662078857
66.0,2.2,719.4823205436024,1694.444635327572,1.0147054951351702,0.9855076224523538,346.4753636194211,-9.99135971069336,-5.9957122802734375,284.0,0.9353033304214478
67.0,2.2333333333333334,729.8443545862257,1699.4144681515459,1.014065120606852,0.986129963134483,346.46525363307984,-10.376953125,-4.98828125,269.0,2.601686477661133
68.0,2.2666666666666666,739.8205854061927,1705.3926017567694,1.014058290548836,0.9861366050848741,348.7430048363933,-9.990081787109375,-5.9963226318359375,263.0,0.8839285969734192
69.0,2.3,749.7855857574096,1711.3680498151182,1.0140476526540185,0.9861469501780786,356.42271788325127,-9.97861099243164,-5.993499755859375,252.0,0.9396966695785522
70.0,2.3333333333333335,759.7449098390954,1718.3398357640917,1.0140909290903057,0.9861048662540093,350.87012169715746,-9.971942901611328,-6.989715576171875,242.0,1.121138095855713
71.0,2.3666666666666667,769.2734477879686,1724.3055181974403,1.014511381238192,0.985696186847622,346.4189378683456,-9.5419921875,-5.983612060546875,233.0,3.4506094455718994
72.0,2.4,779.2277059516856,1730.740683052664,1.0135535429246834,0.9866276991291713,348.1292213215711,-9.967111587524414,-6.4529266357421875,226.0,3.0371313095092773
73.0,2.433333333333333,788.5605041544651,1737.214788337575,1.0138321653695497,0.9863565530449433,348.22811899192646,-9.345458984375,-6.4918060302734375,218.0,3.9380314350128174
74.0,2.466666666666667,798.1513589978696,1744.1884053412361,1.0144386318781557,0.9857668749745623,352.5722608953961,-9.602859497070312,-6.9910430908203125,209.0,3.166950225830078
75.0,2.5,807.4801899154928,1751.161900274585,1.0137939513368142,0.9863937328501269,352.8744121829153,-9.340721130371094,-6.990943908691406,202.0,2.6846301555633545
76.0,2.533333333333333,817.0974119463973,1758.1336862235585,1.014373202913328,0.9858304587778467,348.7802073133533,-9.628890991210938,-6.989044189453125,194.0,2.812180995941162
77.0,2.566666666666667,826.0815773366768,1765.1134067428445,1.0143412793181894,0.9858614850735157,350.651542458642,-8.995826721191406,-6.996856689453125,189.0,0.8942743539810181
78.0,2.6,835.0637896019563,1773.0897092933808,1.0143392841562855,0.9858634242208092,354.47914273454245,-8.992424011230469,-7.9930267333984375,175.0,0.8654336929321289
79.0,2.6333333333333333,844.031902746142,1780.4839805939168,1.0135955134452397,0.9865868452800979,343.4261795630306,-8.978939056396484,-7.4109649658203125,162.0,2.377728223800659
80.0,2.6666666666666665,852.4625403043902,1787.9715136132031,1.01363007082554,0.9865532098762233,349.37571013291654,-8.441177368164062,-7.5041656494140625,496.0,4.808000564575195
81.0,2.7,861.445301886076,1795.9525769059267,1.013637200038656,0.9865462711528978,354.7360489844296,-8.992523193359375,-7.997314453125,465.0,0.9297052025794983
82.0,2.7333333333333334,869.9201899326055,1803.9248511361502,1.0145559083192066,0.9856529263692121,343.85472990729164,-8.484527587890625,-7.9883575439453125,447.0,2.358560085296631
83.0,2.7666666666666666,877.9086888189787,1811.9040833741865,1.014556633986141,0.9856522213758057,353.7643780329516,-7.997962951660156,-7.995262145996094,434.0,0.6407667398452759
84.0,2.8,886.3383498147269,1820.8559718622225,1.013722902554611,0.9864628662132138,353.84062122897194,-8.437652587890625,-8.967147827148438,415.0,3.3336167335510254
85.0,2.8333333333333335,894.3288628612564,1828.8403310533836,1.013723627625733,0.9864621606404937,349.41973054436716,-7.999725341796875,-7.999885559082031,399.0,0.11911848187446594
86.0,2.8666666666666667,902.3028353804422,1837.8199295023574,1.0137279780555772,0.9864579272223415,349.07953146662925,-7.981616973876953,-8.994485855102539,386.0,0.8079293966293335
87.0,2.9,910.2698498918154,1845.7952554903934,1.0137262862144885,0.9864595735543705,343.6990657379883,-7.9758453369140625,-7.9905548095703125,368.0,0.9797335863113403
88.0,2.933333333333333,917.7323478016261,1854.7594730799922,1.0146899089521673,0.9855227603797332,355.20511777039667,-7.46978759765625,-8.978675842285156,353.0,2.3939201831817627
89.0,2.966666666666667,925.7228608481556,1863.7385832477157,1.0146738212105668,0.9855383859287312,355.116721084873,-7.9977569580078125,-8.993408203125,341.0,0.9250283241271973
90.0,3.0,933.1811473321851,1872.6986504466893,1.0138469485945385,0.9863421706661601,345.50451922263426,-7.4652862548828125,-8.974212646484375,329.0,2.6330783367156982
91.0,3.033333333333333,940.1701955349646,1881.678004755038,1.0138445313950495,0.9863445222947552,345.51184787374626,-6.99591064453125,-8.993133544921875,305.0,0.8979591727256775
92.0,3.066666666666667,947.6221343627441,1890.643809258699,1.014745540356435,0.985468731056206,357.34696860504727,-7.458526611328125,-8.979385375976562,287.0,2.395549774169922
93.0,3.1,954.6138070772423,1900.6232856373601,1.014732959778561,0.9854809488185186,353.31363457268856,-6.99688720703125,-9.9920654296875,278.0,0.9039469957351685
94.0,3.1333333333333333,961.602916315178,1909.6000764691464,1.0147356210216558,0.9854783642986538,340.81727588864953,-6.9954376220703125,-8.989913940429688,270.0,0.8620677590370178
95.0,3.1666666666666665,968.0856168617075,1918.919762808745,1.0131552013753156,0.9870156108783157,347.8130793533865,-6.4884796142578125,-9.332290649414062,262.0,3.281214714050293
96.0,3.2,975.0642890879245,1928.4800497342812,1.013823463347887,0.9863650193079585,355.7671075670417,-6.98382568359375,-9.572525024414062,247.0,2.607851505279541
97.0,3.2333333333333334,981.528923228204,1938.4597702535673,1.0146769567162937,0.9855353404656085,356.91291176824404,-6.469085693359375,-9.991188049316406,236.0,2.5886125564575195
98.0,3.2666666666666666,988.0257228958272,1948.4341196791033,1.01397654409505,0.9862161070919805,344.43826883418126,-6.5010986328125,-9.985664367675781,227.0,2.5663974285125732
99.0,3.3,994.497498149388,1957.409567737452,1.014785563304152,0.9854298643587222,340.3123603793192,-6.4773101806640625,-8.987340927124023,218.0,2.4974136352539062
100.0,3.3333333333333335,1000.4894760396675,1967.3913634520507,1.0147997170124796,0.9854161202803158,349.24631509483396,-5.9959716796875,-9.99237060546875,207.0,0.8697562217712402
101.0,3.3666666666666667,1006.4806604729157,1977.3721826041492,1.014801894536439,0.9854140058112519,349.14724046118397,-5.995033264160156,-9.99127197265625,198.0,0.7730300426483154
102.0,3.4,1012.4691593592889,1987.348363084373,1.0148081851747088,0.985407897382933,362.0399730444334,-5.9921722412109375,-9.986328125,189.0,0.800595223903656
103.0,3.433333333333333,1018.4612593198809,1998.3247877052215,1.0148178631397315,0.9853984998905254,357.90874939235044,-5.994171142578125,-10.985206604003906,185.0,0.8865504264831543
104.0,3.466666666666667,1023.9225365265667,2008.2803383026326,1.0140468244106933,0.9861477556336153,344.9058252156826,-5.4647064208984375,-9.964920043945312,178.0,2.47601318359375
105.0,3.5,1029.9165285770025,2018.2618898766063,1.0140393900569005,0.9861549855019807,345.3194820249989,-5.997186660766602,-9.99081039428711,166.0,0.9687145948410034
106.0,3.533333333333333,1035.4152813696257,2028.2276943802674,1.0148775921913493,0.9853405057853083,354.5896252030703,-5.501853942871094,-9.974700927734375,150.0,2.378472328186035
107.0,3.566666666666667,1040.8970663888115,2039.1961844308037,1.0140049429898994,0.9861884864696967,350.89184091714674,-5.483245849609375,-10.975955963134766,489.0,3.242347002029419
108.0,3.6,1045.8782410564347,2049.150148114152,1.0140305692973766,0.9861635637798392,351.1137631553489,-4.9840850830078125,-9.962257385253906,476.0,2.812145709991455
109.0,3.6333333333333333,1051.360636427183,2060.134873516251,1.0148525659708678,0.9853648042396592,351.64849670159765,-5.4835052490234375,-10.991352081298828,464.0,2.840738296508789
110.0,3.6666666666666665,1056.3556050401187,2070.1217961839743,1.014841435824356,0.985375611104901,348.442084899842,-4.997474670410156,-9.994422912597656,454.0,1.0269628763198853
111.0,3.7,1061.3510619343044,2081.106277445448,1.014832725370443,0.9853840687242041,348.33423990821467,-4.996356964111328,-10.99045181274414,446.0,0.9351969957351685
112.0,3.7333333333333334,1066.3446877738027,2091.085875894422,1.0148307292418877,0.9853860069324402,344.70563873752747,-4.9959259033203125,-9.986534118652344,432.0,0.9740645885467529
113.0,3.7666666666666666,1070.813411269551,2102.04814035902,1.0139856426602856,0.986207257704761,358.50599056661906,-4.4694061279296875,-10.967483520507812,420.0,2.942495822906494
114.0,3.8,1075.8110654293616,2113.031645057994,1.0139914447326732,0.9862016146138571,358.68747652558915,-4.998077392578125,-10.988578796386719,407.0,0.9376417398452759
115.0,3.8333333333333335,1080.2950477141724,2124.0005013194677,1.0148605517987834,0.9853570505105909,341.7062700509312,-4.48431396484375,-10.973133087158203,396.0,2.409261703491211
116.0,3.8666666666666667,1084.7723161317956,2133.975461096566,1.0140492545179518,0.9861453923905991,339.1650938140924,-4.479156494140625,-9.980567932128906,387.0,2.495393991470337
117.0,3.9,1088.7700923619188,2144.963116186165,1.014060254970251,0.9861346947567099,353.2250839536748,-3.99810791015625,-10.991302490234375,377.0,0.9505385756492615
118.0,3.933333333333333,1093.275681092042,2155.9349021351386,1.014863901126448,0.985353798563581,353.20965888916726,-4.5055694580078125,-10.975326538085938,354.0,2.4171626567840576
119.0,3.966666666666667,1097.2718704081028,2166.9220689434874,1.0148637801452434,0.9853539160269212,352.5978841914865,-3.9962024688720703,-10.989978790283203,344.0,1.0523313283920288
120.0,4.0,1101.7128839429135,2177.8750560643357,1.0141032923835083,0.986092844299558,352.77128255759345,-4.44085693359375,-10.955825805664062,331.0,3.1203231811523438
121.0,4.033333333333333,1105.7133457199118,2188.8729650601845,1.0141045012888383,0.9860916687866854,348.5334603826127,-4.00006103515625,-11.00006103515625,315.0,0.2890447974205017
122.0,4.066666666666666,1109.2583631609725,2199.8513428060332,1.014950252466032,0.9852699652719852,348.40982653449504,-3.5448150634765625,-10.980110168457031,302.0,2.6419713497161865
123.0,4.1,1113.2540641957833,2210.8421717237566,1.0149599317859141,0.985260569094988,347.7860289100087,-3.995269775390625,-10.9923095703125,291.0,0.8691893219947815
124.0,4.133333333333334,1116.675058199344,2221.8188404852303,1.0142947746793962,0.9859066860677512,347.8221239938915,-3.420501708984375,-10.977500915527344,277.0,2.606292486190796
125.0,4.166666666666667,1120.6746654841547,2232.810890106079,1.0142957419862721,0.985905745834763,362.6335407852402,-3.9987869262695312,-10.992664337158203,270.0,0.8516156673431396
126.0,4.2,1124.223955386153,2244.7856057425524,1.0150543531271459,0.9851689192004676,359.95080938519817,-3.5469512939453125,-11.973222732543945,258.0,2.5650155544281006
127.0,4.233333333333333,1127.6641144287762,2255.767157316526,1.014278718074996,0.9859222935268763,343.48791437069804,-3.439544677734375,-10.981437683105469,249.0,2.514172315597534
128.0,4.266666666666667,1130.6653086276494,2266.760183499875,1.0142900837508624,0.985911245727635,343.9076951768383,-3.0004100799560547,-10.992084503173828,236.0,0.8189129829406738
129.0,4.3,1134.2165516546477,2277.7380729644733,1.0152381610178762,0.9849905553169923,347.9127770957922,-3.5502471923828125,-10.977035522460938,225.0,2.5470521450042725
130.0,4.333333333333333,1137.2124968300834,2289.011128444697,1.014542746656732,0.9856657132440645,357.7049017471166,-2.9946365356445312,-11.271026611328125,216.0,2.099843978881836
131.0,4.366666666666666,1140.6253121227066,2300.707767909296,1.0142132981425218,0.9859858886009948,353.4039555563109,-3.4102935791015625,-11.693572998046875,199.0,3.211522102355957
132.0,4.4,1143.6230883528299,2311.682483545769,1.0142191015175646,0.9859802467767678,341.7235541604488,-2.9966888427734375,-10.97232437133789,192.0,2.2001843452453613
133.0,4.433333333333334,1146.6244046220156,2322.685275354118,1.0142217614130125,0.9859776609474453,354.8616266550535,-3.0000553131103516,-11.000049591064453,184.0,0.3026856780052185
134.0,4.466666666666667,1149.2040900318264,2334.6721980218417,1.0151466820285435,0.9850793168153037,354.7446016377349,-2.57696533203125,-11.981681823730469,175.0,2.4190759658813477
135.0,4.5,1152.201500051012,2345.667909752065,1.0151443827451632,0.985081548001862,354.07564096435283,-2.9958724975585938,-10.992176055908203,162.0,0.8585954904556274
136.0,4.533333333333333,1154.6345790155103,2357.644090232289,1.0141620463996177,0.9860357164322068,354.0165479269997,-2.4302978515625,-11.97027587890625,495.0,3.109764814376831
137.0,4.566666666666666,1157.633453878446,2368.6354074312626,1.0142413551839164,0.9859586131928785,339.9410104075312,-2.9973526000976562,-10.987083435058594,483.0,1.0809240341186523
138.0,4.6,1160.1914107726318,2379.6150058802364,1.0152790998909695,0.9849508377621382,352.46001589592925,-2.5565643310546875,-10.974639892578125,471.0,2.6118905544281006
139.0,4.633333333333334,1162.6143579011925,2391.5987547198347,1.0142378122618525,0.9859620573304196,350.9991715376011,-2.41973876953125,-11.976303100585938,465.0,2.7132227420806885
140.0,4.666666666666667,1164.6138431156908,2402.5932457469335,1.0142630817347809,0.9859374929526317,351.3595433078153,-1.998291015625,-10.988693237304688,449.0,1.0177862644195557
141.0,4.7,1167.1708234473765,2414.5752856021572,1.015397455427393,0.9848360311077281,352.54586292052244,-2.5535659790039062,-11.973739624023438,434.0,2.4145760536193848
142.0,4.733333333333333,1169.6059776071872,2425.5600110042556,1.0142360910048216,0.9859637306036727,351.09656043492,-2.43353271484375,-10.978324890136719,425.0,2.5006377696990967
143.0,4.766666666666667,1171.607293876373,2437.5574317188543,1.014256886899403,0.9859435148200112,349.4765767098669,-1.9980926513671875,-11.988037109375,413.0,0.9699546694755554
144.0,4.8,1173.5927410049337,2448.514813370953,1.0143137140555705,0.9858882771106985,351.0641348015481,-1.9839096069335938,-10.950035095214844,406.0,2.5536422729492188
145.0,4.833333333333333,1176.143739891307,2460.5178493199264,1.0155055792946477,0.9847311727175171,351.78026263714594,-2.5472564697265625,-11.99273681640625,393.0,2.511833906173706
146.0,4.866666666666666,1178.1468872151802,2471.52039698765,1.0154998895828116,0.984736690036294,350.25511582573137,-2.001434326171875,-10.994384765625,381.0,0.908730149269104
147.0,4.9,1180.1512552421784,2483.521723952249,1.0154897207931,0.9847465508749784,350.1489192819466,-2.0009002685546875,-11.990074157714844,366.0,0.7819231748580933
148.0,4.933333333333334,1182.1537922144892,2494.5171915418473,1.015480036328447,0.9847559422394787,350.04962412088,-2.00079345703125,-10.986297607421875,361.0,0.848497748374939
149.0,4.966666666666667,1184.1574278196124,2506.511926709571,1.0154711993387282,0.9847645119341613,356.4694976157415,-2.0,-11.98269271850586,358.0,0.8213223218917847
150.0,5.0,1186.1542274872356,2517.942697033545,1.0150528380963248,0.9851703896276418,349.19894978580624,-1.9939155578613281,-11.419662475585938,355.0,2.6607143878936768
151.0,5.033333333333333,1188.1568865298589,2529.445732982518,1.0154163332942936,0.9848177217671114,349.42310689925375,-1.9997568130493164,-11.4913330078125,346.0,2.7360756397247314
152.0,5.066666666666666,1190.1552731115446,2540.891395884617,1.0151299359510664,0.9850955671631423,351.08763112786204,-1.9954833984375,-11.433700561523438,339.0,3.0101332664489746
153.0,5.1,1192.5826147713553,2552.4293439429657,1.0142930106069523,0.9859084007703066,350.5367584954527,-2.4239044189453125,-11.52569580078125,327.0,4.151643753051758
154.0,5.133333333333334,1194.580757212416,2563.837653329439,1.0139636431885566,0.9862286549598112,351.41698752851846,-1.9951362609863281,-11.395599365234375,322.0,2.7040107250213623
155.0,5.166666666666667,1197.1403010206643,2575.409536934663,1.0156464494229724,0.9845945905370301,348.5376056944826,-2.555633544921875,-11.558547973632812,315.0,3.8253259658813477
156.0,5.2,1200.1499180711,2586.3962154617616,1.015580463825012,0.9846585628810435,346.3353693637752,-3.0061798095703125,-10.97491455078125,307.0,2.3961875438690186
157.0,5.233333333333333,1204.1546523090358,2597.4073080513604,1.0155815534246422,0.9846575064581474,356.87589342056015,-4.000152587890625,-10.9991455078125,285.0,0.3002409338951111
158.0,5.266666666666667,1209.159752757909,2608.4159592347087,1.0155847011602843,0.9846544545792398,322.6184099987438,-4.99945068359375,-10.997024536132812,275.0,0.45096370577812195
159.0,5.3,1218.5520602380323,2613.3855479180575,1.0144451567925332,0.9857605345189819,270.45957086545053,-9.39276123046875,-4.9776763916015625,260.0,3.2639951705932617
160.0,5.333333333333333,1227.070710491593,2606.3419530076562,1.0156333066817027,0.9846073316236741,342.1426302537087,-8.5418701171875,6.99945068359375,257.0,2.5173611640930176
161.0,5.366666666666666,1232.4449515654662,2595.2951842691295,1.014492557582978,0.9857144761933923,349.48543337919534,-5.4080352783203125,10.992706298828125,257.0,2.6245038509368896
162.0,5.4,1236.9759309205895,2585.2532983431033,1.0156922519984546,0.9845501903085517,343.3022870768503,-4.5641021728515625,9.991546630859375,251.0,2.4963860511779785
163.0,5.433333333333334,1241.3552989475877,2574.214097963952,1.0145571879906525,0.9856516831550094,351.77161326482593,-4.41455078125,10.986335754394531,246.0,2.5188846588134766
164.0,5.466666666666667,1244.8927480292734,2563.1785596941754,1.0157459528728308,0.9844981387045683,349.76838547359046,-3.57366943359375,10.983749389648438,243.0,2.5047476291656494
165.0,5.5,1248.8529266031467,2552.134476502524,1.0157286375242938,0.9845149216599521,358.97743272582545,-3.9962158203125,10.992324829101562,240.0,0.8848143219947815
166.0,5.533333333333333,1252.8051706067074,2540.592590576498,1.0154576508849396,0.9847776508735064,358.9072763284918,-3.9892196655273438,11.489364624023438,238.0,2.6987314224243164
167.0,5.566666666666666,1256.7658374618306,2529.5536343379713,1.0154451220044785,0.9847898013690883,358.24608592386716,-3.9969940185546875,10.98822021484375,235.0,1.0729875564575195
168.0,5.6,1260.7157621294539,2518.057646849445,1.0157723214831975,0.9844725819461518,358.3998871059067,-3.9871292114257812,11.444351196289062,234.0,3.0676021575927734
169.0,5.633333333333334,1264.6788703908271,2507.008680845294,1.0157730480201783,0.984471877796993,344.20408643710596,-3.999805450439453,10.99908447265625,231.0,0.2602040767669678
170.0,5.666666666666667,1268.6342882225129,2496.520261716142,1.015824511093123,0.9844220030917601,337.4238187376766,-3.991241455078125,10.440643310546875,229.0,2.4985828399658203
171.0,5.7,1272.5945888666986,2485.952496883866,1.0160017952246785,0.9842502293796245,347.10657466692675,-3.9962844848632812,10.519821166992188,226.0,2.7416739463806152
172.0,5.733333333333333,1276.9325750577593,2474.9189117390897,1.014895937805748,0.9853226944252494,356.79433252433614,-4.374755859375,10.985031127929688,222.0,2.432114601135254
173.0,5.766666666666667,1281.4730758972576,2463.885326594313,1.0158633340553636,0.9843843817139885,360.46332729008793,-4.577430725097656,10.985336303710938,220.0,2.334573268890381
174.0,5.8,1286.4299585726933,2452.844417230787,1.015862789103805,0.9843849097792043,349.3822305132448,-4.993644714355469,10.992950439453125,219.0,0.9506093859672546
175.0,5.833333333333333,1291.3896488653165,2442.8096113828856,1.0158598221469115,0.9843877848093318,349.2627503740273,-4.994663238525391,9.989730834960938,212.0,0.8135274648666382
176.0,5.866666666666666,1296.3470198220023,2431.7777352224844,1.015852798351106,0.9843945910501622,352.2399418152347,-4.9945526123046875,10.9847412109375,209.0,0.8450255393981934
177.0,5.9,1301.8096398021255,2421.7653903120827,1.014653917356348,0.9855577186411221,355.3438923855939,-5.497650146484375,9.967742919921875,208.0,2.1431050300598145
178.0,5.933333333333334,1307.2342959150612,2410.7381528235564,1.0157208717550994,0.9845224488417426,355.53852712173466,-5.462127685546875,10.980987548828125,206.0,2.119614601135254
179.0,5.966666666666667,1312.7086346451845,2400.71726299128,1.0147025606680322,0.9855104724892457,345.9783699496846,-5.5098419189453125,9.977127075195312,198.0,2.15171480178833
180.0,6.0,1318.6702780628077,2390.7076036277535,1.0147359461721284,0.9854780485231488,353.5177549325108,-5.997003555297852,9.966476440429688,198.0,2.6130597591400146
181.0,6.033333333333333,1325.096032808556,2380.6674266861023,1.015626739436948,0.9846136982907605,345.324816657803,-6.4613494873046875,9.996917724609375,190.0,1.9638252258300781
182.0,6.066666666666666,1331.5764750543042,2371.643851306951,1.0145179607599895,0.98568979424562,349.8506784547398,-6.514190673828125,8.98297119140625,183.0,2.030824899673462
183.0,6.1,1338.53824054224,2361.6073364746744,1.0145248543380139,0.9856830965984649,358.132772275515,-6.997589111328125,9.99383544921875,182.0,0.9116355180740356
184.0,6.133333333333334,1345.9596007567382,2352.586934923648,1.0153338272630412,0.9848977480594974,347.20342134272516,-7.455078125,8.980194091796875,179.0,2.131944417953491
185.0,6.166666666666667,1353.9034219087364,2344.295781419497,1.0148415083535878,0.9853755406815536,354.1871619714575,-7.976139068603516,8.252593994140625,177.0,2.266723394393921
186.0,6.2,1362.3460223576096,2335.5859267434703,1.015000716105934,0.9852209797806996,352.0357820903672,-8.475997924804688,8.670425415039062,170.0,4.045032501220703
187.0,6.233333333333333,1371.3105954627329,2328.554538864319,1.0149998691233342,0.985221801913837,346.8375811008866,-8.994422912597656,6.99566650390625,160.0,1.2113449573516846
188.0,6.266666666666667,1380.7052222787936,2321.529254500793,1.0159608305797019,0.9842899154186932,348.361755217669,-9.42474365234375,6.989501953125,493.0,2.6609976291656494
189.0,6.3,1391.1660112042293,2316.507876387266,1.0150518246976872,0.9851713731935116,348.77784578243615,-10.486724853515625,4.98944091796875,481.0,2.9625141620635986
190.0,6.333333333333333,1402.1244807937276,2312.481371320615,1.0150794135200556,0.985144597241152,345.1785399883254,-10.98223876953125,3.9964752197265625,468.0,1.334998607635498
191.0,6.366666666666666,1413.0713537035383,2309.4577959414637,1.0150961124716653,0.9851283910102782,343.4015821902705,-10.96875,2.995452880859375,451.0,1.493126392364502
192.0,6.4,1424.458656300849,2307.4520428279375,1.0158984013884542,0.9843504021989546,351.89286336565965,-11.407211303710938,1.9795703887939453,434.0,3.882617473602295
193.0,6.433333333333334,1436.4430047965973,2307.429199870661,1.015898885806561,0.98434993282433,352.1772890832087,-11.9998779296875,0.0,417.0,0.17332766950130463
194.0,6.466666666666667,1447.917709737658,2308.4070893352596,1.0152223955979214,0.9850058512657652,347.7244190064199,-11.48846435546875,-0.99853515625,407.0,3.8390023708343506
195.0,6.5,1459.3581129209063,2310.9342952061083,1.0150875749281874,0.9851366765776295,353.64816554471736,-11.450653076171875,-2.544830322265625,394.0,3.8172123432159424
196.0,6.533333333333333,1470.8427055572795,2313.9114522488317,1.0144037594625084,0.9858007629327593,350.44317302598716,-11.49395751953125,-2.99407958984375,392.0,2.849064588546753
197.0,6.566666666666666,1481.8177767092777,2317.3676131978054,1.0151450379971,0.9850809121551916,347.5815291596903,-10.9832763671875,-3.4720458984375,391.0,2.2173328399658203
198.0,6.6,1492.788453330026,2321.349897193654,1.015128822024785,0.9850966481331809,348.386039493943,-10.977987289428711,-3.9973297119140625,386.0,1.1367275714874268
199.0,6.633333333333334,1503.2442373726492,2326.3309604863775,1.01578217005465,0.984463036938519,354.70652733396435,-10.460647583007812,-4.9936676025390625,380.0,2.474808692932129
200.0,6.666666666666667,1514.2332245402724,2331.3151976072263,1.0157905253109374,0.9844549393625188,354.8718766352733,-10.993766784667969,-4.997260093688965,376.0,0.9525935649871826
201.0,6.7,1524.7036570203957,2336.2908898062,1.0151863989849992,0.9850407777328549,351.2333537686964,-10.47540283203125,-4.988395690917969,370.0,2.470273494720459
202.0,6.733333333333333,1535.1659107895814,2341.8085741926734,1.014879251114861,0.9853388951458847,347.97659228005733,-10.465682983398438,-5.5291595458984375,362.0,3.3449547290802
203.0,6.766666666666667,1545.1484282306421,2347.253504672897,1.015664914940938,0.9845766898998879,351.39136951218927,-9.986164093017578,-5.4564361572265625,350.0,2.246988296508789
204.0,6.8,1555.6211800467029,2353.226267184371,1.0149543158301215,0.9852660207490319,348.2254776289889,-10.4749755859375,-5.983489990234375,347.0,3.1174886226654053
205.0,6.833333333333333,1565.6134631127636,2358.2134339927193,1.0149525009503777,0.9852677825451176,348.2314732385034,-9.996963500976562,-4.999481201171875,342.0,0.439980149269104
206.0,6.866666666666666,1576.0835293819493,2364.192055879193,1.0154203761116887,0.9848138007918087,355.48354341048025,-10.472015380859375,-5.989105224609375,335.0,2.6746740341186523
207.0,6.9,1586.0705634245726,2370.177757843792,1.015432480865852,0.9848020610364041,347.5359546094146,-9.989166259765625,-5.99609375,329.0,0.8550170063972473
208.0,6.933333333333334,1596.4969285218833,2375.151008636515,1.014974249934532,0.9852466701145395,347.55358198995316,-10.43060302734375,-4.985537528991699,329.0,3.117276191711426
209.0,6.966666666666667,1606.4854274082566,2381.136466460489,1.0149959079248372,0.9852256469136941,355.72723024174513,-9.990281105041504,-5.9957275390625,326.0,0.9101473689079285
210.0,7.0,1616.9735600836923,2387.1141117844627,1.015424600087086,0.9848097041515805,348.32105901167984,-10.489715576171875,-5.9879150390625,319.0,3.7860686779022217
211.0,7.033333333333333,1626.957298227878,2392.0971282021865,1.0154230869865213,0.9848111716345819,347.1768932020057,-9.988021850585938,-4.995122909545898,312.0,0.9720450639724731
212.0,7.066666666666666,1637.3608361767513,2398.071111416785,1.0149548738455014,0.9852654790563843,354.32213306890924,-10.404861450195312,-5.984161376953125,306.0,3.4185445308685303
213.0,7.1,1647.8857120162495,2403.0504657251336,1.0153779830423835,0.9848549177752444,350.71892447441826,-10.528823852539062,-4.991584777832031,294.0,3.588470935821533
214.0,7.133333333333334,1658.2711835588727,2408.5325055803573,1.013756013703398,0.9864306465091681,346.75311980270726,-10.387908935546875,-5.493133544921875,291.0,4.446286678314209
215.0,7.166666666666667,1668.247475413996,2413.9952583262057,1.0144963354993322,0.985710805458753,345.8510339789327,-9.978927612304688,-5.473602294921875,273.0,2.5031888484954834
216.0,7.2,1678.8324098472442,2418.9655794314294,1.0151426248976338,0.9850832537948441,347.61576953734385,-10.588478088378906,-4.982421875,266.0,4.305697441101074
217.0,7.233333333333333,1689.17552299143,2423.948595849153,1.0147176827228024,0.9854957857013881,353.04522875395696,-10.346694946289062,-4.9949951171875,249.0,2.6361961364746094
218.0,7.266666666666667,1700.1532796903032,2428.9345419543765,1.014739819093454,0.9854742872841806,356.63245707621195,-10.981094360351562,-4.99810791015625,239.0,1.040958046913147
219.0,7.3,1710.760552990739,2433.9165818096003,1.015147233972145,0.9850787812198672,347.4943380112378,-10.610733032226562,-4.994232177734375,231.0,3.1304564476013184
220.0,7.333333333333333,1721.0688760958622,2438.895203696074,1.0147783803114248,0.9854368396113352,348.9764215591564,-10.311576843261719,-4.9904632568359375,216.0,2.0630669593811035
221.0,7.366666666666666,1732.028444318173,2443.3474583950474,1.0139093245772484,0.9862814906224007,351.15666824990274,-10.964147567749023,-4.465538024902344,206.0,2.5154833793640137
222.0,7.4,1742.7054197670461,2447.834381062771,1.0155322112946987,0.9847053484646274,348.99206969911427,-10.681541442871094,-4.499916076660156,200.0,2.8096654415130615
223.0,7.433333333333334,1753.6977028331069,2451.818374042995,1.0155216789987107,0.9847155611547211,353.01868100296554,-10.997821807861328,-3.9983291625976562,190.0,0.8703939914703369
224.0,7.466666666666667,1764.6753374616676,2456.2723377263433,1.0146185742493494,0.9855920494456109,352.9396576300826,-10.982086181640625,-4.467132568359375,184.0,2.3050241470336914
225.0,7.5,1775.6618832230408,2460.256574847192,1.0145841634168997,0.9856254769759234,347.9192951844201,-10.992218017578125,-3.998565673828125,177.0,0.9659863710403442
226.0,7.533333333333333,1786.6370764453516,2463.733731889916,1.0153711711244184,0.9848615249658935,347.90002523822983,-10.98223876953125,-3.4925384521484375,171.0,2.3426871299743652
227.0,7.566666666666666,1797.6230118551623,2467.715771745139,1.015382306958605,0.9848507238572238,352.03930723500235,-10.991493225097656,-3.99627685546875,166.0,0.9631519317626953
228.0,7.6,1808.7184443352855,2471.684872147238,1.0151249695333022,0.9851003866644559,347.24528754105467,-11.101032257080078,-3.9832305908203125,162.0,2.186826705932617
229.0,7.633333333333334,1819.7041356044713,2474.6678885649617,1.0151250905456286,0.9851002692313526,349.7675763663217,-10.994049072265625,-2.99957275390625,487.0,0.6941609978675842
230.0,7.666666666666667,1831.2612380064695,2477.6467545920605,1.0156735184743568,0.9845683497804492,349.72842722915084,-11.5654296875,-2.9955596923828125,470.0,3.7205569744110107
231.0,7.7,1842.2444878694052,2480.628794447284,1.0156792091271287,0.9845628334357622,346.1466840448253,-10.991592407226562,-2.9986724853515625,454.0,0.8748937249183655
232.0,7.733333333333333,1853.555618591716,2483.6035100837576,1.0151809715237554,0.9850460440556039,355.1869775874798,-11.319427490234375,-2.9912490844726562,433.0,2.5802154541015625
233.0,7.766666666666667,1865.1628918921517,2486.5826202514813,1.0158245505784167,0.9844219648270894,351.5252811305071,-11.615615844726562,-2.9957351684570312,417.0,2.4487669467926025
234.0,7.8,1876.4605948800875,2488.5595331535797,1.0152788327027953,0.9849510969689763,350.1089653789766,-11.3089599609375,-1.995758056640625,399.0,2.2696995735168457
235.0,7.833333333333333,1888.0894746258357,2490.9592976181784,1.014869446467127,0.9853484144991366,350.05230118898936,-11.638946533203125,-2.4179229736328125,382.0,3.4883079528808594
236.0,7.866666666666666,1899.3825389418964,2492.940360910902,1.0143209146880425,0.9858812783206319,347.9164113058084,-11.304534912109375,-2.000091552734375,367.0,1.9024235010147095
237.0,7.9,1911.0133718126447,2494.4914925630005,1.015921365159302,0.9843281520545585,347.7542193835292,-11.643386840820312,-1.5711517333984375,338.0,3.1235828399658203
238.0,7.933333333333334,1922.296548433393,2496.4657199182243,1.0153157077311372,0.9849153247462681,347.69008021159976,-11.294639587402344,-1.9931602478027344,324.0,2.069727897644043
239.0,7.966666666666667,1933.9469125541411,2497.858160164073,1.014764332496227,0.9854504814335481,346.1084493769996,-11.663688659667969,-1.4128341674804688,310.0,2.9711594581604004
240.0,8.0,1945.1804065577019,2499.4210105661714,1.0154818016229326,0.9847542303582499,350.27308560068974,-11.246383666992188,-1.582763671875,297.0,3.2144274711608887
241.0,8.033333333333333,1957.15987224095,2500.39841174952,1.015483133226438,0.9847529390495692,355.8489285547564,-11.994003295898438,-0.998870849609375,281.0,0.5099206566810608
242.0,8.066666666666666,1968.8230537445108,2501.375080510994,1.016092524211529,0.9841623436566305,355.0686371228176,-11.677974700927734,-0.9981002807617188,270.0,2.284226417541504
243.0,8.1,1980.7901903261966,2501.7897375537173,1.0151539664765803,0.9850722481741592,347.22468730171306,-11.983623504638672,-0.43744659423828125,262.0,2.4941184520721436
244.0,8.133333333333333,1991.9523952672573,2502.312060612066,1.0156861938907786,0.9845560627040821,344.47095950206807,-11.178779602050781,-0.5444183349609375,245.0,2.9074547290802
245.0,8.166666666666666,2003.749609973943,2502.283602420415,1.0162988547924547,0.9839625374803918,356.52290247460144,-11.815559387207031,0.004547119140625,231.0,2.4204931259155273
246.0,8.2,2015.7205307353163,2502.259538760013,1.0162774108416468,0.9839832995715546,346.25422227782553,-11.989166259765625,0.000274658203125,217.0,1.0281320810317993
247.0,8.233333333333333,2026.833175129502,2502.235719240237,1.015750894210101,0.9844933494030053,346.33111883388074,-11.131000518798828,0.000244140625,206.0,2.265589714050293
248.0,8.266666666666667,2038.8092228440003,2502.2118997204607,1.0157660300779083,0.9844786795275098,356.31772276974635,-11.994857788085938,0.0001983642578125,201.0,0.66567462682724
249.0,8.3,2050.587638722561,2502.1863712163095,1.0163304247267217,0.9839319729790508,342.963741085862,-11.797107696533203,0.0016574859619140625,188.0,3.0912344455718994
250.0,8.333333333333334,2061.6493797964345,2501.162551696533,1.015909346951823,0.9843397966565047,345.8946895517307,-11.08377456665039,0.9982833862304688,180.0,2.2405753135681152
251.0,8.366666666666667,2073.6234743859327,2501.1387321767565,1.0159224263816249,0.984327123835296,356.8008328400601,-11.993305206298828,7.62939453125e-06,168.0,0.7289894819259644
252.0,8.4,2085.412998662931,2500.1144243757303,1.016279450969372,0.9839813242766604,345.5549340716491,-11.81181526184082,0.9982376098632812,158.0,4.321003437042236
253.0,8.433333333333334,2096.569222158679,2499.0903607153286,1.0156544989454097,0.9845867871784506,348.3188430932092,-11.178932189941406,0.9984397888183594,477.0,2.546556234359741
254.0,8.466666666666667,2108.5435608888024,2498.0640997893024,1.0156670907923395,0.9845745806530786,356.14992636152704,-11.997039794921875,1.00030517578125,449.0,0.6391014456748962
255.0,8.5,2120.2237101658006,2497.038327144526,1.0166482984138878,0.9836243286494833,343.98976583911514,-11.7030029296875,0.9998703002929688,426.0,1.8526077270507812
256.0,8.533333333333333,2131.384328192799,2496.0132869216245,1.0156613557151548,0.9845801401943395,349.9231161407007,-11.183944702148438,0.9992446899414062,397.0,1.723143458366394
257.0,8.566666666666666,2143.351342704172,2493.9858052924733,1.015682422985898,0.9845597180467149,357.6228859003683,-11.993690490722656,1.99957275390625,368.0,0.693416953086853
258.0,8.6,2155.0295388561703,2492.960032647697,1.01679840610165,0.9834791183770103,346.0382451960858,-11.70166015625,0.9997787475585938,351.0,1.9630101919174194
259.0,8.633333333333333,2166.2177447737936,2490.9335275810454,1.015697681604116,0.9845449272077451,346.93812180904246,-11.215217590332031,1.9987945556640625,330.0,1.6983063220977783
260.0,8.666666666666666,2177.801214363292,2488.908975639394,1.0163430411969054,0.9839197588467188,348.593585455155,-11.610610961914062,1.9964447021484375,293.0,1.644486904144287
261.0,8.7,2189.101724968415,2486.883691275868,1.0156826720693883,0.9845594765957404,348.2650259017647,-11.32806396484375,1.997772216796875,273.0,1.7816752195358276
262.0,8.733333333333333,2200.6627336204133,2484.8579186310913,1.0167154743165254,0.9835593391280267,348.43811209217813,-11.588836669921875,1.998016357421875,257.0,1.6231576204299927
263.0,8.766666666666667,2211.9749629755365,2482.832634267565,1.0161246755118183,0.9841312036796112,348.7496794201436,-11.340011596679688,1.9974212646484375,241.0,1.7842971086502075
264.0,8.8,2223.5589208462848,2480.817359669664,1.017268156878075,0.9830249705927395,350.36949653623907,-11.611991882324219,1.9876747131347656,224.0,2.695436477661133
265.0,8.833333333333334,2234.837214654533,2478.0459815561376,1.0155697405053996,0.9846689598120053,351.6457065836129,-11.30926513671875,2.7422027587890625,215.0,2.5806405544281006
266.0,8.866666666666667,2246.4555963534062,2475.785589770736,1.0174678030196622,0.982832082776653,350.8951241254867,-11.647850036621094,2.2322044372558594,204.0,2.2619402408599854
267.0,8.9,2257.6628452397795,2472.9251003290847,1.0154606087463964,0.9847747823862091,352.34529729286317,-11.239021301269531,2.831348419189453,174.0,2.304563522338867
268.0,8.933333333333334,2269.3984144386527,2470.7464956530584,1.0175005827419144,0.9828004199321886,351.5263960087004,-11.764991760253906,2.150482177734375,171.0,2.207695484161377
269.0,8.966666666666667,2280.511913325026,2467.7170608989068,1.016754130102073,0.983521945369043,343.33461626065184,-11.146373748779297,3.000152587890625,164.0,1.710388422012329
270.0,9.0,2291.471115336399,2464.6883585666305,1.0167639478316104,0.9835124486196016,347.788696947045,-10.991981506347656,2.9995269775390625,480.0,0.8559736609458923
271.0,9.033333333333333,2302.9832958633974,2462.0053593593543,1.0166087413616933,0.9836626022520258,353.4607392034515,-11.544052124023438,2.65423583984375,464.0,2.689767599105835
272.0,9.066666666666666,2314.3350759997707,2458.9871550739526,1.0160416970677137,0.9842115760465245,346.7074738482962,-11.385398864746094,2.9888992309570312,454.0,1.6056547164916992
273.0,9.1,2325.293057308019,2455.9618707104264,1.0160627722276556,0.9841911615436525,350.5705880041142,-10.991668701171875,2.9962005615234375,445.0,0.7097505927085876
274.0,9.133333333333333,2336.817689006892,2452.603334393775,1.0179702348885693,0.9823469937796989,350.6062124049479,-11.559738159179688,3.3286590576171875,429.0,1.9331774711608887
275.0,9.166666666666666,2347.7768910182654,2449.5736554989985,1.0179377733600496,0.9823783203359868,345.0178379499066,-10.993108749389648,3.000885009765625,417.0,0.7081916332244873
276.0,9.2,2359.0080656858886,2446.5500801198473,1.01708397137367,0.9832029882934874,349.28722076445325,-11.265708923339844,2.9943389892578125,398.0,2.3904123306274414
277.0,9.233333333333333,2369.968488400387,2442.519424662571,1.017081546456517,0.9832053324376706,353.95283684898135,-10.998649597167969,4.000049591064453,388.0,0.35636335611343384
278.0,9.266666666666667,2381.52437009926,2439.4912106115444,1.017952210884406,0.9823643873529103,353.9100163071911,-11.59103775024414,2.9994115829467773,368.0,1.4524164199829102
279.0,9.3,2392.4821072668833,2435.461531716768,1.0179793931410137,0.9823381560941645,345.38948643633734,-10.996490478515625,3.9989776611328125,350.0,0.6475694179534912
280.0,9.333333333333334,2403.4422858407565,2432.434294228242,1.017981092077417,0.982336516643229,349.0605551232106,-10.995686531066895,2.998687744140625,328.0,0.49475622177124023
281.0,9.366666666666667,2414.65978863338,2428.4134043959652,1.0172308283743368,0.9830610438715529,353.8218035041176,-11.256637573242188,3.9902877807617188,313.0,1.3353883028030396
282.0,9.4,2425.614596113503,2424.385190344939,1.017267692437102,0.9830254193999485,345.22488442104725,-10.994535446166992,3.9982070922851562,302.0,0.5298327803611755
283.0,9.433333333333334,2436.5669621873762,2421.358929418913,1.0173104999559932,0.9829840545666815,345.0368880522262,-10.98826789855957,2.997650146484375,294.0,0.5544217824935913
284.0,9.466666666666667,2447.5090743549995,2417.3321802116366,1.017320929422121,0.982973977118548,349.72950315954324,-10.982440948486328,3.9968109130859375,289.0,0.6029620170593262
285.0,9.5,2458.4472802726227,2413.305675144985,1.017320929422121,0.982973977118548,349.6162824394293,-10.978370666503906,3.9966964721679688,282.0,0.6524235010147095
286.0,9.533333333333333,2469.382068221496,2409.2808790627087,1.0173090445598074,0.9829854608563938,349.4636351213162,-10.975326538085938,3.99468994140625,270.0,0.6690050959587097
287.0,9.566666666666666,2480.310508514119,2405.2573036835574,1.0173161996484263,0.9829785472261126,351.51259733004997,-10.969703674316406,3.993804931640625,253.0,0.7548894286155701
288.0,9.6,2491.1593589629924,2400.6258181481558,1.0163195736851305,0.9839424782246824,354.2779185855521,-10.892171859741211,4.600807189941406,240.0,2.299213409423828
289.0,9.633333333333333,2502.1056215212407,2396.1574185502545,1.0168218812136858,0.9834564130409871,350.07369462000025,-10.989643096923828,4.4382781982421875,232.0,1.2025935649871826
290.0,9.666666666666666,2512.894657516989,2392.1257865304783,1.0173256491497158,0.9829694167603101,347.7666345062034,-10.830429077148438,4.002037048339844,209.0,1.625
291.0,9.7,2523.844093903362,2388.0978166200766,1.0173207981630008,0.9829741039460932,355.4624664026576,-10.991568565368652,3.9985122680664062,204.0,0.8145195245742798
292.0,9.733333333333333,2534.7930420084854,2383.0686260065504,1.0172533697691863,0.9830392601470554,355.47915770860794,-10.995193481445312,4.998443603515625,181.0,0.5830498933792114
293.0,9.766666666666667,2545.7441873792336,2379.041876799274,1.017242940888757,0.9830493383677924,342.4895106533029,-10.99367904663086,3.9975433349609375,173.0,0.5845379829406738
294.0,9.8,2555.753194078107,2374.0131744669975,1.016957119735632,0.9833256295604281,342.55292809882087,-10.05538558959961,4.99835205078125,166.0,0.8378684520721436
295.0,9.833333333333334,2566.708733980105,2369.9859369784713,1.0169596655810826,0.983323167914047,349.1247726849258,-10.998577117919922,3.998180389404297,158.0,0.46818310022354126
296.0,9.866666666666667,2577.1960121633533,2364.961629177445,1.0176828087301237,0.982624439974388,355.0865037529777,-10.534599304199219,4.9942779541015625,482.0,1.5261479616165161
297.0,9.9,2588.1415422997266,2359.9351241107934,1.0176689785642374,0.9826377938834635,346.5214815148264,-10.9932861328125,4.996189117431641,455.0,0.5564767718315125
298.0,9.933333333333334,2598.45084196735,2355.911304591017,1.0169439359051469,0.983338377557593,340.64863385555043,-10.35247802734375,3.995452880859375,434.0,1.3018708229064941
299.0,9.966666666666667,2608.970590853723,2350.885776086866,1.0177438059299593,0.9825655476097485,354.55376642286024,-10.567947387695312,4.9956512451171875,422.0,1.2481930255889893
300.0,10.0,2619.8602127869713,2345.8941831295892,1.0176269097587454,0.9826784162351561,352.1291238210685,-10.93798828125,4.961883544921875,411.0,2.3173186779022217
301.0,10.033333333333333,2630.2012507358445,2340.868410484813,1.0169364705873247,0.9833455962322374,347.323031327221,-10.38958740234375,4.996219635009766,387.0,1.1842403411865234
302.0,10.066666666666666,2640.7183140753427,2335.839952293162,1.0176131668137807,0.9826916873835971,346.76540423576904,-10.5660400390625,4.99896240234375,377.0,1.0780895948410034
303.0,10.1,2651.017603977341,2330.8132030858856,1.0169057537146975,0.983375299379572,346.99818651790116,-10.34844970703125,4.997467041015625,365.0,1.1720521450042725
304.0,10.133333333333333,2661.552489582464,2325.785965597359,1.0177841472564408,0.982526602222701,350.8693540774842,-10.584228515625,4.9980926513671875,350.0,1.1401289701461792
305.0,10.166666666666666,2671.8566622969624,2320.1884156088327,1.0159430960772142,0.984307097377034,353.97306413862543,-10.356086730957031,5.567893981933594,334.0,1.730513095855713
306.0,10.2,2682.3969189958357,2314.7231898390564,1.0178219943631446,0.9824900675542034,350.1305662063923,-10.59228515625,5.435760498046875,319.0,1.4027777910232544
307.0,10.233333333333333,2692.711833897834,2309.7044972724048,1.0167444892251118,0.9835312712263892,347.0302148804363,-10.365005493164062,4.989990234375,297.0,1.1831774711608887
308.0,10.266666666666667,2703.238174581082,2304.6789687682535,1.017963330609004,0.9823536564934444,353.8385339050025,-10.57684326171875,4.9968414306640625,295.0,1.0561933517456055
309.0,10.3,2713.5528453424554,2298.6544168266023,1.017052593714847,0.9832333216391875,346.14555484682575,-10.369895935058594,5.99505615234375,280.0,1.1742134094238281
310.0,10.333333333333334,2723.4973989163286,2293.6298648849506,1.0170597469997578,0.9832264062656274,348.4272373455572,-9.995023727416992,4.9963531494140625,272.0,0.522498607635498
311.0,10.366666666666667,2733.985165380827,2287.6053129432994,1.017839581781965,0.9824730909454978,352.72989984270464,-10.543792724609375,5.9952545166015625,257.0,0.9542942047119141
312.0,10.4,2744.274689657825,2282.617382095398,1.0168514219401852,0.983427842478666,345.5701724260935,-10.34075927734375,4.959953308105469,247.0,2.0172903537750244
313.0,10.433333333333334,2754.2182666691983,2276.5884356224965,1.0168519068127275,0.9834273735439519,355.37853341830294,-9.999565124511719,6.0,237.0,0.1215277761220932
314.0,10.466666666666667,2764.6696561805716,2270.5611981339703,1.0172732612529494,0.9830200380656086,351.65539094828137,-10.508125305175781,5.9983978271484375,220.0,0.960352897644043
315.0,10.5,2774.59394608257,2264.993677442319,1.016941107043029,0.9833411129457744,340.8559464919148,-9.978683471679688,5.539520263671875,215.0,1.2445436716079712
316.0,10.533333333333333,2784.522874656443,2259.5059907350424,1.0171334971912964,0.9831551146053014,344.39852006444505,-9.983482360839844,5.46002197265625,209.0,0.9297760725021362
317.0,10.566666666666666,2794.4591274490663,2253.481438793391,1.0171617488517442,0.9831278074788815,353.5122208648868,-9.99339485168457,5.9963531494140625,202.0,0.41822561621665955
318.0,10.6,2804.7801458666895,2247.461525523615,1.0162229916396286,0.9840359923234432,353.54863222902736,-10.378639221191406,5.991790771484375,196.0,1.3791453838348389
319.0,10.633333333333333,2814.7183517843127,2241.4355087382132,1.0162401939769905,0.9840193351205333,348.60952413494584,-9.995880126953125,5.99822998046875,193.0,0.4912131428718567
320.0,10.666666666666666,2824.651919030061,2235.409980234062,1.0162455243689381,0.9840141737607886,352.33548508417425,-9.99176025390625,5.998138427734375,185.0,0.3442460298538208
321.0,10.7,2834.568640572684,2228.877615792411,1.0158239366126853,0.9844225598134151,350.13318125221735,-9.977230072021484,6.5043792724609375,178.0,1.2205569744110107
322.0,10.733333333333333,2844.0288191465575,2222.3948118976346,1.0173332727916962,0.9829620506325017,346.18975722832556,-9.520118713378906,6.4551849365234375,166.0,1.854202151298523
323.0,10.766666666666667,2853.9645836579307,2216.369527534108,1.0173142325261564,0.9829804479554343,347.8176312750564,-9.994720458984375,5.9982452392578125,160.0,0.5785856246948242
324.0,10.8,2863.859576684929,2210.3774462955816,1.017242438728466,0.9830498236487079,348.9157319643282,-9.954116821289062,5.9653472900390625,490.0,2.6297123432159424
325.0,10.833333333333334,2873.239677133802,2203.3484998226804,1.0163659371268738,0.9838975938399332,349.7306680076222,-9.443618774414062,7.001518249511719,459.0,1.1831774711608887
326.0,10.866666666666667,2883.1776389108004,2197.3229713185287,1.0163816879608414,0.9838823464109159,350.41509542665125,-9.997848510742188,5.999137878417969,448.0,0.315936803817749
327.0,10.9,2892.6175538127986,2190.3011049237525,1.0173519543694267,0.9829440005546736,350.39377089841855,-9.503746032714844,6.9948577880859375,426.0,0.7384849786758423
328.0,10.933333333333334,2902.554294886672,2184.2763088414763,1.0173367340050619,0.9829587063697086,348.9722682101987,-9.997352600097656,5.998710632324219,421.0,0.35990646481513977
329.0,10.966666666666667,2911.880684398045,2177.2556631498246,1.0169447093696669,0.9833376296532683,351.8081534474134,-9.391006469726562,6.9940643310546875,407.0,1.060374140739441
330.0,11.0,2921.3442809406683,2170.2399002706734,1.0179307881405444,0.9823850615882259,352.21524933273,-9.528488159179688,6.989616394042969,396.0,0.8854166269302368
331.0,11.033333333333333,2930.7028970145416,2163.217057313397,1.0169628653419582,0.9833200739967487,352.2453516255183,-9.42401123046875,6.99676513671875,391.0,0.9103599786758423
332.0,11.066666666666666,2940.16917910404,2156.2015385748705,1.018108259804514,0.9822138170178574,351.6938053670346,-9.53173828125,6.989540100097656,376.0,0.9136196374893188
333.0,11.1,2949.484826427913,2149.1826018675943,1.0171172903920316,0.9831707802495089,352.4664963209205,-9.381576538085938,6.993507385253906,366.0,0.8803500533103943
334.0,11.133333333333333,2959.0148292205363,2142.166350707193,1.0181423364512794,0.9821809428782676,347.8335141112565,-9.596534729003906,6.99090576171875,350.0,0.8710317611694336
335.0,11.166666666666666,2967.9444902162845,2135.1481464217914,1.0181011306489312,0.9822206948759662,344.08978907819466,-8.995380401611328,6.993072509765625,339.0,0.5318877696990967
336.0,11.2,2977.2025203526578,2128.18707104264,1.0171128382520431,0.9831750838171973,344.1927115548479,-9.32452392578125,6.9361724853515625,329.0,2.2085459232330322
337.0,11.233333333333333,2986.136331739031,2121.163007382239,1.017117445725399,0.9831706301004491,345.6213840480441,-9.000129699707031,6.999542236328125,305.0,0.33737245202064514
338.0,11.266666666666667,2995.0540298441542,2113.6189241905877,1.0167952242540876,0.9834821959688014,349.94571241050375,-8.987091064453125,7.519500732421875,293.0,1.0198413133621216
339.0,11.3,3003.9756341992775,2106.128551936436,1.017256191346344,0.9830365334778594,349.79946421327014,-8.990619659423828,7.46612548828125,281.0,0.8248299360275269
340.0,11.333333333333334,3012.8855198044007,2098.5903281197848,1.0164622603050146,0.9838043565925657,349.73347325467387,-8.979888916015625,7.5140380859375,267.0,0.9780328869819641
341.0,11.366666666666667,3021.799311659524,2091.0975144593835,1.017424606295117,0.9828738108088739,354.4691193790715,-8.983529090881348,7.4691009521484375,249.0,0.7889030575752258
342.0,11.4,3030.713103514647,2083.078577752107,1.0174041695258509,0.9828935539609968,349.16879428529984,-8.98675537109375,7.9953460693359375,241.0,0.46931689977645874
343.0,11.433333333333334,3039.1356844322704,2075.5633031542056,1.0172575977777287,0.9830351743595436,344.08370762552545,-8.492332458496094,7.4920654296875,232.0,1.2269699573516846
344.0,11.466666666666667,3048.0585094905186,2068.0675598063044,1.0178114221367942,0.9825002728900399,346.85134830639464,-8.993951797485352,7.4727020263671875,220.0,0.8044217824935913
345.0,11.5,3056.287486892517,2060.0549707552777,1.0171184311259454,0.9831696775890736,347.502744115148,-8.301422119140625,7.989898681640625,201.0,0.9382086396217346
346.0,11.533333333333333,3064.781601013265,2052.0350574855015,1.0177542659453604,0.9825554492479881,347.559155740163,-8.567436218261719,7.9972686767578125,194.0,0.8302154541015625
347.0,11.566666666666666,3073.0120432590134,2044.018562184475,1.016755512264504,0.9835206083838323,352.63441162586116,-8.303367614746094,7.994239807128906,184.0,0.8977465629577637
348.0,11.6,3081.5730519110116,2035.5815346568863,1.0170965879246745,0.9831907921748523,354.5543886284465,-8.637168884277344,8.415054321289062,178.0,1.852288842201233
349.0,11.633333333333333,3089.494167984885,2027.0761477542974,1.0173769118248117,0.9829198877792069,347.96147168596826,-7.996826171875,8.483810424804688,174.0,0.7980087995529175
350.0,11.666666666666666,3097.857911011883,2019.061117297021,1.0163901714079742,0.9838741342950322,353.4509116893339,-8.4381103515625,7.9936981201171875,166.0,0.7840844392776489
351.0,11.7,3105.7780505232563,2010.0447440663072,1.0164121019381676,0.9838529058175598,349.00087169150214,-7.998970031738281,8.995330810546875,163.0,0.42885488271713257
352.0,11.733333333333333,3113.7035611283795,2002.0242204449683,1.0164088910454065,0.9838560138641355,344.23195537953455,-7.99957275390625,7.999847412109375,487.0,0.18225623667240143
353.0,11.766666666666667,3121.1522650928778,1993.0071147923795,1.0166812708236808,0.9835924283230219,355.4073974537967,-7.527252197265625,8.996650695800781,462.0,1.4578373432159424
354.0,11.8,3129.070207338626,1983.989154647603,1.016673574760079,0.9835998739674002,353.58599070465664,-7.997504234313965,8.997989654541016,443.0,0.3710317313671112
355.0,11.833333333333334,3136.3397120843742,1974.9793732137641,1.016264474507498,0.9839958249889822,349.624984315253,-7.348297119140625,8.990175247192383,423.0,1.0878684520721436
356.0,11.866666666666667,3143.8504277676225,1965.966295881488,1.0168679135223526,0.9834118932281741,349.5733441488659,-7.590370178222656,8.993766784667969,410.0,1.0791170597076416
357.0,11.9,3151.1121200133707,1956.954561322649,1.0154175150074507,0.9848165756650972,343.9991267608859,-7.3406524658203125,8.99285888671875,396.0,1.039788842201233
358.0,11.933333333333334,3158.029329837244,1947.9414839903725,1.015445840052382,0.9847891049988592,346.941601555842,-6.996238708496094,8.994407653808594,372.0,0.5676020383834839
359.0,11.966666666666667,3164.935065051742,1938.4100961112213,1.014936156597208,0.9852836491240152,351.3774007850292,-6.987588405609131,9.513298034667969,356.0,1.369295597076416
360.0,12.0,3171.8085737037404,1928.9976047164448,1.0157717122814716,0.984473172376451,353.960197393694,-6.954742431640625,9.394790649414062,347.0,2.1254961490631104
361.0,12.033333333333333,3178.3300315744887,1918.9830625404186,1.0162730224975223,0.9839875484862023,344.44380461445144,-6.6053314208984375,9.997337341308594,333.0,0.9659155607223511
362.0,12.066666666666666,3184.661548038987,1909.9687645050171,1.0157936957470637,0.9844518667390939,339.44752150233575,-6.410255432128906,8.99725341796875,324.0,0.741602897644043
363.0,12.1,3190.577048878485,1899.9536119774282,1.0158051994913198,0.9844407180636263,353.40502355683094,-5.998767852783203,9.998764038085938,315.0,0.24064625799655914
364.0,12.133333333333333,3197.0772665148584,1889.9452953873395,1.016403037686869,0.983861679787775,354.90423201887654,-6.5850067138671875,9.992324829101562,301.0,0.8536706566810608
365.0,12.166666666666666,3202.3282165731066,1879.417813758188,1.0144731265997997,0.985733356340045,354.5598463402072,-5.335853576660156,10.51226806640625,290.0,1.3388605117797852
366.0,12.2,3207.91730139698,1868.9401368165366,1.0163156864806375,0.9839462416081203,346.9594372695114,-5.6748504638671875,10.462814331054688,284.0,1.1100127696990967
367.0,12.233333333333333,3213.081825673978,1858.9389003045728,1.015426717017581,0.9848076510504953,349.47810874295743,-5.24713134765625,9.98651123046875,278.0,0.8771612644195557
368.0,12.266666666666667,3217.9931761228513,1847.9330251207339,1.01544487426221,0.9847900416323124,352.5117711302139,-4.998451232910156,10.992202758789062,274.0,0.4723639488220215
369.0,12.3,3222.5768898529745,1837.4416763040824,1.0162550650046356,0.9840049358036297,341.5516126717319,-4.6678924560546875,10.477890014648438,271.0,1.1889880895614624
370.0,12.333333333333334,3226.845173895598,1826.9539895968062,1.01575387968236,0.9844904558107261,344.9155110957521,-4.35198974609375,10.474594116210938,267.0,1.1282596588134766
371.0,12.366666666666667,3230.757989188221,1815.9518985926547,1.0157929908797287,0.9844525498585581,349.26160001867726,-3.9985694885253906,10.989883422851562,248.0,0.5224277377128601
372.0,12.4,3234.6441931527193,1805.014871065066,1.0159031845640325,0.9843457675832986,358.99253734990396,-3.9716062545776367,10.925086975097656,234.0,1.6464002132415771
373.0,12.433333333333334,3237.5560318828425,1793.004845490602,1.01589900643819,0.9843498159389553,356.1801408919486,-3.0006256103515625,11.9993896484375,233.0,0.21655328571796417
374.0,12.466666666666667,3240.4715327223407,1781.9956744083256,1.0159021551577592,0.9843467650137137,347.2005506556663,-2.99969482421875,10.998443603515625,229.0,0.262188196182251
375.0,12.5,3243.037424186839,1770.5165326229244,1.016903329979218,0.983377643202758,351.0355084604108,-2.6512680053710938,11.469085693359375,226.0,1.1660289764404297
376.0,12.533333333333333,3244.950483620087,1759.025916228148,1.0168963595806164,0.9833843838445987,355.5030597444479,-1.9973640441894531,11.48126220703125,222.0,0.8833616971969604
377.0,12.566666666666666,3246.1967950064604,1747.027853544309,1.0161466528908025,0.9841099187357775,347.553841007755,-1.33160400390625,11.989501953125,219.0,0.8994472622871399
378.0,12.6,3247.7927157678337,1736.0306453526578,1.0173890044313738,0.982908204869884,345.7619919174899,-1.6767807006835938,10.988296508789062,216.0,0.7371740341186523
379.0,12.633333333333333,3247.797572076082,1724.0327047391313,1.0171028996734148,0.9831846908715859,360.00050573244977,-0.0871734619140625,11.9903564453125,209.0,0.7754393219947815
380.0,12.666666666666666,3247.71551432183,1712.0307358052926,1.017156855084176,0.9831325375251428,344.9864591139541,-0.00042724609375,11.995025634765625,193.0,0.32383787631988525
381.0,12.7,3247.5565522707034,1701.0348703870786,1.018567651727541,0.9817708213135874,345.41155012858945,0.08231353759765625,10.98822021484375,189.0,0.6619189381599426
382.0,12.733333333333333,3246.4759593602016,1689.0366856329272,1.0185754227820127,0.9817633310537985,362.7394839070773,1.0009078979492188,11.992202758789062,186.0,0.4237528443336487
383.0,12.766666666666667,3244.491313715325,1677.047289941276,1.0171683654967996,0.9831214122664793,348.9460539975654,1.9073638916015625,11.983734130859375,184.0,0.7999929189682007
384.0,12.8,3242.437332132948,1666.126863976187,1.017217231631836,0.983074184061731,349.83053065249004,1.9826936721801758,10.914108276367188,184.0,1.6420421600341797
385.0,12.833333333333334,3240.2014657849463,1654.123186057973,1.0186044659774949,0.9817353382996988,354.17262215670536,2.1594696044921875,11.9990234375,184.0,0.7152777910232544
386.0,12.866666666666667,3237.1318592025696,1643.1191419288218,1.0186187943770322,0.9817215287212336,345.97875425796235,3.000453472137451,10.99853515625,180.0,0.3392502963542938
387.0,12.9,3233.298580745193,1632.1150977996704,1.0171121662581317,0.983175733389282,350.708414959918,3.766265869140625,10.998931884765625,178.0,0.8123936653137207
388.0,12.933333333333334,3229.235077678441,1621.112518514269,1.0171459947901582,0.9831430346499123,353.102642147277,3.997467041015625,10.997833251953125,175.0,0.36685091257095337
389.0,12.966666666666667,3224.9096117210643,1610.1204372757427,1.018749690293285,0.9815953904360085,345.2033560458863,4.259966850280762,10.987640380859375,170.0,0.7593182921409607
390.0,13.0,3219.8497707636875,1600.0996695137787,1.0186528990851176,0.9816886604830062,346.7334021055431,5.00152587890625,10.015380859375,163.0,0.4343112111091614
391.0,13.033333333333333,3213.9957403531857,1589.7435746033775,1.0188815572139724,0.9814683492106755,347.5584405958808,5.796390533447266,10.351463317871094,500.0,3.1445224285125732
392.0,13.066666666666666,3208.779161114559,1579.744901567976,1.0196467561373752,0.9807318014605362,350.35839945025145,5.1595306396484375,9.993804931640625,498.0,1.475623607635498
393.0,13.1,3201.914388516557,1569.7535527513246,1.0187374303728784,0.9816072033732772,358.34249174293024,6.812015533447266,9.986743927001953,494.0,1.6746740341186523
394.0,13.133333333333333,3195.6946354498054,1559.7573211221734,1.0193638331879658,0.9810040021457234,347.5420820654745,6.165496826171875,9.991979598999023,492.0,1.2223639488220215
395.0,13.166666666666666,3188.6477339455537,1550.7582818758344,1.019347914377342,0.9810193221524758,342.2630385791075,6.9999847412109375,8.993350982666016,488.0,0.7397605180740356
396.0,13.2,3181.616701581927,1541.800380324808,1.0192782858579337,0.9810863371412774,347.9621512840265,6.984832763671875,8.952484130859375,485.0,2.464498281478882
397.0,13.233333333333333,3173.959448515175,1532.8034162737817,1.0187307733318893,0.9816136178250237,352.2899408932016,7.6126556396484375,8.991645812988281,482.0,2.145691394805908
398.0,13.266666666666667,3166.5260724015484,1523.8041328868178,1.0192736198395331,0.9810908283463988,356.0835074005364,7.3880615234375,8.994338989257812,478.0,1.4457907676696777
399.0,13.3,3158.4845419910466,1514.801675671729,1.0192693670985904,0.9810949217934002,356.7648044722315,7.998233795166016,8.997600555419922,474.0,0.5744401812553406
400.0,13.333333333333334,3149.88026743992,1506.8155758785151,1.0187225276483947,0.9816215631437802,350.48333841222745,8.5677490234375,7.979766845703125,473.0,2.043013095855713
401.0,13.366666666666667,3141.442008513793,1498.8172690540512,1.0192373168475921,0.9811257726443029,350.4255437800859,8.401657104492188,7.992069244384766,472.0,1.5516935586929321
402.0,13.4,3132.8472554470413,1490.826652659275,1.0187805279867121,0.9815656783077453,356.94275344434294,8.558486938476562,7.984588623046875,469.0,1.9162415266036987
403.0,13.433333333333334,3123.8189086302896,1482.827125131686,1.0187853859108302,0.9815609978601769,351.9521925568519,8.993743896484375,7.993560791015625,465.0,0.8249008059501648
404.0,13.466666666666667,3114.802768844788,1475.8289403775345,1.0188068823275547,0.981540287316681,342.3403379568089,8.986610412597656,6.990592956542969,464.0,0.8473639488220215
405.0,13.5,3105.791511871786,1468.8311218343208,1.0188212135744212,0.9815264804819002,351.33613844844007,8.981552124023438,6.99041748046875,463.0,0.7979024648666382
406.0,13.533333333333333,3096.3752256019093,1461.3709009473569,1.0187267231769488,0.9816175204292781,353.3199096290107,9.385757446289062,7.453704833984375,460.0,2.307929515838623
407.0,13.566666666666666,3086.8224647226575,1454.8669788885181,1.0187303664276164,0.9816140099040159,349.23738118874905,9.527618408203125,6.4957275390625,457.0,2.092190980911255
408.0,13.6,3077.3939714215308,1447.8880812437417,1.0193223967783414,0.9810438808767359,353.7442921128791,9.400619506835938,6.971733093261719,448.0,2.5006022453308105
409.0,13.633333333333333,3067.830956636029,1440.8856240286527,1.018893943002573,0.9814564183717743,352.6233052988529,9.535453796386719,6.995368957519531,444.0,1.8743268251419067
410.0,13.666666666666666,3057.813352006777,1434.879016422939,1.018874023296389,0.981475606537376,350.3052136518775,9.996658325195312,5.997642517089844,440.0,0.7307964563369751
411.0,13.7,3047.8033157369005,1428.87362952035,1.018875602266619,0.9814740855266062,350.0722046412448,9.9888916015625,5.996673583984375,435.0,0.6331490874290466
412.0,13.733333333333333,3037.8020685295237,1422.869951602136,1.0188712904566166,0.9814782390735937,349.8464334208442,9.9805908203125,5.9948883056640625,430.0,0.758467972278595
413.0,13.766666666666667,3027.807168978397,1416.8685930198599,1.0188768775670598,0.9814728570422216,349.7333860799106,9.974021911621094,5.992645263671875,422.0,0.7930485010147095
414.0,13.8,3017.812513567895,1410.868577211021,1.0188982544546736,0.98145226535422,355.9275204585282,9.9739990234375,5.9913330078125,413.0,0.8579223155975342
415.0,13.833333333333334,3007.3344597198934,1404.8723455818695,1.0192677422755434,0.9810964857648417,356.1908095970691,10.458740234375,5.9876556396484375,408.0,2.1854448318481445
416.0,13.866666666666667,2997.3212496218916,1398.8692780152182,1.0193130640819585,0.9810528631855093,348.3972028563566,9.992828369140625,5.9945068359375,401.0,0.5783021450042725
417.0,13.9,2986.87493405514,1393.8779291985668,1.0189095241041914,0.9814414100007394,351.19280571248044,10.431854248046875,4.980903625488281,394.0,2.4095451831817627
418.0,13.933333333333334,2976.364897785263,1388.4293049912906,1.0184804543593782,0.9818548757806036,354.5554480140572,10.493988037109375,5.439056396484375,390.0,3.0875141620635986
419.0,13.966666666666667,2965.9349396403863,1382.9131759012016,1.0187006963285115,0.981642599837312,352.25128000721094,10.413299560546875,5.506683349609375,375.0,3.4190051555633545
420.0,14.0,2955.3660654798846,1377.9164559908002,1.0195193138385859,0.980854395229558,348.6771381283313,10.55511474609375,4.986358642578125,371.0,3.086097002029419
421.0,14.033333333333333,2944.951976475633,1372.9105808069614,1.0189484584336008,0.9814039088270179,348.6201292989559,10.400039672851562,4.995513916015625,362.0,2.042304515838623
422.0,14.066666666666666,2934.392379658881,1367.9032407793725,1.01937784824423,0.9809905146775494,348.14324680303895,10.546112060546875,4.997100830078125,358.0,2.259140968322754
423.0,14.1,2924.0112496390043,1362.902126337721,1.018999376356122,0.9813548694955412,348.7933358810285,10.36688232421875,4.9908447265625,353.0,1.992772102355957
424.0,14.133333333333333,2913.4025805566275,1357.8969835757573,1.0195254810804097,0.9808484619141463,351.2634332847775,10.595443725585938,4.994903564453125,352.0,2.035111904144287
425.0,14.166666666666666,2902.3986478023758,1353.8867138606684,1.0195221995838861,0.9808516189330119,346.84022270560195,10.996444702148438,3.9979400634765625,346.0,0.7226828336715698
426.0,14.2,2892.107361532499,1348.8874304737046,1.018910627829871,0.9814403468632497,352.8681769149722,10.277130126953125,4.9891357421875,339.0,1.678146243095398
427.0,14.233333333333333,2881.1080674501222,1343.8809449383032,1.0189560552207813,0.9813965920084022,356.4186229746309,10.987136840820312,4.9962615966796875,334.0,0.8192318677902222
428.0,14.266666666666667,2870.1224452427455,1339.8729945591517,1.0189968688139965,0.9813572844084331,352.0317397318001,10.97821044921875,3.9957275390625,325.0,0.9050453305244446
429.0,14.3,2859.4366277228687,1334.8735891018755,1.0196478474054356,0.9807307518419904,352.29099747483997,10.673095703125,4.98919677734375,307.0,1.8568594455718994
430.0,14.333333333333334,2848.432694968617,1330.864662160224,1.019606519896972,0.9807705036066726,351.3246971562118,10.996780395507812,3.9966583251953125,298.0,0.802579402923584
431.0,14.366666666666667,2837.430227058115,1326.855369007635,1.0195873155390924,0.9807889768334986,350.73580025159083,10.995223999023438,3.9970703125,286.0,0.6680485010147095
432.0,14.4,2826.4594974288634,1322.8700016362964,1.019514206654961,0.9808593087496178,352.7773612282868,10.96331787109375,3.973175048828125,270.0,2.062889575958252
433.0,14.433333333333334,2815.4604474871117,1318.4620268430824,1.0186755504937692,0.9816668315198918,356.5056337516817,10.99041748046875,4.3965301513671875,260.0,2.328444004058838
434.0,14.466666666666667,2804.45602645161,1313.8855950186187,1.0195463651000294,0.9808283705684031,354.32811089494646,10.99456787109375,4.565460205078125,253.0,2.3939201831817627
435.0,14.5,2793.455267525483,1309.8733721785297,1.0195334819238575,0.980840764653459,351.2534432559675,10.993621826171875,4.0000762939453125,236.0,0.7625778913497925
436.0,14.533333333333333,2782.4564617243564,1305.8624921118783,1.0195176820017906,0.980855965182018,347.7873860559213,10.991729736328125,3.9987030029296875,224.0,0.7856788635253906
437.0,14.566666666666666,2771.4784078763546,1302.484180404602,1.0182692036620753,0.9820585719411209,345.8375242404997,10.9735107421875,3.364776611328125,213.0,2.4385628700256348
438.0,14.6,2760.489855981478,1298.859652877013,1.019370185097519,0.9809978893039079,349.1474074591839,10.9835205078125,3.61163330078125,199.0,2.450821876525879
439.0,14.633333333333333,2749.489829477226,1294.8488948806742,1.0193929090374878,0.9809760212519051,351.1948981011041,10.9927978515625,3.998565673828125,183.0,0.9033446907997131
440.0,14.666666666666666,2738.4929768010993,1290.8405782905854,1.019390843178712,0.9809780092606615,348.3186221250961,10.990005493164062,3.9962310791015625,162.0,0.8726261258125305
441.0,14.7,2727.5200499062225,1287.3285995911215,1.0186511457149101,0.9816903502309219,353.0978001947994,10.968116760253906,3.4986724853515625,492.0,3.351296901702881
442.0,14.733333333333333,2716.020023401971,1283.834076946345,1.018716476496417,0.9816273939528426,355.73514800857,11.496879577636719,3.481201171875,476.0,4.014845848083496
443.0,14.766666666666667,2705.023170725844,1279.8236851609438,1.0187201197104394,0.9816238833922702,345.55775989457413,10.989715576171875,3.9983673095703125,466.0,1.0465561151504517
444.0,14.8,2694.0758785965922,1276.8222045083548,1.0187193910650292,0.9816245855048868,352.3502572432663,10.944671630859375,2.987152099609375,454.0,2.6799886226654053
445.0,14.833333333333334,2682.6036841235905,1272.8131554963911,1.019401038358841,0.9809681983549132,353.11683883531833,11.466766357421875,3.996795654296875,439.0,2.4327523708343506
446.0,14.866666666666667,2671.6065873068387,1269.7997119531772,1.0193994585718849,0.9809697185840551,344.00887742591664,10.994464874267578,2.9991798400878906,432.0,0.8951956033706665
447.0,14.9,2660.622918224462,1266.2701551287132,1.018588664553665,0.9817505680157844,353.02869217974416,10.9788818359375,3.516326904296875,421.0,2.993197202682495
448.0,14.933333333333334,2649.143643673335,1262.776609046437,1.0188876134725,0.9814625153719078,350.9475437578166,11.476104736328125,3.480316162109375,407.0,3.450113296508789
449.0,14.966666666666667,2638.1492324034584,1259.7640199954105,1.0188854879073006,0.9814645628665399,348.70943262944184,10.99176025390625,2.9981842041015625,399.0,1.0749716758728027
450.0,15.0,2626.6897332429567,1256.755093053759,1.0194420204459043,0.9809287629350414,350.5878688961689,11.457977294921875,2.994556427001953,384.0,2.587691307067871
451.0,15.033333333333333,2615.703378613705,1253.2479971667954,1.0186238401944665,0.9817166657017266,352.80753463117014,10.982170104980469,3.4939422607421875,372.0,2.558744430541992
452.0,15.066666666666666,2604.236555234453,1249.7501786235814,1.0197706196776413,0.9806126796593817,357.70880569735385,11.46331787109375,3.484466552734375,363.0,3.5456349849700928
453.0,15.1,2592.7609427927014,1246.7413737522427,1.0201208517012728,0.9802760117414354,348.93745564361114,11.47442626953125,2.994354248046875,343.0,2.6991212368011475
454.0,15.133333333333333,2581.7667756634496,1243.7291509121537,1.0201259592323162,0.980271103729718,348.5695887750131,10.9915771484375,2.9979171752929688,322.0,0.9401572942733765
455.0,15.166666666666666,2570.316553846698,1240.7203460408148,1.0197459935026478,0.9806363607913537,348.1487693275823,11.448806762695312,2.99444580078125,318.0,2.8339710235595703
456.0,15.2,2559.349730467446,1237.714470856976,1.0196975505692778,0.9806829480385816,348.98995310884726,10.96429443359375,2.991556167602539,312.0,2.7771401405334473
457.0,15.233333333333333,2547.8416473225693,1234.704933563762,1.0200954080067708,0.9803004622420206,355.8202760110996,11.506744384765625,2.9951019287109375,301.0,3.1541950702667236
458.0,15.266666666666667,2536.4048532401926,1231.6949079892981,1.0197447604250758,0.9806375465789643,356.15064299898245,11.435272216796875,2.99560546875,295.0,2.7495038509368896
459.0,15.3,2524.874065017191,1228.6851265554594,1.0201987984108998,0.9802011152705118,346.1390856202442,11.5296630859375,2.995361328125,289.0,2.9506094455718994
460.0,15.333333333333334,2513.882827575439,1226.6692416059955,1.020207068378729,0.9801931695975786,343.7765392671602,10.99273681640625,1.99920654296875,281.0,0.8193027377128601
461.0,15.366666666666667,2502.5134163055623,1223.659582242469,1.019753979924334,0.9806286807276793,355.8493687451683,11.36785888671875,2.9952392578125,275.0,3.4297051429748535
462.0,15.4,2490.9357530825605,1220.6504111601928,1.020245342208381,0.9801563982987084,355.4474242618351,11.576309204101562,2.9946365356445312,268.0,3.3363094329833984
463.0,15.433333333333334,2479.5941738439337,1217.6402635154163,1.0196284717603066,0.98074938832728,343.29179162479284,11.33990478515625,2.99578857421875,263.0,2.957341194152832
464.0,15.466666666666667,2468.608063355307,1215.6255992690776,1.0196391680886503,0.980739099964682,347.33098507852515,10.98748779296875,1.99798583984375,256.0,0.9370393753051758
465.0,15.5,2456.99060521043,1212.6152074836762,1.0201885761715839,0.9802109368374378,353.4747675627744,11.616668701171875,2.9958953857421875,245.0,2.5238804817199707
466.0,15.533333333333333,2445.6993189405534,1210.1031067138997,1.0185619019604892,0.9817763633955265,352.54804883761864,11.291046142578125,2.49658203125,241.0,3.3089568614959717
467.0,15.566666666666666,2434.0281498581767,1207.602602623811,1.0202816023228696,0.980121564206691,353.47957421869006,11.672286987304688,2.4848175048828125,232.0,3.1658871173858643
468.0,15.6,2422.784959291425,1204.602586814972,1.019867948742979,0.9805190968424228,352.27406300021283,11.2412109375,2.9854736328125,227.0,2.4414682388305664
469.0,15.633333333333333,2411.084737474673,1202.588410849883,1.0203175432018512,0.9800870392386934,348.7447442946335,11.70294189453125,1.9973907470703125,212.0,2.049142599105835
470.0,15.666666666666666,2400.0854433922964,1199.5748452363569,1.0203077518798311,0.9800964445850618,341.2858214508808,10.996673583984375,2.99920654296875,201.0,0.7750141620635986
471.0,15.7,2388.8942547786696,1197.563110677518,1.019915798682062,0.980473095222373,349.6289695684425,11.192855834960938,1.9949874877929688,196.0,1.8263534307479858
472.0,15.733333333333333,2377.127138430668,1195.5490567827417,1.0203282097029525,0.9800767934183937,352.3355010517803,11.77001953125,1.9970550537109375,185.0,1.9970946311950684
473.0,15.766666666666667,2365.949133410791,1192.5375663645277,1.0199905576026116,0.9804012326843521,352.6583038695051,11.17547607421875,2.99713134765625,173.0,1.875566840171814
474.0,15.8,2354.1598002659143,1190.5243669619388,1.0204360719719867,0.9799731972111745,354.1082649711519,11.792678833007812,1.99627685546875,156.0,2.052154064178467
475.0,15.833333333333334,2342.6876057929126,1188.512388262475,1.019691358470937,0.9806889032574867,352.3607011178484,11.474029541015625,1.995086669921875,493.0,3.3472931385040283
476.0,15.866666666666667,2331.212237491786,1185.502118547386,1.0204347991405223,0.9799744195731723,352.4794312567991,11.47393798828125,2.995819091796875,481.0,2.5759637355804443
477.0,15.9,2319.732474659409,1183.4876984416721,1.0197128342408752,0.9806682493551722,349.4903839790431,11.481719970703125,1.9974517822265625,471.0,3.001842498779297
478.0,15.933333333333334,2308.2636981551573,1181.474132828146,1.0204380566817237,0.9799712912039125,349.4880433069115,11.4705810546875,1.9967041015625,461.0,2.4311933517456055
479.0,15.966666666666667,2296.7841794634055,1179.459224441182,1.0197717423831567,0.9806116000655685,349.0458354142923,11.481552124023438,1.9980506896972656,450.0,2.9229378700256348
480.0,16.0,2285.3444556935287,1177.4506637104682,1.020449839008844,0.9799599762505654,349.4713356128403,11.44158935546875,1.99163818359375,433.0,3.636479616165161
481.0,16.033333333333335,2273.836372548652,1175.4344125500668,1.019836555152528,0.9805492801250283,351.0722114335979,11.51007080078125,1.9993133544921875,419.0,3.1495182514190674
482.0,16.066666666666666,2262.374676122525,1172.9590549443528,1.0196030723024327,0.9807738198962408,350.6638323716944,11.461578369140625,2.459564208984375,409.0,3.5631377696990967
483.0,16.1,2250.8946691495235,1170.9410947995766,1.019015518175275,0.9813393242437313,349.47899913964665,11.48175048828125,2.0010986328125,399.0,2.8168933391571045
484.0,16.133333333333333,2239.4273574890217,1168.9285057485502,1.0195145420596505,0.9808589860619087,356.9760219162438,11.468994140625,1.99560546875,385.0,2.5576813220977783
485.0,16.166666666666668,2227.43953801602,1166.9135973615862,1.0195173373785482,0.9808562967367161,355.5947260295363,11.9906005859375,1.99786376953125,373.0,0.8044217824935913
486.0,16.2,2215.990292761768,1165.3657299902475,1.0199998350503183,0.9803923154072552,347.94001944100455,11.45257568359375,1.52984619140625,359.0,3.672264814376831
487.0,16.233333333333334,2204.5180982887664,1163.3552161345335,1.020389663669223,0.9800177673341931,349.2315652164995,11.473831176757812,1.9935035705566406,340.0,2.765979290008545
488.0,16.266666666666666,2193.0588432688896,1161.340185677257,1.020186768271202,0.9802126738955748,349.48272916259685,11.460525512695312,1.9981155395507812,330.0,2.8276290893554688
489.0,16.3,2181.570291374013,1159.3260097121683,1.020544075314895,0.9798694874510382,349.16044899200693,11.490203857421875,1.997100830078125,316.0,2.6438136100769043
490.0,16.333333333333332,2170.132764869761,1157.311467536142,1.0201910228291236,0.9802085860615287,349.4198280360575,11.43865966796875,1.9976806640625,305.0,2.93941330909729
491.0,16.366666666666667,2158.6266348498843,1155.2974136413657,1.0205516150015899,0.9798622483179767,346.6205614062572,11.5074462890625,1.9969482421875,299.0,2.883786916732788
492.0,16.4,2147.2242645956326,1154.2812845512767,1.0201340805140222,0.9802632997969472,353.8294369677549,11.406906127929688,0.9968719482421875,292.0,4.128011703491211
493.0,16.433333333333334,2135.233759575756,1152.2647892502503,1.0201346885613172,0.9802627155148377,358.1270174173108,11.9927978515625,1.999267578125,285.0,0.519132673740387
494.0,16.466666666666665,2123.691740884004,1150.2511015664115,1.02047835709725,0.9799325904808989,346.9840931803108,11.543487548828125,1.9966888427734375,279.0,3.768353223800659
495.0,16.5,2112.3008452391273,1149.23436212476,1.0201439398728833,0.980253825871481,347.2694354942609,11.39495849609375,0.997344970703125,272.0,3.546201705932617
496.0,16.533333333333335,2100.7397835786255,1147.2195758081086,1.0206645549983722,0.979753823234897,349.0938211672908,11.562606811523438,1.997711181640625,264.0,3.605973720550537
497.0,16.566666666666666,2089.3794055118738,1145.20491156177,1.020284266985552,0.9801190044363985,353.0314178560737,11.361007690429688,1.9976348876953125,256.0,3.293828010559082
498.0,16.6,2077.400619241997,1144.1864631357435,1.020294848566099,0.9801088395235741,356.496454404461,11.984237670898438,0.9989013671875,250.0,1.0453869104385376
499.0,16.633333333333333,2065.8073310189952,1142.1716768190922,1.020710088688537,0.9797101165962351,346.6827318162711,11.594512939453125,1.9976806640625,239.0,3.40362811088562
500.0,16.666666666666668,2054.4882127178685,1141.1542049555658,1.020391474519508,0.9800160281336042,347.29241784494934,11.3226318359375,0.9981002807617188,233.0,2.3977465629577637
501.0,16.7,2042.853908869867,1139.1395407092268,1.0207961712744078,0.9796274987508574,357.26806936290467,11.635223388671875,1.99755859375,221.0,2.419571876525879
502.0,16.733333333333334,2030.8642583421777,1138.1210922832006,1.0205288218895885,0.9798841331579663,350.0998444651513,11.994918823242188,0.9987945556640625,218.0,0.8857355117797852
503.0,16.766666666666666,2019.647923244176,1136.6420725681116,1.0188238666485794,0.9815239245322153,347.24326205711253,11.217926025390625,1.4607391357421875,212.0,2.947066307067871
504.0,16.8,2007.9127893180491,1135.0992100795852,1.0206267189783738,0.9797901440410842,345.6371843916886,11.737777709960938,1.5245361328125,204.0,3.332766532897949
505.0,16.833333333333332,1996.7482120325474,1134.081005794184,1.0202726645569218,0.9801301502420182,348.5828969025085,11.167633056640625,0.9988937377929688,196.0,1.800736904144287
506.0,16.866666666666667,1984.763444317358,1133.061458735345,1.0202853136587888,0.9801179989683035,359.34920329124236,11.989349365234375,0.99981689453125,185.0,0.9086592793464661
507.0,16.9,1972.9842430084188,1131.048991754631,1.0206285464281761,0.9797883897130171,346.99508881578623,11.780426025390625,1.9952850341796875,179.0,2.0306830406188965
508.0,16.933333333333334,1961.829919629167,1130.0300550473548,1.0200719743144673,0.980322982279798,346.36281895477083,11.156997680664062,0.9994735717773438,170.0,1.9533376693725586
509.0,16.966666666666665,1949.9834575780403,1129.0114845510159,1.0203149352210539,0.9800895443947877,358.81485186837057,11.85040283203125,0.9989662170410156,158.0,2.1476402282714844
510.0,17.0,1937.9958822456636,1127.9923037031147,1.0203026504881807,0.9801013449504747,353.0308259811913,11.992111206054688,0.9995651245117188,494.0,1.0498865842819214
511.0,17.033333333333335,1926.5362610148493,1126.9759304724007,1.0196197005419572,0.9807578251660607,345.31469602411767,11.462615966796875,0.996826171875,473.0,3.2140023708343506
512.0,17.066666666666666,1915.064921034035,1125.9584586088743,1.0202746019208893,0.9801282891069543,353.7874367400396,11.474349975585938,0.9978828430175781,466.0,2.2493622303009033
513.0,17.1,1903.0844257797833,1124.465400807848,1.019334127248649,0.9810325910495757,353.6346973206794,11.983184814453125,1.4745330810546875,452.0,2.8267786502838135
514.0,17.133333333333333,1891.623339705219,1123.447806874009,1.0186910746466677,0.9816518715910506,344.68197033317773,11.463851928710938,0.9980659484863281,450.0,2.8877551555633545
515.0,17.166666666666668,1880.1576149587797,1122.9205693854826,1.0203919274212283,0.980015593152757,352.293584983219,11.469863891601562,0.5064697265625,434.0,3.5921201705932617
516.0,17.2,1868.1882281029655,1121.8989471313314,1.020330985682666,0.9800741269568882,353.04525863193857,11.97314453125,1.00189208984375,423.0,2.889810085296631
517.0,17.233333333333334,1856.7099301143387,1120.879522142805,1.0195749153779141,0.9808009052766284,345.59313464874896,11.480926513671875,0.9998931884765625,415.0,3.203089475631714
518.0,17.266666666666666,1845.238956344462,1119.8614399277162,1.0200331317388378,0.9803603127040711,353.2317218771231,11.473419189453125,0.9984512329101562,411.0,2.852891206741333
519.0,17.3,1833.2494278870852,1118.8423811501273,1.020027173465015,0.9803660392722843,352.7770248883637,11.993011474609375,0.99932861328125,399.0,0.9438775777816772
520.0,17.333333333333332,1821.808849625021,1117.8246651459758,1.0195486903927837,0.9808261335853881,351.72046405646387,11.442855834960938,0.9981536865234375,390.0,2.990043878555298
521.0,17.366666666666667,1809.8244481207691,1117.802920821512,1.0195336802429158,0.9808405738609227,352.13505703699195,11.990447998046875,-0.0003204345703125,378.0,0.9696357846260071
522.0,17.4,1798.3561598977674,1116.7861813798606,1.019941075235765,0.9804487967786223,344.8780567100194,11.470413208007812,0.9971275329589844,364.0,2.8058390617370605
523.0,17.433333333333334,1786.9229058544531,1115.7668784616467,1.0195203253222092,0.9808534221070679,351.5858304746466,11.435089111328125,0.999603271484375,353.0,2.71612811088562
524.0,17.466666666666665,1774.9402133345764,1115.745622418433,1.0195104808824222,0.980862893272529,352.60367242331694,11.988571166992188,-0.0007476806640625,344.0,1.0058106184005737
525.0,17.5,1763.4389661271996,1114.7279064142815,1.0199185958157704,0.9804704062682191,352.63501274770744,11.503067016601562,0.9980354309082031,338.0,2.5516934394836426
526.0,17.533333333333335,1751.4541984120103,1114.7062841601303,1.0199202979885673,0.9804687699344222,350.91059442515973,11.990203857421875,-0.00052642822265625,331.0,0.8945578336715698
527.0,17.566666666666666,1740.068063509321,1113.6877136637913,1.0195602878411931,0.980814976736089,344.40833542045857,11.387603759765625,0.9990310668945312,326.0,2.670776605606079
528.0,17.6,1728.5172557550693,1113.6652369174524,1.0199828860983562,0.9804086064867276,353.18258072193254,11.55511474609375,0.000457763671875,319.0,3.011408805847168
529.0,17.633333333333333,1716.5226003445675,1113.6431263820512,1.019983372464097,0.9804081389916968,350.1902818940406,11.999862670898438,-3.0517578125e-05,314.0,0.09768282622098923
530.0,17.666666666666668,1705.1944488403158,1112.6244338153997,1.019550993114331,0.9808239183264289,350.0147571801236,11.32916259765625,0.9990310668945312,307.0,3.2482993602752686
531.0,17.7,1693.211512179814,1112.6022012096857,1.0195568270319093,0.9808183060390637,353.55055795453785,11.987747192382812,0.000152587890625,294.0,1.0233135223388672
532.0,17.733333333333334,1681.6244495427497,1112.582165869597,1.0199350615191716,0.9804545776772506,343.66289944251355,11.5909423828125,-0.001953125,285.0,3.6011905670166016
533.0,17.766666666666666,1670.300692569748,1112.559200842008,1.0195526135926491,0.9808223594035519,349.5662648182062,11.327117919921875,0.0009918212890625,278.0,2.8409862518310547
534.0,17.8,1658.3200752451837,1112.5372123769191,1.0195653753076355,0.9808100826278727,354.0705964940487,11.985076904296875,-7.2479248046875e-05,262.0,1.1168155670166016
535.0,17.833333333333332,1646.696025303432,1112.5162004743304,1.019896211717155,0.9804919250718104,354.2060909865834,11.627716064453125,-0.001007080078125,255.0,3.129960298538208
536.0,17.866666666666667,1634.7063747757427,1112.494334079554,1.0198952390683325,0.9804928601426686,349.0242736406279,11.993743896484375,-0.000213623046875,245.0,0.7826672196388245
537.0,17.9,1623.427783818366,1112.4712469816527,1.0196037486523222,0.9807731693040225,344.30575869933165,11.28131103515625,0.0010986328125,233.0,2.244614601135254
538.0,17.933333333333334,1611.7724838766142,1113.4481598837513,1.019965105619383,0.9804256973994625,355.0069211162194,11.661041259765625,-1.001129150390625,217.0,2.5737669467926025
539.0,17.966666666666665,1599.779903661425,1113.4255610670998,1.019955560858108,0.9804348722396112,348.13044691528097,11.996368408203125,0.000514984130859375,214.0,0.8758149147033691
540.0,18.0,1588.5691837977981,1113.9486165473236,1.0182964901722553,0.9820322564706471,348.0808382559088,11.214279174804688,-0.546234130859375,208.0,3.3668861389160156
541.0,18.033333333333335,1576.5951582701089,1114.4041671447346,1.0198199397066312,0.9805652557525667,355.90697494536244,11.97857666015625,-0.47869873046875,195.0,2.270904302597046
542.0,18.066666666666666,1564.8845604767946,1115.3682626640207,1.0199157384508912,0.9804731531242566,343.8149067416254,11.71588134765625,-0.98834228515625,185.0,2.3176021575927734
543.0,18.1,1553.6934939334803,1115.345297636432,1.0197115998709434,0.980669436462782,347.87381356930956,11.192718505859375,0.00115966796875,179.0,1.9978033304214478
544.0,18.133333333333333,1541.7125103979786,1116.3200132729055,1.0197215677167635,0.9806598503541298,357.70731896103325,11.986343383789062,-0.9990386962890625,172.0,1.0027282238006592
545.0,18.166666666666668,1529.9258627999768,1117.2911888703168,1.0214265722549176,0.9790228951968462,344.72064451736264,11.79144287109375,-0.99542236328125,167.0,2.5466978549957275
546.0,18.2,1518.8136536785375,1118.2657824364778,1.021308705152063,0.9791358821827624,349.03632030620054,11.11578369140625,-0.99859619140625,157.0,2.171485185623169
547.0,18.233333333333334,1506.8441447524108,1120.2381787370139,1.0213289155665985,0.9791165066987593,354.7788830512579,11.976631164550781,-1.9988536834716797,492.0,1.451601505279541
548.0,18.266666666666666,1495.3459493028465,1121.2120398813001,1.0221126325109953,0.9783657575421294,346.4014315315068,11.501983642578125,-0.99786376953125,477.0,2.838010311126709
549.0,18.3,1483.9394286579698,1123.1844361818362,1.0213867999352129,0.979061017886104,346.76148754873077,11.412384033203125,-1.9986572265625,461.0,3.054847002029419
550.0,18.333333333333332,1472.4170632865305,1124.1585414667472,1.0221644733574524,0.97831613802361,346.64128869645685,11.525848388671875,-0.998138427734375,455.0,2.6186933517456055
551.0,18.366666666666667,1461.0183551416537,1126.128862571971,1.0214707118383708,0.9789805898597628,349.08016271949566,11.404052734375,-1.9964981079101562,443.0,2.9235403537750244
552.0,18.4,1449.4798764889645,1128.091981528757,1.022254294052569,0.9782301779683945,351.72347435142854,11.543792724609375,-1.9892578125,431.0,3.4286422729492188
553.0,18.433333333333334,1438.0949622894002,1131.0621805636683,1.021493508287187,0.9789587421625158,351.8406248390712,11.392135620117188,-2.998382568359375,420.0,2.61008358001709
554.0,18.466666666666665,1426.550624261711,1133.0351872157669,1.0222064805098754,0.9782759345266537,351.63934840676194,11.54925537109375,-1.9990882873535156,409.0,2.4048328399658203
555.0,18.5,1415.1790157262092,1136.003433125678,1.0215110454169172,0.9789419355635673,348.9659419333294,11.378189086914062,-2.99627685546875,394.0,2.4105372428894043
556.0,18.533333333333335,1404.20303707352,1139.5018304027767,1.0205900716347964,0.97982532634105,353.70572152592587,10.98297119140625,-3.527435302734375,383.0,2.382936477661133
557.0,18.566666666666666,1392.6401443583306,1142.9340655705003,1.0223319325079705,0.9781558887110313,355.9957341307312,11.57025146484375,-3.461090087890625,367.0,2.926516532897949
558.0,18.6,1381.6534235181414,1146.9026776913488,1.0223265701635826,0.9781610193697595,347.01125368183716,10.993988037109375,-3.9984130859375,345.0,0.9917800426483154
559.0,18.633333333333333,1371.2981724045146,1151.861890398135,1.0215531779137292,0.9789015605063788,346.6560042163276,10.363494873046875,-4.99078369140625,338.0,2.3180625438690186
560.0,18.666666666666668,1360.7826429705754,1156.8274507611711,1.0222056678056473,0.9782767123045641,347.5795206805046,10.523574829101562,-4.996942043304443,318.0,2.0318522453308105
561.0,18.7,1350.359642833511,1161.7875179601447,1.0216268498513363,0.9788309695908214,348.179046694908,10.430770874023438,-4.99143123626709,304.0,2.175736904144287
562.0,18.733333333333334,1340.8638887901968,1168.7453878934934,1.0221778160985049,0.9783033678199413,352.3584776487773,9.505828857421875,-6.992645263671875,295.0,1.9505385160446167
563.0,18.766666666666666,1331.4308788875076,1175.6982529440295,1.021666154968339,0.9787933124113224,353.45162378606426,9.442611694335938,-6.987312316894531,286.0,2.2727818489074707
564.0,18.8,1323.4622244535683,1184.6330515883158,1.021830574298603,0.9786358180625123,349.88160524394004,7.979682922363281,-8.972518920898438,278.0,2.379216194152832
565.0,18.833333333333332,1316.472329785254,1193.5956822638518,1.0218302697693609,0.9786361097188008,339.88740455725775,6.999267578125,-8.999786376953125,263.0,0.3912273347377777
566.0,18.866666666666667,1310.9865855075648,1203.5485473143879,1.023001732508396,0.9775154510716264,344.24804783192894,5.49456787109375,-9.991043090820312,255.0,2.5440759658813477
567.0,18.9,1307.001695722063,1214.5003137321116,1.0229859398137844,0.9775305418000481,354.94854535868365,3.993377685546875,-10.991098403930664,241.0,0.8553712964057922
568.0,18.933333333333334,1305.0138762490612,1226.4456104232727,1.0229905738920144,0.977526113652694,353.6716436333197,1.9952621459960938,-11.985447883605957,234.0,0.7502480149269104
569.0,18.966666666666665,1304.0253243541845,1237.8898084816212,1.0224537500821198,0.9780393488895548,342.757369845323,0.9933624267578125,-11.482757568359375,224.0,2.3805980682373047
570.0,19.0,1304.5816943343077,1249.29201435247,1.0221724372284033,0.9783085158424704,351.59607985716264,-0.5536346435546875,-11.440032958984375,214.0,3.5055980682373047
571.0,19.033333333333335,1306.0456570878684,1261.2423159264436,1.0230485563441938,0.977470711237249,348.6706982578812,-1.4614105224609375,-11.988327026367188,210.0,2.717651844024658
572.0,19.066666666666666,1308.5931159351792,1272.1879788285423,1.0222243716709114,0.9782588125593369,345.8104668550411,-2.5482940673828125,-10.981338500976562,206.0,2.7582907676696777
573.0,19.1,1311.5801499778024,1283.6221671212659,1.021746076504561,0.9787167506637704,351.8019287692174,-2.9874114990234375,-11.470268249511719,202.0,2.3057680130004883
574.0,19.133333333333333,1315.5735316766757,1294.5785722108644,1.0217497305532774,0.9787132505124323,344.7657067131993,-3.99591064453125,-10.99114990234375,197.0,0.9720804691314697
575.0,19.166666666666668,1319.991473922424,1305.0121501520257,1.0235002697520947,0.9770393125956022,347.6067758825917,-4.421875,-10.467147827148438,197.0,3.2864229679107666
576.0,19.2,1324.5399093322346,1315.9474370775617,1.0225676196554416,0.9779304378295824,360.88040730877583,-4.551605224609375,-10.969192504882812,191.0,2.9606716632843018
577.0,19.233333333333334,1329.9578515779829,1326.9094574015353,1.0236054725046564,0.9769388957574677,354.0210743385836,-5.421783447265625,-10.995452880859375,185.0,2.181405782699585
578.0,19.266666666666666,1335.479309448731,1336.860491397384,1.022723000135325,0.977781862603737,340.84748390256664,-5.527374267578125,-9.982818603515625,185.0,2.193665027618408
579.0,19.3,1340.9088483741668,1346.8197041041701,1.0236356788990737,0.9769100673351929,344.45623805461094,-5.435211181640625,-9.990623474121094,180.0,1.8890305757522583
580.0,19.333333333333332,1346.90223007304,1356.7816023578312,1.0236173748667676,0.9769275361608222,353.09162329896515,-5.999603271484375,-9.992973327636719,180.0,0.7114158272743225
581.0,19.366666666666667,1353.4733705609758,1366.7254342052424,1.0225486825439074,0.9779485486326083,353.0413817943274,-6.577850341796875,-9.974510192871094,178.0,2.075928211212158
582.0,19.4,1359.4602825332865,1376.687454529216,1.0225601408902933,0.9779375901835453,351.683814396379,-5.99285888671875,-9.992645263671875,176.0,0.7345521450042725
583.0,19.433333333333334,1365.8497823962223,1386.6382443844398,1.0235898189382007,0.9769538359001352,343.43543489227113,-6.3956756591796875,-9.98095703125,176.0,1.6668792963027954
584.0,19.466666666666665,1372.380395540408,1395.5894004506008,1.022530612044364,0.9779658312631656,348.6846046962998,-6.538909912109375,-8.979827880859375,175.0,1.9118480682373047
585.0,19.5,1379.3649881767813,1405.5511766339494,1.0225398760755973,0.9779569710649301,350.9513105138113,-6.991065979003906,-9.991340637207031,172.0,0.8343608379364014
586.0,19.533333333333335,1385.7626667506545,1414.7811412938606,1.023165081952948,0.977359389641472,346.91933149467144,-6.404754638671875,-9.258636474609375,169.0,2.474064588546753
587.0,19.566666666666666,1392.7536070432777,1424.4097875943967,1.0238001838174922,0.9767530967529745,348.5512338993171,-6.997802734375,-9.657333374023438,165.0,2.112740993499756
588.0,19.6,1399.7251381562135,1433.3552063558702,1.0237573454986053,0.9767939682161356,352.7025429334325,-6.9797821044921875,-8.97320556640625,496.0,3.220273494720459
589.0,19.633333333333333,1406.7193743472742,1443.326504023594,1.0236490337686819,0.9768973222378619,353.16278537495754,-6.999969482421875,-9.999786376953125,479.0,0.34665533900260925
590.0,19.666666666666668,1413.7098263586474,1452.2960927069425,1.0236479965266523,0.9768983121083689,346.68290085375685,-6.998203277587891,-8.996932983398438,458.0,0.5454577803611755
591.0,19.7,1420.6825781747082,1461.7439528746663,1.023041637653435,0.9774773217380615,356.94937018066616,-6.979217529296875,-9.475433349609375,441.0,3.1072845458984375
592.0,19.733333333333334,1428.187556553269,1471.1819253470774,1.022910534881619,0.9776026014980181,351.42517089349076,-7.5119781494140625,-9.4652099609375,432.0,3.8610758781433105
593.0,19.766666666666666,1435.1764216505796,1480.1509036788634,1.0229056572640935,0.9776072630927098,346.63136012400605,-6.99603271484375,-8.99566650390625,419.0,0.9681122303009033
594.0,19.8,1442.1458775682029,1489.5987638465872,1.0223038231014498,0.9781827842198761,352.22041242281705,-6.975475311279297,-9.474700927734375,408.0,2.5146684646606445
595.0,19.833333333333332,1449.1218032123886,1499.0427177643107,1.0228493047728073,0.9776611230352427,346.5199928608073,-6.981781005859375,-9.4705810546875,399.0,2.1529903411865234
596.0,19.866666666666667,1456.0993157706368,1508.0099871117218,1.0228352214952598,0.9776745843168388,352.77470270819805,-6.9841461181640625,-8.993207931518555,390.0,1.0929704904556274
597.0,19.9,1463.0754855554476,1517.974326771633,1.0228241866981225,0.9776851320149131,348.0284300238096,-6.98052978515625,-9.990936279296875,375.0,1.0606576204299927
598.0,19.933333333333334,1469.5326123715083,1526.9275580331066,1.0236705038320106,0.9768768331768841,348.1889208145279,-6.4630279541015625,-8.978771209716797,362.0,2.6599349975585938
599.0,19.966666666666665,1476.524163015694,1536.8940949586429,1.0236702597699436,0.9768770660825262,353.91497338772047,-6.995452880859375,-9.992591857910156,348.0,0.961522102355957
600.0,20.0,1483.0164460817548,1546.289342821679,1.0220655520620647,0.9784108250028127,343.3319099417997,-6.496856689453125,-9.420654296875,335.0,3.593324899673462
601.0,20.033333333333335,1489.4743053196905,1555.767110215965,1.0236385026966779,0.9769073724421223,346.38882207228664,-6.4620208740234375,-9.503028869628906,318.0,3.18034291267395
602.0,20.066666666666666,1495.4679311591888,1565.7374313211888,1.0236339876895872,0.9769116813491795,348.973717383359,-5.99591064453125,-9.995609283447266,310.0,0.8605796098709106
603.0,20.1,1501.461801139312,1575.7059213717248,1.0236274592621841,0.9769179118356063,354.3678216003222,-5.99609375,-9.99349594116211,303.0,0.7305130362510681
604.0,20.133333333333333,1507.4456613538102,1586.1004368128858,1.0230028696818587,0.9775143644621326,353.9863318453253,-5.98486328125,-10.419509887695312,295.0,2.166241407394409
605.0,20.166666666666668,1512.4392871933085,1596.5963926837346,1.0235626268158002,0.9769797898062171,355.0925242625878,-4.993354797363281,-10.520675659179688,285.0,2.1335034370422363
606.0,20.2,1517.4375517046817,1607.5612206248957,1.0235765368875853,0.9769665129690496,355.56103825916034,-4.99652099609375,-10.989588737487793,270.0,0.8691184520721436
607.0,20.233333333333334,1521.436304497305,1618.5266589176192,1.0235938637036957,0.9769499754342749,347.3616248798943,-3.996185302734375,-10.989814758300781,266.0,0.795634925365448
608.0,20.266666666666666,1524.9233385399282,1629.4753735775305,1.023750051732215,0.9768009274411961,340.6468085220018,-3.483673095703125,-10.972640991210938,257.0,2.413902997970581
609.0,20.3,1527.4230678950514,1640.4331214405665,1.0245071910956167,0.97607904433603,348.9392291124909,-2.4954605102539062,-10.98138427734375,246.0,2.2632510662078857
610.0,20.333333333333332,1528.9256048673622,1652.3911134442278,1.0238206329473825,0.9767335877195525,349.7240507757309,-1.494720458984375,-11.981613159179688,241.0,2.304138422012329
611.0,20.366666666666667,1528.939128167798,1663.6987148228889,1.023137830206925,0.9773854220577052,343.90631343943244,-0.0059967041015625,-11.330451965332031,234.0,2.4868905544281006
612.0,20.4,1527.4603418979211,1675.2713308499874,1.0249595372925309,0.9756482706054305,344.83472105021497,1.48834228515625,-11.595260620117188,228.0,3.802579402923584
613.0,20.433333333333334,1524.4699589483569,1686.2490982442737,1.0249597816619274,0.9756480379928116,350.3763181415593,2.999786376953125,-10.999588012695312,217.0,0.325609415769577
614.0,20.466666666666665,1519.4815291237926,1697.2247904432472,1.0249622253564752,0.9756457118721683,357.6788034008593,4.999267578125,-10.997177124023438,215.0,0.38024377822875977
615.0,20.5,1513.0396080882908,1707.1761906500333,1.0243569207738297,0.9762222324271215,340.6969105982572,6.451324462890625,-9.972046852111816,212.0,2.3877906799316406
616.0,20.533333333333335,1505.525909709039,1715.144802770882,1.0251424728071752,0.9754741672751819,344.2317057117491,7.519073486328125,-7.988677978515625,209.0,2.3477182388305664
617.0,20.566666666666666,1496.5336957047873,1723.119884618293,1.0251418617746457,0.9754747487034409,362.415810157454,8.998489379882812,-7.994804382324219,196.0,0.7174744606018066
618.0,20.6,1486.544045177098,1730.0928912703919,1.0251313520214052,0.9754847493720196,349.1884660545496,9.99416732788086,-6.992317199707031,195.0,0.7947137355804443
619.0,20.633333333333333,1476.5535401572213,1735.066264133428,1.0251135711676904,0.9755016694012899,340.1491826553478,9.990066528320312,-4.9922637939453125,190.0,0.8454861640930176
620.0,20.666666666666668,1466.159104473282,1740.0268196136515,1.02416875820522,0.9764015861530732,353.70284987241564,10.394012451171875,-4.979400634765625,188.0,2.5292303562164307
621.0,20.7,1455.1701863674677,1745.0049532188752,1.024163386226298,0.9764067076100699,350.4803017997392,10.988624572753906,-4.996757507324219,184.0,0.8391793966293335
622.0,20.733333333333334,1444.190179394466,1747.9833309647238,1.024170101164729,0.9764003058307973,349.21889486888995,10.974929809570312,-2.996917724609375,183.0,0.9519557952880859
623.0,20.766666666666666,1432.6617105074017,1750.9535299996348,1.0250916409390982,0.9755225387301847,354.8959553667657,11.52362060546875,-2.9885711669921875,181.0,3.0322420597076416
624.0,20.8,1421.2882709172125,1753.923484893921,1.0241261963135728,0.9764421646468794,352.1037741453311,11.36810302734375,-2.988250732421875,179.0,3.2239937782287598
625.0,20.833333333333332,1409.7162229285857,1755.9046702569572,1.025029505864636,0.9755816727992401,349.67517289446454,11.5645751953125,-1.999542236328125,179.0,3.175736904144287
626.0,20.866666666666667,1398.3156837290214,1757.8851231981184,1.0242265754042978,0.9763464686563764,349.6465507508278,11.392791748046875,-1.9986648559570312,179.0,3.0254392623901367
627.0,20.9,1386.7454667950822,1759.865698209592,1.025118618441701,0.9754968664212887,347.21245383250266,11.562255859375,-1.9988670349121094,174.0,3.189484119415283
628.0,20.933333333333334,1375.358355329893,1760.846151150753,1.0242598933073532,0.9763147093175565,346.15600457258,11.37677001953125,-0.9987030029296875,170.0,2.872661590576172
629.0,20.966666666666665,1363.7759313647036,1762.0908863184768,1.0248559918256206,0.9757468444114343,355.2999138048745,11.572662353515625,-1.2631072998046875,166.0,3.304563522338867
630.0,21.0,1351.7765152120144,1763.0720716815129,1.0248860462248712,0.975718231000863,353.4275263608076,11.98895263671875,-0.9993820190429688,162.0,1.0855300426483154
631.0,21.033333333333335,1340.2603754265126,1763.566928919549,1.0246919086602775,0.9759030900394631,345.1123989331441,11.504470825195312,-0.513092041015625,494.0,5.200219631195068
632.0,21.066666666666666,1328.8163791956983,1764.5475039310227,1.025639692192336,0.9750012676113086,352.0258005523389,11.433029174804688,-0.998809814453125,482.0,2.450751304626465
633.0,21.1,1316.8117140195716,1764.5289334346837,1.025621596857038,0.9750184698376536,353.0328939500879,11.991867065429688,0.00028228759765625,470.0,0.8566113710403442
634.0,21.133333333333333,1305.3004570465698,1765.5079215320948,1.0247758382524805,0.9758231631468497,352.98547566788386,11.500015258789062,-0.99725341796875,454.0,2.7329931259155273
635.0,21.166666666666668,1293.298965698568,1765.489595176381,1.0247882988580426,0.9758112979181505,351.1957037787298,11.98834228515625,-2.6702880859375e-05,441.0,0.8989512324333191
636.0,21.2,1281.8874401708788,1765.4704143284796,1.0254879337185057,0.9751455547350184,351.3714818762097,11.397979736328125,0.000823974609375,433.0,2.9498298168182373
637.0,21.233333333333334,1269.874230072877,1765.4522100430784,1.02570577909856,0.974938447630517,352.98281379538577,11.9998779296875,-4.57763671875e-05,418.0,0.10282029211521149
638.0,21.266666666666666,1258.3552826701878,1765.432785054552,1.0251403857076002,0.9754761532585148,344.77596552562204,11.505096435546875,0.00115966796875,401.0,2.766014814376831
639.0,21.3,1246.889191712811,1765.417632526963,1.0256516966871811,0.9749898559422899,352.08733751751936,11.452362060546875,-0.0032100677490234375,389.0,2.453089475631714
640.0,21.333333333333332,1234.8828175523092,1765.3991841009367,1.02565022948066,0.9749912506784618,352.77965677554886,11.99249267578125,8.368492126464844e-05,378.0,0.7145336866378784
641.0,21.366666666666667,1223.393411165245,1764.3808577452228,1.0251444107561039,0.9754723232236535,352.7207164546453,11.473388671875,0.99981689453125,371.0,2.8118622303009033
642.0,21.4,1211.3909432547432,1764.3630196707588,1.0251436775156826,0.9754730209363283,352.1343554562136,11.988372802734375,-0.0003662109375,353.0,0.9070294499397278
643.0,21.433333333333334,1199.923997805179,1763.8409091353576,1.0247032447509419,0.975892293815322,344.55603620973176,11.451751708984375,0.503631591796875,347.0,3.7666525840759277
644.0,21.466666666666665,1188.4437466915522,1763.3307614905812,1.02514409906316,0.9754726198139967,352.40625987758386,11.46484375,0.491729736328125,342.0,4.028167724609375
645.0,21.5,1176.4527533904254,1762.812801345805,1.0242929293994953,0.9762832206469126,352.51903603071736,11.975616455078125,0.49951171875,335.0,2.6197562217712402
646.0,21.533333333333335,1164.9649339174237,1762.3036302635285,1.025917905832349,0.9747368618044332,353.2097080146037,11.472244262695312,0.49082183837890625,330.0,4.451388835906982
647.0,21.566666666666666,1152.9550197178594,1761.2855480484395,1.0259281789437031,0.9747271012963121,352.24142410802705,11.993438720703125,0.99957275390625,319.0,0.8176729083061218
648.0,21.6,1141.5322637214201,1760.7706396614758,1.024349283757498,0.9762295106331501,344.80630863699105,11.4068603515625,0.49652099609375,314.0,5.321605682373047
649.0,21.633333333333333,1129.9910995218559,1760.2537781495118,1.0259721515778963,0.9746853249983907,354.0219970044631,11.525314331054688,0.4983978271484375,304.0,5.180484771728516
650.0,21.666666666666668,1117.980819111354,1759.2348414422354,1.0259778999322269,0.9746798640263665,352.36587467146427,11.993560791015625,1.0002937316894531,304.0,0.7866355180740356
651.0,21.7,1106.5885806930398,1758.2161488755842,1.0255068991544294,0.9751275206676222,346.0693773557968,11.375213623046875,1.00018310546875,303.0,3.5641298294067383
652.0,21.733333333333334,1094.9995649309756,1757.1985549417452,1.0260082461947766,0.9746510359042093,355.2782857705069,11.571975708007812,0.9990386962890625,302.0,3.5627126693725586
653.0,21.766666666666666,1082.9909935048488,1756.1805947969688,1.0260168078747638,0.9746429028500482,351.22220485070994,11.9915771484375,0.9993972778320312,302.0,0.7444019317626953
654.0,21.8,1071.6732179771598,1755.1650760584425,1.0255318458115439,0.975103800124959,345.78117871999416,11.300613403320312,0.99700927734375,302.0,2.335813522338867
655.0,21.833333333333332,1060.028660222908,1754.1484586871036,1.0260423740169515,0.9746186174407244,356.1379412232733,11.627197265625,0.9979248046875,292.0,2.364406108856201
656.0,21.866666666666667,1048.0180136014687,1753.1306206126399,1.0260352186606778,0.9746254142283122,350.667121040893,11.99334716796875,0.9993133544921875,288.0,0.7604166269302368
657.0,21.9,1036.7395447144045,1752.114003241301,1.0255226051732664,0.9751125864563909,345.81225241695756,11.260910034179688,0.9980621337890625,282.0,1.949333906173706
658.0,21.933333333333334,1025.0538492648402,1751.095676885587,1.026091809652685,0.9745716617097678,356.7815728572846,11.668212890625,0.9995956420898438,271.0,2.1573128700256348
659.0,21.966666666666665,1013.0414936590258,1750.0769843189357,1.0260716880660419,0.9745907733647907,349.7714691361795,11.994766235351562,1.0001144409179688,262.0,0.8275226950645447
660.0,22.0,1001.8244261391491,1749.0640290569718,1.0256738511227212,0.9749687962751334,346.46027322997634,11.19921875,0.9943695068359375,255.0,2.1785006523132324
661.0,22.033333333333335,990.0335060802098,1748.0471675450078,1.0261101099514573,0.9745542805803827,358.9686923203199,11.77301025390625,0.998260498046875,243.0,1.9221938848495483
662.0,22.066666666666666,978.023713950958,1746.567903689294,1.0250625455663265,0.9755502279595243,350.825612855093,11.991409301757812,1.4604949951171875,226.0,2.4265873432159424
663.0,22.1,966.841253364675,1745.0246749898301,1.0258763774384883,0.9747763200249342,347.4330935209933,11.163558959960938,1.524383544921875,220.0,2.886479616165161
664.0,22.133333333333333,955.003519340892,1744.006958985679,1.0261193756048075,0.9745454805495585,346.06997869149717,11.819671630859375,0.9991283416748047,209.0,2.114299774169922
665.0,22.166666666666668,943.860121254609,1742.9865574346525,1.0259046376454375,0.9747494682304084,350.32403096387395,11.12518310546875,1.0016632080078125,193.0,1.9083049297332764
666.0,22.2,931.8470332269197,1740.968841430501,1.0259268957655037,0.974728320436362,360.6574616425127,11.9935302734375,1.9989242553710938,182.0,0.6789257526397705
667.0,22.233333333333334,920.0082616054805,1739.9542992544748,1.026106554489559,0.9745576574135172,345.298339863745,11.820327758789062,0.9958114624023438,170.0,2.553713083267212
668.0,22.266666666666666,908.91723168326,1738.9342639143858,1.0259647227875732,0.9746923824856021,348.3587974401725,11.072509765625,1.001312255859375,162.0,1.8823342323303223
669.0,22.3,896.9269097688519,1737.3849316992969,1.0251994633702204,0.9754199409280023,355.13414323344404,11.971282958984375,1.5305023193359375,489.0,3.540462017059326
670.0,22.333333333333332,885.4387851200689,1735.8851600310832,1.0269031167677067,0.973801699178412,346.44852038621457,11.468887329101562,1.4810028076171875,478.0,3.974915027618408
671.0,22.366666666666667,873.9678723853484,1734.8681764488067,1.0260558117174876,0.9746058533854279,347.6950370741034,11.452056884765625,0.9982223510742188,467.0,3.3770549297332764
672.0,22.4,862.4583854318779,1732.852291499343,1.026879728146498,0.973823878873317,355.8404769062537,11.489578247070312,1.9969482421875,452.0,3.8286564350128174
673.0,22.433333333333334,850.4400483807511,1731.833721003004,1.0268802178009095,0.9738234145181274,354.81572483660864,11.99949836730957,0.999847412109375,448.0,0.34268707036972046
674.0,22.466666666666665,838.9997142593119,1729.8157608582276,1.0261845409642087,0.9744835944033949,347.80409522782526,11.420166015625,1.99896240234375,437.0,3.785501718521118
675.0,22.5,827.4522024034976,1728.8017069634514,1.0267839615415828,0.9739147059705041,346.77986895251905,11.528472900390625,0.995330810546875,425.0,3.0664682388305664
676.0,22.533333333333335,816.0229156453396,1727.2586003343,1.0251282271637487,0.9754877229034346,347.67677215757953,11.409576416015625,1.5242462158203125,408.0,3.974383592605591
677.0,22.566666666666666,804.4725961723378,1725.7721343301484,1.0268481376267364,0.9738538381256764,356.28104341798115,11.53057861328125,1.46759033203125,389.0,3.6083474159240723
678.0,22.6,792.4653675196486,1724.2249993806847,1.0256696981262934,0.9749727439806527,354.45469744430716,11.9874267578125,1.528167724609375,377.0,2.324333906173706
679.0,22.633333333333333,781.0370573239906,1722.7443927515333,1.0263423018538,0.974333804807402,348.6014673344685,11.408447265625,1.46173095703125,361.0,3.266439914703369
680.0,22.666666666666668,769.4899116791138,1720.7277753801943,1.0267132656488922,0.9739817663386192,347.7432442998463,11.526580810546875,1.9976348876953125,352.0,2.315972328186035
681.0,22.7,758.0535448428308,1719.710547657293,1.0263392303214787,0.9743367207027364,354.5879025429393,11.4168701171875,0.9984207153320312,340.0,2.3161847591400146
682.0,22.733333333333334,746.0462551549853,1717.6935640750166,1.0263276683248679,0.9743476970002778,355.9800478833489,11.986724853515625,1.9979095458984375,335.0,0.9613803625106812
683.0,22.766666666666666,734.5162603890147,1716.676702563053,1.0267125744790893,0.973982422010715,347.2204227555992,11.510269165039062,0.9980525970458984,330.0,2.0752196311950684
684.0,22.8,723.0975937480442,1714.662038316714,1.0263086753463868,0.9743657283833176,348.8360152036243,11.397903442382812,1.9956207275390625,322.0,3.0588152408599854
685.0,22.833333333333332,711.53543345473,1713.1114853985,1.025590690615038,0.9750478520824993,347.75210302661276,11.541839599609375,1.53155517578125,319.0,3.669217586517334
686.0,22.866666666666667,700.1126164231345,1711.6347850193488,1.0263194821030603,0.9743554686800563,355.35124610798215,11.4024658203125,1.4577178955078125,317.0,3.761054515838623
687.0,22.9,688.1044722431014,1709.6171910855098,1.02629990661245,0.9743740533902422,357.45519085600057,11.987197875976562,1.9984683990478516,308.0,1.0493905544281006
688.0,22.933333333333334,676.5511010122872,1708.0654174641709,1.0256133093753508,0.9750263484870818,347.2941543836258,11.5328369140625,1.53277587890625,303.0,4.281321048736572
689.0,22.966666666666665,665.1502566369417,1706.5901819287697,1.0263192538238617,0.974355685401203,348.57054968462944,11.380294799804688,1.45623779296875,296.0,4.053040027618408
690.0,23.0,653.5765606990961,1704.5758838933682,1.0266192481507364,0.9740709633111926,348.54292818137344,11.5526123046875,1.9951629638671875,286.0,4.026750564575195
691.0,23.033333333333335,642.1894492339069,1703.0233778501545,1.0248788458899618,0.9757250859555423,347.87296835277874,11.366378784179688,1.53350830078125,282.0,4.321605682373047
692.0,23.066666666666666,630.5848084718426,1701.538376689753,1.0266768965289907,0.9740162687801971,358.15713938238554,11.5838623046875,1.4660186767578125,273.0,4.509283065795898
693.0,23.1,618.5708049168096,1699.5194399824766,1.0266558455481603,0.9740362404171303,355.1175933916476,11.992706298828125,1.999755859375,263.0,1.0515873432159424
694.0,23.133333333333333,607.2569356391203,1697.5019681189503,1.026236180820188,0.9744345587199824,348.58120151650604,11.292556762695312,1.99822998046875,258.0,3.27409291267395
695.0,23.166666666666668,595.6068847208061,1695.9560538726114,1.0253193881963025,0.9753058525101692,346.8810051582195,11.629058837890625,1.52691650390625,251.0,4.334254741668701
696.0,23.2,584.3300027478043,1694.4787431418974,1.0263011202460053,0.974372901162087,348.7545136247068,11.255828857421875,1.45819091796875,236.0,4.079861164093018
697.0,23.233333333333334,572.620625657615,1692.4620037002462,1.0266336529433049,0.9740572960306263,349.9747530662246,11.68792724609375,1.9975967407226562,227.0,2.5995607376098633
698.0,23.266666666666666,561.3496640947695,1690.4451421882823,1.0262951380569207,0.9743785807007669,349.8664699832775,11.2493896484375,1.9976692199707031,219.0,2.034226179122925
699.0,23.3,549.6479163991115,1688.426693762256,1.026607359726156,0.9740822433483689,360.8961515028051,11.68017578125,1.9991817474365234,204.0,2.0958051681518555
700.0,23.333333333333332,537.630861086266,1686.409099828417,1.026585208740902,0.9741032614589211,352.0278176279534,11.995361328125,1.9984817504882812,192.0,0.8786493539810181
701.0,23.366666666666667,526.451574328108,1684.8628193711406,1.0248677489645637,0.9757356507806125,348.3721268132586,11.157958984375,1.5271453857421875,186.0,2.652848720550537
702.0,23.4,514.6054784879188,1683.372080906052,1.026642200600158,0.9740491861871804,348.65066426598224,11.824661254882812,1.4716033935546875,176.0,2.6275510787963867
703.0,23.433333333333334,503.4745315735108,1681.354242831588,1.0264282711178592,0.9742521987541548,350.422295377476,11.10919189453125,1.99853515625,169.0,1.7850056886672974
704.0,23.466666666666665,491.59480536222776,1679.3387240930615,1.0266348144348967,0.9740561940230348,355.5911807231599,11.8577880859375,1.99627685546875,165.0,2.125
705.0,23.5,480.11366923883537,1677.3233274248478,1.0258048645797968,0.9748442754847265,350.0396703226359,11.459228515625,1.996185302734375,488.0,3.3855228424072266
706.0,23.533333333333335,468.6098585548961,1675.3063438425713,1.0266310252092006,0.9740597891985839,350.1182179541661,11.481857299804688,1.9977493286132812,480.0,2.7955994606018066
707.0,23.566666666666666,457.12353444322247,1673.2902147524824,1.0258448306813428,0.9748062963243893,349.8150158128021,11.464324951171875,1.996826171875,470.0,3.0713930130004883
708.0,23.6,445.6393465620176,1671.2783581233311,1.0266535359951798,0.9740384316025918,350.18642335544837,11.462112426757812,1.9924917221069336,462.0,3.8763108253479004
709.0,23.633333333333333,434.1283337296408,1669.2596655566797,1.0259320667603924,0.9747234075231914,350.3418217371165,11.488937377929688,1.9994125366210938,446.0,3.1836025714874268
710.0,23.666666666666668,422.6344412585922,1667.2431702556535,1.026656208807236,0.9740358957764401,357.78127173849987,11.471710205078125,1.997161865234375,439.0,2.5854592323303223
711.0,23.7,410.61994942230916,1665.2250880405645,1.0266484984289284,0.9740432110213882,357.6853963865114,11.9921875,1.9988574981689453,427.0,0.9236111044883728
712.0,23.733333333333334,399.1327097832918,1663.207616177038,1.0259751304472136,0.9746824950465502,349.9157186330814,11.464981079101562,1.9981040954589844,410.0,2.860154628753662
713.0,23.766666666666666,387.64324236107126,1661.1935622822618,1.026644632212473,0.9740468791474102,351.24935880207914,11.4671630859375,1.9947509765625,399.0,2.647463083267212
714.0,23.8,376.15075369861637,1658.7167398327979,1.0250210651449774,0.9755897064013622,352.8684449852384,11.469940185546875,2.4573974609375,381.0,3.50453519821167
715.0,23.833333333333332,364.65884487014586,1656.181323633334,1.026669313477447,0.9740234629326605,351.5904441827757,11.469314575195312,2.51593017578125,366.0,3.2072348594665527
716.0,23.866666666666667,353.1582080143316,1654.1618986448077,1.0261023486610334,0.9745616519686418,350.19213053468593,11.47821044921875,2.00006103515625,347.0,2.727962017059326
717.0,23.9,341.66407140265795,1652.1461357656563,1.0265759753096997,0.9741120229297376,349.90725687670323,11.471649169921875,1.9963226318359375,340.0,2.4232568740844727
718.0,23.933333333333334,330.18241648043744,1650.128419761505,1.025976937972499,0.9746807778897704,350.0463388157948,11.459121704101562,1.9984130859375,338.0,2.6597931385040283
719.0,23.966666666666665,318.6785447613419,1648.114487937041,1.0265072567098925,0.9741772339780118,352.6097910042366,11.481292724609375,1.994476318359375,325.0,2.637542486190796
720.0,24.0,307.21913715357454,1645.1003119719521,1.0258813994324465,0.9747715482055089,352.94730128759136,11.436492919921875,2.99456787109375,310.0,3.7651290893554688
721.0,24.033333333333335,295.69271294424465,1643.0841828818634,1.0264351493485984,0.9742456702058822,350.0992894671935,11.503753662109375,1.996826171875,297.0,3.379960298538208
722.0,24.066666666666666,284.23049771928976,1641.065978596462,1.0259814362255408,0.9746765045563365,345.4488549264445,11.439483642578125,1.998779296875,285.0,3.2718963623046875
723.0,24.1,273.22018679120987,1638.0480184516855,1.0259732416888279,0.9746842893815886,346.5274388389307,10.987457275390625,2.9983673095703125,274.0,1.0618977546691895
724.0,24.133333333333333,261.6836612635206,1636.0326217834718,1.0264228368584256,0.9742573568030715,352.42416790836705,11.51373291015625,1.9959564208984375,265.0,3.5009920597076416
725.0,24.166666666666668,250.26981639989387,1633.0188120293203,1.0259292400991198,0.9747260931011045,353.3110355150586,11.390823364257812,2.994140625,262.0,3.4895124435424805
726.0,24.2,238.6730339141968,1631.0021946579814,1.02646479309461,0.9742175345197925,352.9654713391666,11.573883056640625,1.99713134765625,254.0,3.732497215270996
727.0,24.233333333333334,227.28314534939815,1627.9866759194551,1.0257275491587394,0.974917755519153,353.16653487541356,11.366851806640625,2.9959716796875,241.0,3.3458049297332764
728.0,24.266666666666666,215.6727215062792,1625.9696923371787,1.0261851068952497,0.9744830569852321,352.7148877221201,11.587448120117188,1.9974822998046875,236.0,3.528238296508789
729.0,24.3,204.31344207233994,1622.9551501611525,1.0257461839936741,0.9749000440894324,354.75464430207654,11.336212158203125,2.9948883056640625,222.0,2.496953010559082
730.0,24.333333333333332,192.67144779465067,1620.4670972429385,1.0250875921335,0.9755263917678628,348.0547896082325,11.618865966796875,2.46856689453125,218.0,3.649022102355957
731.0,24.366666666666667,181.65649819469579,1617.947916395037,1.0262306505928793,0.9744398098246966,344.3089715517626,10.99200439453125,2.499542236328125,213.0,1.8263180255889893
732.0,24.4,170.39377637794402,1614.9364259768233,1.0258039418338971,0.974845152390655,356.4307388103449,11.239654541015625,2.9919281005859375,208.0,2.6270194053649902
733.0,24.433333333333334,158.67194811587976,1611.9191982539219,1.0262467371192867,0.9744245353773672,352.9319538715126,11.698577880859375,2.997467041015625,199.0,2.2285289764404297
734.0,24.466666666666665,147.65206992705768,1608.901604320083,1.0262397638450538,0.974431156568383,297.14723480155936,10.996841430664062,2.9980392456054688,192.0,0.8429704904556274
735.0,24.5,139.64424618159498,1606.4078140971817,1.0250927291968963,0.9755215030970368,146.05216925769278,7.98590087890625,2.4742431640625,189.0,2.333758592605591
736.0,24.533333333333335,139.6263211177729,1603.3886332492802,1.0250970062170552,0.9755174329211326,90.56422915598641,-0.0011138916015625,2.9997787475585938,188.0,0.6620606780052185
737.0,24.566666666666666,139.60812139574773,1600.3703068935665,1.0250977394235703,0.9755167351771908,90.53684425377978,-0.0008544921875,2.9989776611328125,187.0,0.477182537317276
738.0,24.6,139.58931132216003,1597.3529571003526,1.025100183447035,0.9755144093695971,97.88657907219176,-0.000244140625,2.998077392578125,187.0,0.4528769850730896
739.0,24.633333333333333,139.5710047886114,1593.8446405102636,1.0262312802032532,0.9744392119892722,97.89396096584332,-0.000732421875,3.488983154296875,186.0,1.8872945308685303
740.0,24.666666666666668,139.55152332830494,1590.8268024358,1.0262195970864285,0.9744503056062568,90.53330796143166,0.00042724609375,2.998504638671875,185.0,0.6422902345657349
741.0,24.7,139.532652219561,1587.809208501961,1.0262098714611556,0.9744595406943055,90.53511000714501,-0.00018310546875,2.998382568359375,185.0,0.49064627289772034
742.0,24.733333333333334,139.51347593503579,1584.7912483571845,1.0262079141211602,0.9744613993319233,97.3225934307025,0.0001220703125,2.998748779296875,184.0,0.39452236890792847
743.0,24.766666666666666,139.49588656457308,1581.3211397749083,1.0251350491825622,0.9754812312752308,105.33512352811483,-0.0014801025390625,3.450927734375,184.0,2.1375069618225098
744.0,24.8,139.47730537282132,1577.7689999426318,1.026244187397911,0.9744269563519241,98.57143729026077,-0.000457763671875,3.532958984375,184.0,2.618587017059326
745.0,24.833333333333332,139.45812908829612,1574.7498190947306,1.0262454107763157,0.9744257947458571,105.5751518317268,0.0001373291015625,3.0001144409179688,182.0,0.22332057356834412
746.0,24.866666666666667,139.43907487408342,1570.7307603171416,1.026245533114302,0.9744256785852642,105.57148977638093,0.0,4.0,180.0,0.04815050959587097
747.0,24.9,139.41989858955822,1567.7118236098652,1.026246878832312,0.9744244008204183,90.5662416481238,0.0001220703125,2.9998779296875,179.0,0.20776644349098206
748.0,24.933333333333334,139.40098170444708,1564.693131043214,1.0262467564941506,0.9744245169808726,105.56414954397393,-0.0001220703125,2.9997100830078125,178.0,0.23869755864143372
749.0,24.966666666666665,139.38186645507812,1560.67431640625,1.0262465729869306,0.9744246912215854,120.56580290916816,6.103515625e-05,3.9998779296875,177.0,0.06554704904556274
