frame,tiempo_s,x_mapa_px,y_mapa_px,zoom_relativo,altitud_relativa,rapidez_instantanea_px_s,flujo_x_px,flujo_y_px,puntos_validos,error_LK
0.0,0.0,139.38168334960938,1560.67431640625,1.0,1.0,541.7604454801941,0.0,0.0,500.0,0.0
1.0,0.03333333333333333,156.59582635652876,1566.132270110147,1.011247158050537,0.9888779335882445,305.4566494353554,-15.63775634765625,-5.55535888671875,379.0,55.301658630371094
2.0,0.06666666666666667,159.4527305939169,1557.2339005718563,1.007892671937526,0.992169134514736,261.612085188282,-1.284271240234375,8.800689697265625,373.0,2.9372873306274414
3.0,0.1,161.63847699439097,1549.4363611116905,1.0051416535846578,0.9948846477843983,226.44558577030708,-0.613311767578125,7.700103759765625,369.0,3.3705356121063232
4.0,0.13333333333333333,164.44734656381033,1542.98769860465,1.002868146736428,0.9971400560026145,184.0794955475939,-1.236297607421875,6.351348876953125,368.0,3.0614371299743652
5.0,0.16666666666666666,166.63147553264378,1538.2260478163594,1.0002964211129968,0.999703666726442,143.73066000460247,-0.611724853515625,4.6641845703125,365.0,3.392857074737549
6.0,0.2,169.3935006196413,1534.7809253483813,0.9980119325738157,1.0019920277115897,115.36109530001542,-1.18951416015625,3.34747314453125,363.0,3.1286847591400146
7.0,0.23333333333333334,171.57729389511536,1532.336535302278,0.9963891504912215,1.0036239349926666,97.79573495355699,-0.6113739013671875,2.3467254638671875,362.0,3.3564343452453613
8.0,0.26666666666666666,174.34212659930037,1530.536188224925,0.993197087871261,1.0068495087347868,88.63480654645086,-1.19232177734375,1.70257568359375,361.0,3.364725112915039
9.0,0.3,176.51729865895413,1529.0942395850718,0.9915456681146544,1.0085264170448356,76.26124762232509,-0.602783203125,1.344146728515625,361.0,3.345734119415283
10.0,0.3333333333333333,179.2635156404829,1529.2603231717812,0.9883594297030254,1.0117776690818565,73.96484189662289,-1.1737060546875,-0.26409912109375,361.0,3.358560085296631
11.0,0.36666666666666664,181.43827571283197,1528.7801665241154,0.9866943744923679,1.01348505256704,74.47887935134521,-0.60235595703125,0.3822021484375,361.0,3.3813066482543945
12.0,0.4,184.21897755764195,1528.9485694467623,0.9835621880201477,1.0167125293957677,74.61260107871834,-1.208221435546875,-0.2664794921875,361.0,3.6900510787963867
13.0,0.43333333333333335,186.36749251280352,1529.4474167053468,0.981901990189796,1.0184315848129668,76.94068174105279,-0.576080322265625,-0.596954345703125,361.0,3.3416950702667236
14.0,0.4666666666666667,189.09163002655885,1530.5510002920562,0.9788126410120683,1.0216459801397992,77.012247152541,-1.151611328125,-1.2017822265625,361.0,3.377338409423828
15.0,0.5,191.24331880984542,1531.0554627850154,0.9771921980789792,1.0233401391925332,76.89094546826165,-0.57928466796875,-0.602569580078125,361.0,3.4998583793640137
16.0,0.5333333333333333,193.95732448766324,1532.1639291842248,0.9741191816517814,1.0265684310869778,200.90390107072812,-1.141510009765625,-1.206634521484375,361.0,3.4666242599487305
17.0,0.5666666666666667,204.38892049751232,1533.6209063256217,0.9721682394559676,1.028628543306051,347.69568086231726,-8.8575439453125,-1.554718017578125,361.0,3.1320152282714844
18.0,0.6,216.99498550150201,1534.7261988967061,0.9695420804567402,1.0314147473917907,388.01431721831506,-11.03167724609375,-1.202911376953125,361.0,2.9994330406188965
19.0,0.6333333333333333,230.13063729748387,1536.1699924443528,0.9674060756286541,1.0336920815286024,387.3841399931833,-11.561187744140625,-1.541290283203125,361.0,2.9846229553222656
20.0,0.6666666666666666,242.6995776676845,1537.2234051326247,0.9650469544984144,1.0362190102136042,378.4860215277736,-10.99468994140625,-1.151031494140625,361.0,2.9027068614959717
21.0,0.7,255.23905331620546,1538.6682973130842,0.963463048507154,1.037922524947333,378.9182982041638,-10.965301513671875,-1.542510986328125,361.0,2.868480682373047
22.0,0.7333333333333333,267.72640494128893,1540.6566465247936,0.9599289413306011,1.041743775965182,378.59858572997143,-10.91314697265625,-2.086090087890625,361.0,3.3629534244537354
23.0,0.7666666666666667,280.1639671376614,1542.6434088224403,0.9574763106915799,1.044412262563139,376.23406266400707,-10.8634033203125,-2.084503173828125,361.0,2.9854025840759277
24.0,0.8,292.5210849980964,1544.4440138935247,0.9569264409006972,1.0450124035226367,375.3943386951441,-10.782989501953125,-1.8983154296875,361.0,3.0520124435424805
25.0,0.8333333333333334,304.9082779317736,1546.3896384958591,0.9544908928364116,1.0476789328270606,374.84918342228434,-10.813140869140625,-2.04327392578125,361.0,2.9648525714874268
26.0,0.8666666666666667,317.2035519201383,1548.3521088013185,0.9518932568713017,1.0505379597779865,379.702289707817,-10.721221923828125,-2.060211181640625,361.0,3.2757227420806885
27.0,0.9,329.8503578909249,1550.7099648489652,0.9498728430626467,1.0527724919218975,377.8451308222853,-11.072708129882812,-2.45562744140625,357.0,3.2044358253479004
28.0,0.9333333333333333,342.1150227484302,1552.0855210919246,0.948417563977125,1.0543878961989777,363.79088223888704,-10.690841674804688,-1.4732666015625,353.0,3.522888422012329
29.0,0.9666666666666667,353.72755747898236,1554.961321475509,0.9455069426002497,1.0576336935717132,364.9362438688662,-10.038482666015625,-2.973785400390625,347.0,3.1709184646606445
30.0,1.0,365.8910260474252,1557.2436159997185,0.9440244257373779,1.0592946249445818,366.4218067051021,-10.589469909667969,-2.38006591796875,344.0,3.6107921600341797
31.0,1.0333333333333334,377.7988488639149,1559.1213695083027,0.9407308768129505,1.0630032718686178,365.17919504838227,-10.334014892578125,-1.9756317138671875,340.0,3.175417900085449
32.0,1.0666666666666667,389.8826970710296,1561.3779071965746,0.9392771559624677,1.0646484838389476,370.00040567839466,-10.509918212890625,-2.354339599609375,335.0,3.7772817611694336
33.0,1.1,401.9468004050974,1564.1534878535965,0.9368311030403884,1.0674282661566248,369.04159628524695,-10.490036010742188,-2.87347412109375,331.0,3.705073595046997
34.0,1.1333333333333333,413.97535076064963,1566.3619298387434,0.9353992111236804,1.0690622657236537,362.37282450986055,-10.454696655273438,-2.30633544921875,323.0,3.748511791229248
35.0,1.1666666666666667,425.5906931083893,1569.1117536598276,0.9321460129428943,1.072793302889193,356.9801541955896,-10.04132080078125,-2.84765625,320.0,3.354768991470337
36.0,1.2,437.2556570381603,1571.302007168412,0.9310796454104973,1.0740219753801157,360.2914777549608,-10.091178894042969,-2.2881011962890625,312.0,2.9900083541870117
37.0,1.2333333333333334,449.2048311730093,1573.505566341059,0.9296271310267443,1.0757001023577388,358.9852529784138,-10.375381469726562,-2.30145263671875,309.0,3.480513095855713
38.0,1.2666666666666666,460.67924334496774,1576.2104682871434,0.926410852067205,1.0794346782192665,356.56258263312395,-9.900482177734375,-2.8028564453125,303.0,3.267148494720459
39.0,1.3,472.2688593743481,1579.2591202332276,0.9255053256936367,1.080490811061008,355.30808299711407,-10.015472412109375,-3.1466522216796875,300.0,2.016050100326538
40.0,1.3333333333333333,483.654526429119,1581.9741540152495,0.9223411499462147,1.0841975336981482,354.8638694280446,-9.811721801757812,-2.812957763671875,297.0,3.218820810317993
41.0,1.3666666666666667,495.2201556420931,1584.996682914459,0.9214548298309208,1.0852403912012611,352.081933144742,-9.991539001464844,-3.1204833984375,292.0,2.007298707962036
42.0,1.4,506.41807855623904,1587.6979227511683,0.9182895081975332,1.0889811884738316,351.5846754722965,-9.623920440673828,-2.7991790771484375,290.0,3.09112811088562
43.0,1.4333333333333333,517.9578898981193,1590.687126455065,0.9174787834506252,1.0899434603152496,359.8281762961328,-9.965728759765625,-3.087127685546875,279.0,2.142502784729004
44.0,1.4666666666666666,529.6281638864841,1593.7594600417744,0.9161056727525414,1.091577128864827,350.7431883950642,-10.09613037109375,-3.170318603515625,267.0,2.7918083667755127
45.0,1.5,540.6291873865675,1596.4117496831714,0.9132887536972012,1.0949439549668951,339.6072445498355,-9.42706298828125,-2.750244140625,255.0,3.299886703491211
46.0,1.5333333333333334,551.5497360331353,1599.4195080745683,0.9115501686890818,1.0970323240004658,351.34934902785994,-9.34640884399414,-3.105682373046875,242.0,3.294678211212158
47.0,1.5666666666666667,563.1402675898594,1602.8849080675275,0.9091237823665049,1.0999602247748252,350.2539210649574,-10.016143798828125,-3.563446044921875,231.0,2.2375283241271973
48.0,1.6,573.976557203224,1605.9212309120494,0.9074367473592417,1.1020051842843364,345.94760598359665,-9.2620849609375,-3.13427734375,221.0,3.572066307067871
49.0,1.6333333333333333,585.4008900294793,1608.9160498503213,0.9064151977858576,1.1032471680116864,346.341228531262,-9.850170135498047,-3.092681884765625,206.0,2.8221726417541504
50.0,1.6666666666666667,596.146572953391,1612.3719283589057,0.903654548833346,1.1066175689493734,340.9583144882426,-9.17117691040039,-3.55389404296875,188.0,3.0166878700256348
51.0,1.7,606.907026385115,1616.2756828440524,0.9021852471066695,1.1084198097974056,339.99755254346786,-9.185684204101562,-4.001678466796875,179.0,2.8838577270507812
52.0,1.7333333333333334,617.6078484691828,1619.6646668213868,0.8998615463867184,1.1112820677974018,348.08759583910415,-9.126338958740234,-3.486968994140625,172.0,3.0283093452453613
53.0,1.7666666666666666,628.9456334438757,1623.5427865409088,0.8988896097387028,1.1124836566869305,350.9564300757701,-9.762929916381836,-3.97601318359375,164.0,3.334148406982422
54.0,1.8,639.8332231060685,1626.9760820416807,0.8982327435092046,1.1132972018958165,349.78891350775024,-9.31298828125,-3.531200408935547,494.0,6.571995735168457
55.0,1.8333333333333333,651.0762815182613,1630.8927759799524,0.8949146201380966,1.117425034184476,356.3670156634351,-9.66815185546875,-4.01458740234375,488.0,3.5166170597076416
56.0,1.8666666666666667,662.2699624890479,1634.7879855432243,0.8929923680692244,1.1198303991803884,355.927409336933,-9.618698120117188,-3.993072509765625,476.0,3.4349136352539062
57.0,1.9,673.4976400418657,1638.6596355361837,0.8922969107131773,1.1207031964290226,350.474403321782,-9.652645111083984,-3.969573974609375,466.0,4.253365993499756
58.0,1.9333333333333333,684.1653200360897,1642.9436390447681,0.8891338899906728,1.1246900059230565,342.8824285614042,-9.092376708984375,-4.3817596435546875,448.0,3.4788477420806885
59.0,1.9666666666666666,694.8665693662514,1646.7772031002273,0.8878663724688797,1.126295612727523,350.11738837605674,-9.12615966796875,-3.93145751953125,441.0,3.291950225830078
60.0,2.0,706.0517054151629,1651.0551030931867,0.8878626680016979,1.1263003120186237,344.91136071025846,-9.609687805175781,-4.3756561279296875,432.0,4.89101505279541
61.0,2.033333333333333,716.2240851164182,1655.2968702736462,0.8852759552032661,1.1295912806876047,337.01173609752993,-8.596931457519531,-4.33953857421875,417.0,3.3839993476867676
62.0,2.066666666666667,726.8744921614235,1659.4929831572306,0.883353563931677,1.1320495448607768,345.7626794246396,-9.074859619140625,-4.29376220703125,406.0,3.3771257400512695
63.0,2.1,737.5030486204914,1664.1595550251898,0.8820896006104832,1.1336716806409604,342.0915645168361,-9.052604675292969,-4.7642669677734375,392.0,3.479875087738037
64.0,2.1333333333333333,747.762159278778,1668.6485145884617,0.8757728856748143,1.141848550414374,340.6166498972813,-8.68328857421875,-4.586700439453125,387.0,3.710317373275757
65.0,2.1666666666666665,758.3110038237833,1673.2519761048586,0.8745859068788472,1.1433982552597042,337.22103927302607,-8.972824096679688,-4.70098876953125,377.0,3.4472789764404297
66.0,2.2,768.2811740523823,1677.834563597818,0.8727677382828107,1.1457802071918028,336.38955202852816,-8.394073486328125,-4.680152893066406,366.0,3.718289375305176
67.0,2.2333333333333334,778.7765518005126,1682.4217897626522,0.8716010110478388,1.1473139513661186,337.3591258195014,-8.91925048828125,-4.684814453125,355.0,3.4959609508514404
68.0,2.2666666666666666,788.6494930252055,1687.3718088962366,0.8691198089051445,1.1505893546020187,337.91143345099334,-8.296356201171875,-5.04736328125,344.0,3.7884068489074707
69.0,2.3,798.7749977264608,1692.792287014196,0.8684694667934977,1.151450958537587,341.2325924880912,-8.548553466796875,-5.5178680419921875,334.0,4.735969543457031
70.0,2.3333333333333335,808.6533100449036,1698.2049526321555,0.8667181596039999,1.1537776022333444,330.18209763765736,-8.301162719726562,-5.509941101074219,326.0,3.910041093826294
71.0,2.3666666666666667,818.2174133789714,1703.1134678594897,0.8648540447191971,1.15626446578588,329.18889312309625,-7.987335205078125,-5.00579833984375,315.0,3.440617799758911
72.0,2.4,828.0409771622581,1708.488047539949,0.8630720878904925,1.158651767367642,331.9810441179219,-8.246315002441406,-5.4716949462890625,298.0,4.139349460601807
73.0,2.433333333333333,837.5685814728884,1713.8540822985335,0.8619092679402292,1.1602149288750274,330.0773301049408,-7.950202941894531,-5.463104248046875,292.0,3.2609128952026367
74.0,2.466666666666667,847.0642643967999,1719.5488524086804,0.859995183058392,1.1627972106119366,332.95885049140315,-7.917976379394531,-5.791839599609375,282.0,3.4308390617370605
75.0,2.5,856.531749078524,1725.3916938078896,0.8595190316364022,1.1634413703395747,323.9289965471382,-7.889488220214844,-5.9396514892578125,278.0,2.4661636352539062
76.0,2.533333333333333,865.3764920610292,1730.9951553242865,0.8570464541227153,1.1667978966479873,325.7798289697152,-7.26690673828125,-5.7002105712890625,272.0,3.699404716491699
77.0,2.566666666666667,874.8231027193159,1737.1017906688085,0.8558859289590195,1.168379998040464,333.5619821950072,-7.8681640625,-6.203338623046875,263.0,3.1243622303009033
78.0,2.6,883.9628896471337,1743.2037873414554,0.8551237681941675,1.1694213600351433,325.27483788467833,-7.5612335205078125,-6.198455810546875,254.0,4.516794204711914
79.0,2.6333333333333333,892.7498933718265,1749.3029763969146,0.8534922903198808,1.171656746454276,317.92831293994374,-7.208274841308594,-6.1956787109375,246.0,3.5808887481689453
80.0,2.6666666666666665,901.3099073504255,1755.382390061749,0.8523770720388267,1.1731896983198637,319.40049807672614,-6.9812774658203125,-6.175651550292969,238.0,2.9373583793640137
81.0,2.7,910.0208002352747,1761.757824234396,0.849962127904757,1.1765230086958127,326.4140007053698,-7.1317901611328125,-6.4715728759765625,235.0,3.634141206741333
82.0,2.7333333333333334,918.5604284716862,1768.6472964929803,0.8489619648068333,1.1779090718481515,317.54360082322245,-6.9597625732421875,-6.985321044921875,227.0,2.6336450576782227
83.0,2.7666666666666666,926.804219305754,1774.6600597671895,0.8480614502562843,1.1791598352900015,316.62310613891253,-6.6648712158203125,-6.1089019775390625,221.0,3.9654903411865234
84.0,2.8,935.2895262531031,1781.519502728899,0.8468719452724163,1.1808160673905976,319.5526989830942,-6.9052886962890625,-6.9550628662109375,216.0,3.392077684402466
85.0,2.8333333333333335,943.1038737277959,1788.3772367062334,0.8454762928343218,1.1827652749998023,316.0287977083515,-6.234245300292969,-6.9532318115234375,206.0,3.594564914703369
86.0,2.8666666666666667,951.3242270618638,1795.1860204882553,0.8445834063770908,1.1840156844776069,317.1394558426516,-6.64019775390625,-6.9041900634765625,195.0,4.223214149475098
87.0,2.9,959.1065921146816,1802.194755442152,0.8422604669392327,1.187281178747462,312.0298681627395,-6.201835632324219,-7.103843688964844,188.0,3.618906021118164
88.0,2.933333333333333,966.8538009174994,1809.0263663726114,0.840633098292593,1.1895796180653564,307.25686029688103,-6.166816711425781,-6.926765441894531,182.0,3.648951292037964
89.0,2.966666666666667,974.4252895054734,1815.7934021077583,0.8395374884293555,1.1911320385118775,312.10984925882315,-5.991058349609375,-6.86199951171875,171.0,2.7310798168182373
90.0,3.0,981.9674201832913,1823.3275276866552,0.8383291144493941,1.1928489453176032,319.8070349668598,-5.9607086181640625,-7.628692626953125,161.0,3.24284291267395
91.0,3.033333333333333,989.3164356267341,1831.0517167421144,0.8377905560142201,1.1936157465864614,314.62484003383145,-5.767242431640625,-7.8183441162109375,498.0,5.75141716003418
92.0,3.066666666666667,997.0031585897082,1837.9520532585113,0.8366308375083087,1.1952703093974455,314.549980243687,-6.105821132659912,-6.9948577880859375,482.0,3.4154975414276123
93.0,3.1,1004.3215343847135,1845.7005343061583,0.8348247015973379,1.1978562662156724,319.5825673312899,-5.7362823486328125,-7.8423614501953125,470.0,3.4842333793640137
94.0,3.1333333333333333,1011.6789116445625,1853.3970134006802,0.8343294957520835,1.198567238832396,314.9217733671504,-5.7753143310546875,-7.790191650390625,462.0,3.8284084796905518
95.0,3.1666666666666665,1018.5757786505053,1861.1147327295769,0.8331788450200006,1.2002225044203982,313.5198779375509,-5.3146820068359375,-7.81134033203125,450.0,3.8252906799316406
96.0,3.2,1025.8551529806668,1868.7560360428488,0.831412490866864,1.202772403572335,312.3429153053813,-5.6971435546875,-7.73468017578125,438.0,3.995075225830078
97.0,3.2333333333333334,1032.7032528967661,1876.4119877936207,0.8302570420941324,1.2044462730213406,317.0531777970181,-5.265838623046875,-7.749267578125,429.0,3.692389488220215
98.0,3.2666666666666666,1039.5625222464587,1884.8456495053301,0.8291328914026106,1.2060792791712078,317.1470433920822,-5.2758026123046875,-8.526123046875,420.0,4.088116645812988
99.0,3.3,1046.4095235297455,1892.5107565295393,0.8280261266626823,1.2076913611777562,303.9652632276559,-5.264404296875,-7.7579345703125,407.0,3.8226332664489746
100.0,3.3333333333333335,1052.9033143638133,1900.0990813271862,0.8275913654871826,1.2083258014797251,308.66552971802093,-4.911285400390625,-7.680999755859375,399.0,3.133786916732788
101.0,3.3666666666666667,1059.3341779517873,1908.5230994842082,0.8258593505912079,1.21085993551339,308.27173744660234,-4.8471832275390625,-8.515960693359375,384.0,4.2521257400512695
102.0,3.4,1065.8146020866363,1916.088475063105,0.8253575011735644,1.2115961853840473,307.09788669006895,-4.897735595703125,-7.657752990722656,374.0,3.2220449447631836
103.0,3.433333333333333,1072.1736272957041,1924.4698906810643,0.8236174198529204,1.2141559611240103,316.31356152885706,-4.7751007080078125,-8.472900390625,362.0,4.155506134033203
104.0,3.466666666666667,1078.6426988914907,1932.8254273927737,0.8231966081686112,1.2147766281796621,308.22506928748766,-4.885101318359375,-8.446914672851562,354.0,3.5593466758728027
105.0,3.5,1084.6215971474335,1940.818659416983,0.8225358808151815,1.2157524350292672,297.9750302981179,-4.395416259765625,-8.084735870361328,346.0,3.6145834922790527
106.0,3.533333333333333,1090.5828562432202,1948.7015398786925,0.821012907361085,1.2180076476680721,301.95448020466665,-4.377861022949219,-7.9742431640625,338.0,4.17045783996582
107.0,3.566666666666667,1096.572069440569,1957.0178920200892,0.8199029368651002,1.2196565654753002,302.7684630195881,-4.404937744140625,-8.406982421875,327.0,4.478883266448975
108.0,3.6,1102.0865511926058,1965.2871250208611,0.8181472324079474,1.2222738895746537,299.2699253614357,-3.930450439453125,-8.359756469726562,315.0,4.743764400482178
109.0,3.6333333333333333,1107.6827590188611,1973.5891949356956,0.8177999254060462,1.222792970424263,303.0377663473868,-4.0119781494140625,-8.392333984375,305.0,2.809382200241089
110.0,3.6666666666666665,1113.6686152826164,1981.83999531928,0.8167004892828221,1.2244390852246712,301.4576401352068,-4.401519775390625,-8.340972900390625,295.0,4.444019317626953
111.0,3.7,1119.1699744760592,1990.0798093747392,0.8149003832704069,1.2271438577396911,304.72742298813,-3.916961669921875,-8.329795837402344,292.0,4.438881874084473
112.0,3.7333333333333334,1124.7609943140333,1998.859540422386,0.8150995278466828,1.2268440427658993,304.6979264281066,-4.005816459655762,-8.868827819824219,282.0,2.2468466758728027
113.0,3.7666666666666666,1129.8847289957573,2007.337269516908,0.8135466464741975,1.2291858178432256,293.6833098692162,-3.539031982421875,-8.566909790039062,269.0,4.297618865966797
114.0,3.8,1135.0290935602939,2015.52984236143,0.8124488066373512,1.230846782997818,300.70145209775404,-3.559906005859375,-8.281837463378906,264.0,4.341482639312744
115.0,3.8333333333333335,1140.6128502146744,2024.2718536825141,0.8124991693887698,1.2307704889745108,299.4738191984397,-3.9982147216796875,-8.830581665039062,257.0,2.500779390335083
116.0,3.8666666666666667,1145.7383549159294,2032.379465589536,0.8113858414441883,1.2324592677388808,288.6973688026594,-3.54107666015625,-8.196426391601562,253.0,4.413123607635498
117.0,3.9,1150.8752121562475,2040.5540940981205,0.810318193877648,1.23408311396127,295.71784699271285,-3.552093505859375,-8.263442993164062,246.0,4.352147102355957
118.0,3.933333333333333,1155.5551602168778,2049.4760370598297,0.8086472510802619,1.2366331532866923,292.0351912887949,-3.09423828125,-9.009353637695312,241.0,3.5181405544281006
119.0,3.966666666666667,1160.2990120861018,2057.5903628340393,0.8082024694887888,1.2373137150057567,291.8297544091469,-3.159149169921875,-8.2025146484375,233.0,3.434807300567627
120.0,4.0,1165.416948427982,2066.2466807957485,0.8075006907445972,1.2383890335473262,299.032742266572,-3.5324554443359375,-8.743770599365234,226.0,4.934027671813965
121.0,4.033333333333333,1170.1557954143937,2074.9186237574577,0.8075435271493239,1.2383233428048872,288.452416231871,-3.1531143188476562,-8.759033203125,215.0,3.5486819744110107
122.0,4.066666666666666,1174.4584241390864,2083.2187405472923,0.8060519710520964,1.2406147939750753,289.9382709469547,-2.7176589965820312,-8.387374877929688,210.0,4.036953926086426
123.0,4.1,1179.0426080395605,2092.0837987433765,0.8044434911982963,1.2430953956882707,288.81010879161664,-2.998199462890625,-8.951217651367188,208.0,3.390164375305176
124.0,4.133333333333334,1183.7659520962845,2100.073612798836,0.8041502377531378,1.24354872143554,286.84110416583036,-3.1383819580078125,-8.077278137207031,202.0,2.9174461364746094
125.0,4.166666666666667,1188.0786516217586,2108.9369620105454,0.8030870782620994,1.2451949820485535,291.5084141958119,-2.7267379760742188,-8.949134826660156,196.0,3.791206121444702
126.0,4.2,1192.343804760514,2117.5119811441295,0.8022963992627509,1.246422146377478,288.7030170675792,-2.6794891357421875,-8.660964965820312,189.0,4.745606422424316
127.0,4.233333333333333,1196.3013407117694,2126.338953402714,0.8020904359735124,1.246742206552159,288.1908973621105,-2.371490478515625,-8.912345886230469,184.0,4.067141532897949
128.0,4.266666666666667,1200.5112570341184,2134.9022537862984,0.8012431770059744,1.2480605497780652,289.6243325274664,-2.6241302490234375,-8.64874267578125,177.0,4.641652584075928
129.0,4.3,1204.7294741377175,2143.7106713573826,0.8002306158135286,1.2496397666357495,287.807222573072,-2.6319503784179688,-8.893196105957031,172.0,3.882192611694336
130.0,4.333333333333333,1208.6798689756915,2152.263717834717,0.800232332922146,1.2496370852054652,278.1401095466979,-2.3647308349609375,-8.63812255859375,169.0,4.89335298538208
131.0,4.366666666666666,1212.8543238722593,2160.3785318901764,0.7988634128370219,1.2517784441381252,282.67475862490505,-2.5890960693359375,-8.200164794921875,160.0,4.145549774169922
132.0,4.4,1216.6097113860146,2169.359068601886,0.7972503742391241,1.2543111076672433,290.372635742143,-2.1689300537109375,-9.064300537109375,497.0,5.549674034118652
133.0,4.433333333333334,1220.2546252669574,2178.2663631260953,0.7983139629701878,1.2526399967744821,284.4441595752136,-2.058624267578125,-8.99090576171875,489.0,3.825467586517334
134.0,4.466666666666667,1223.9608184447752,2186.8391849940544,0.7962842531301013,1.2558329466759084,291.9013997452066,-2.1201629638671875,-8.656784057617188,480.0,4.213789939880371
135.0,4.5,1227.9090160171245,2196.157856471389,0.796325450354463,1.2557679772194605,289.72215736654755,-2.3609848022460938,-9.401115417480469,470.0,5.156604290008545
136.0,4.533333333333333,1231.3550773590048,2204.6825826362233,0.7958121671363096,1.256577922901644,284.44836887434207,-1.8601837158203125,-8.608171463012695,461.0,4.210742473602295
137.0,4.566666666666666,1235.3007724899476,2213.6211271604325,0.795305997838882,1.25737766685696,288.2396000435126,-2.358917236328125,-9.02130126953125,453.0,4.279265880584717
138.0,4.6,1238.4319534607341,2222.547952934642,0.7947650715766619,1.2582334525801333,285.1500921823989,-1.5447921752929688,-9.008942604064941,448.0,4.331490993499756
139.0,4.633333333333334,1241.874963044802,2231.4581771463513,0.7937593232311292,1.2598277219968061,286.1211167116522,-1.8565216064453125,-8.992279052734375,441.0,3.684027671813965
140.0,4.666666666666667,1245.2818398163697,2240.350334951811,0.7927222971473079,1.2614758076045067,279.9651498383348,-1.8202972412109375,-8.97381591796875,433.0,3.823908805847168
141.0,4.7,1248.684444127,2248.835998616645,0.7922449310951525,1.2622359080513892,278.5047979129791,-1.816497802734375,-8.567985534667969,427.0,4.565546989440918
142.0,4.733333333333333,1251.8191041016928,2257.7284005627293,0.7918397708165463,1.2628817556976186,289.829808725171,-1.5481224060058594,-8.973526000976562,414.0,4.376488208770752
143.0,4.766666666666667,1255.2643109513856,2267.003126727564,0.7911374273747309,1.264002896839741,288.85810939271875,-1.857879638671875,-9.35494613647461,409.0,4.183319091796875
144.0,4.8,1258.4061730745161,2275.823995470523,0.7907262317170779,1.2646602071471436,275.8349963748825,-1.55535888671875,-8.901641845703125,403.0,4.783446788787842
145.0,4.833333333333333,1261.542542033584,2284.2871981978574,0.7907165698710659,1.264675660158557,283.5617053944186,-1.5503997802734375,-8.544479370117188,395.0,5.28961181640625
146.0,4.866666666666666,1264.9682176332767,2293.552647018942,0.7900943545908049,1.2656716178131746,288.4965863723229,-1.8381195068359375,-9.345085144042969,392.0,4.1708831787109375
147.0,4.9,1268.0953092485945,2302.369609511901,0.789711109369568,1.2662858457168054,279.04591473113834,-1.5404796600341797,-8.896934509277344,382.0,4.42226505279541
148.0,4.933333333333334,1270.9370004732873,2311.172167707986,0.7880570537513267,1.268943657365641,280.1436315765648,-1.25531005859375,-8.882080078125,377.0,3.253046989440918
149.0,4.966666666666667,1274.06873076048,2320.064813794695,0.7884099063692926,1.2683757420110322,281.43179612855045,-1.5447578430175781,-8.97216796875,367.0,4.332624912261963
150.0,5.0,1277.2061983523604,2328.8558973814042,0.7876484805336295,1.2696018905825897,279.6780766624872,-1.5508415699005127,-8.870262145996094,360.0,4.426516532897949
151.0,5.033333333333333,1280.3384169208032,2337.624275889989,0.7873144959624994,1.2701404649961265,280.3612538185839,-1.5452957153320312,-8.847564697265625,350.0,4.43569278717041
152.0,5.066666666666666,1283.758721426746,2346.360427836073,0.7863126386117743,1.2717587774825652,282.2451835221876,-1.8334197998046875,-8.815109252929688,346.0,3.660430908203125
153.0,5.1,1286.8922827686265,2355.2623512665323,0.7866995798745189,1.2711332579578893,281.97881941925215,-1.5464897155761719,-8.980255126953125,341.0,4.167020797729492
154.0,5.133333333333334,1290.2904925480068,2363.987761025117,0.7857229351886768,1.2727132621626587,279.05478417175584,-1.8112640380859375,-8.804153442382812,330.0,3.76491641998291
155.0,5.166666666666667,1293.421368343012,2372.682653205576,0.7854449360651463,1.2731637242576328,277.48899192693307,-1.5441169738769531,-8.773090362548828,324.0,4.723958492279053
156.0,5.2,1297.3264140598924,2381.0967836672858,0.7854919394962168,1.2730875387993925,283.17869074998225,-2.317890167236328,-8.492956161499023,310.0,4.988378524780273
157.0,5.233333333333333,1301.9776755970852,2389.510914128995,0.7855238700324116,1.2730357894264102,294.8071826923595,-3.0635833740234375,-8.493309020996094,307.0,3.4895124435424805
158.0,5.266666666666667,1307.476105103028,2397.926997715704,0.7855311740883244,1.2730239524364961,281.304746854133,-3.90985107421875,-8.495061874389648,298.0,3.5179989337921143
159.0,5.3,1316.2114730855333,2401.721499271164,0.7848274966715603,1.2741653474693262,253.58207153206897,-7.1511993408203125,-3.885833740234375,291.0,3.272108793258667
160.0,5.333333333333333,1324.2261379430386,2395.639780123498,0.7838361016071491,1.2757769104403793,295.4191454412308,-6.44622802734375,5.967018127441406,286.0,3.850977897644043
161.0,5.366666666666666,1330.1689033864814,2387.826615663332,0.7845065375160665,1.2746866369861454,295.10331033301605,-4.378959655761719,7.695220947265625,284.0,4.377161026000977
162.0,5.4,1335.0519764471119,2379.212669953167,0.7837558954878094,1.2759074678189186,290.7419506365406,-3.3215484619140625,8.494571685791016,281.0,4.740008354187012
163.0,5.433333333333334,1339.6839508749297,2370.940032836751,0.7834808346724375,1.2763554074913475,288.80870682821075,-3.070028305053711,8.154472351074219,278.0,2.7574405670166016
164.0,5.466666666666667,1344.32434815431,2362.3385382984607,0.783491108473742,1.2763386708344682,297.56719691583453,-3.079254150390625,8.483001708984375,277.0,3.61855149269104
165.0,5.5,1348.9682854727528,2353.40891876017,0.7838314559544299,1.275784471780803,296.77747864761164,-3.083402633666992,8.81048583984375,276.0,2.8629889488220215
166.0,5.533333333333333,1353.3385411505706,2344.726125393754,0.7818138996689332,1.279076773159776,290.4269893612257,-2.8094024658203125,8.564727783203125,276.0,4.522817611694336
167.0,5.566666666666666,1357.7346757346384,2336.1453828085887,0.7825886669423531,1.277810479810669,290.8271680629565,-2.8353271484375,8.462921142578125,271.0,4.150651931762695
168.0,5.6,1362.3675046546437,2327.568302332798,0.7825672564653033,1.2778454397859629,292.41301910859664,-3.0720062255859375,8.459724426269531,266.0,3.8081419467926025
169.0,5.633333333333334,1366.9821450980864,2318.984141778882,0.7825737867153701,1.2778347767016505,294.3964619577836,-3.0538482666015625,8.46685791015625,265.0,3.474418878555298
170.0,5.666666666666667,1371.8901205024667,2310.4068171624667,0.7818430456351645,1.279029091046792,294.3628098283577,-3.3471527099609375,8.4603271484375,261.0,4.599135398864746
171.0,5.7,1376.5124513755973,2301.829492546051,0.7818639230968628,1.2789949381973376,288.6443772506182,-3.061767578125,8.460647583007812,259.0,3.4304847717285156
172.0,5.733333333333333,1381.38832228779,2293.6713573827606,0.7808740346916292,1.28061627813621,292.90468172681244,-3.3145599365234375,8.04241943359375,257.0,3.7174744606018066
173.0,5.766666666666667,1386.5638758171704,2285.0881733913448,0.7816021646387382,1.2794232734273538,302.3207872487468,-3.6149063110351562,8.466865539550781,254.0,4.7307610511779785
174.0,5.8,1391.9830816903007,2276.525985493679,0.7815944311769213,1.279435932641184,293.5780920025473,-3.858379364013672,8.446258544921875,253.0,3.9505386352539062
175.0,5.833333333333333,1396.791203579056,2268.4010534553886,0.7806278046011838,1.2810202174529148,290.4378674135843,-3.2472381591796875,8.009979248046875,249.0,3.5322420597076416
176.0,5.866666666666666,1402.3892424599987,2260.197508135848,0.7803824104284278,1.2814230390597896,300.3091124773803,-4.036735534667969,8.088653564453125,246.0,2.792375326156616
177.0,5.9,1408.3676524346915,2252.066716722557,0.7807570375378118,1.2808081796529056,293.74257408646315,-4.41693115234375,8.016220092773438,240.0,3.6263108253479004
178.0,5.933333333333334,1413.7900321359468,2244.2755249186416,0.7806601480328931,1.2809671436665486,296.53239064731014,-3.8609771728515625,7.677490234375,237.0,3.7951388359069824
179.0,5.966666666666667,1419.9362887903271,2236.036335067851,0.7810298831269795,1.280360741123423,303.4978595761241,-4.585235595703125,8.124755859375,232.0,4.339923858642578
180.0,6.0,1426.1141616556451,2228.2287858420605,0.781048783648529,1.280329757801657,294.3449048680862,-4.6162109375,7.694427490234375,229.0,4.953798294067383
181.0,6.033333333333333,1432.4903987787752,2220.9546838818947,0.7800614635470522,1.2819502651148225,299.19726061980106,-4.8137359619140625,7.161865234375,227.0,3.5364229679107666
182.0,6.066666666666666,1439.1912208628432,2213.167154187354,0.7808119904607295,1.2807180373983953,302.3729064576185,-5.139291763305664,7.674560546875,219.0,3.983914375305176
183.0,6.1,1446.138869118786,2206.1198588678135,0.7808419622344646,1.280668878422454,303.8424894012498,-5.384809494018555,6.9356689453125,216.0,4.1061506271362305
184.0,6.133333333333334,1453.2602234294163,2198.5940479232727,0.780330840101373,1.2815077254541032,304.25835382347407,-5.559501647949219,7.41351318359375,212.0,4.522747039794922
185.0,6.166666666666667,1460.7901470759841,2192.092162759982,0.7807612560651597,1.2808012593244553,306.9043845902441,-5.966339111328125,6.3916015625,209.0,3.9273667335510254
186.0,6.2,1469.284182050677,2185.8717717373165,0.7807549270335239,1.2808116418803748,314.30674848679917,-6.929630279541016,6.1102142333984375,202.0,2.510274887084961
187.0,6.233333333333333,1477.7603947597447,2179.8010389177757,0.781008923905934,1.2803951009917547,306.0012110130976,-6.911872863769531,5.961273193359375,197.0,2.5707907676696777
188.0,6.266666666666667,1486.454258836,2174.8557943794854,0.780057871459843,1.2819561683654896,310.4659803609226,-7.1275200843811035,4.8376312255859375,188.0,3.250070810317993
189.0,6.3,1496.1847440060053,2170.3702666380696,0.7811521794822633,1.2801602892061132,318.5988520953557,-8.16326904296875,4.37835693359375,183.0,3.9549319744110107
190.0,6.333333333333333,1506.194403980698,2167.0160865529037,0.7808362678591557,1.2806782179082596,311.57830540444104,-8.440521240234375,3.248748779296875,175.0,4.750921249389648
191.0,6.366666666666666,1516.2041860257036,2164.8301193583634,0.7812203280561737,1.2800486163592186,315.62124312708005,-8.438720703125,2.082672119140625,167.0,4.28961181640625
192.0,6.4,1526.9778840863337,2163.7315545075726,0.7808446002341629,1.2806645518200623,312.6222317711542,-9.200523376464844,0.9967041015625,163.0,3.470592498779297
193.0,6.433333333333334,1537.0111036313392,2163.630304109907,0.7808454379895333,1.2806631778175341,311.6318623485498,-8.458656311035156,0.001007080078125,497.0,6.450538635253906
194.0,6.466666666666667,1547.7454950513445,2164.3024912122414,0.7808429712627407,1.2806672235044254,324.15268506375975,-9.15826416015625,-0.77142333984375,487.0,3.754960298538208
195.0,6.5,1558.5168737760373,2165.7520220645756,0.7808446467699861,1.2806644754965844,317.525770555214,-9.193796157836914,-1.5474700927734375,474.0,3.9265871047973633
196.0,6.533333333333333,1568.5991655866676,2167.9391017450353,0.7808519073169622,1.2806525675733307,309.37403701550846,-8.50360107421875,-2.28375244140625,467.0,4.204152584075928
197.0,6.566666666666666,1578.5875853269854,2170.5011814254945,0.7814100437844514,1.2797378379690314,313.62646850509003,-8.408905029296875,-2.65802001953125,463.0,3.9419643878936768
198.0,6.6,1588.646927918866,2173.8762493872036,0.780852207007813,1.2806520760592461,317.2830354320996,-8.47833251953125,-3.4700164794921875,452.0,4.264491081237793
199.0,6.633333333333334,1598.636690432621,2177.2427724270383,0.7814841599651303,1.2796164672673849,312.41998174711654,-8.40869140625,-3.461273193359375,435.0,4.253684997558594
200.0,6.666666666666667,1608.2131228682515,2181.0155454668725,0.7818186981410035,1.2790689227282293,304.23618371910027,-7.994781494140625,-3.8667211532592773,427.0,2.7822420597076416
201.0,6.7,1617.4765670226318,2184.7551153817067,0.7818449805555442,1.2790259256885483,312.2953220937809,-7.6819000244140625,-3.83349609375,414.0,4.1384992599487305
202.0,6.733333333333333,1627.5013637160746,2188.8528395934163,0.7824796942431528,1.2779884351724193,314.8813952183377,-8.442306518554688,-4.1914215087890625,398.0,4.484091758728027
203.0,6.766666666666667,1636.7673713470174,2193.0335716176255,0.7817919959330389,1.2791126094947265,304.7859883488486,-7.68328857421875,-4.2738037109375,387.0,4.0478315353393555
204.0,6.8,1646.0513233138977,2197.14521184496,0.7825319790682276,1.2779030464553216,314.71819746354095,-7.7015533447265625,-4.205078125,384.0,4.726438522338867
205.0,6.833333333333333,1656.075753796403,2201.2431801972944,0.7818090196883425,1.2790847570403272,311.2570843039692,-8.44158935546875,-4.19146728515625,379.0,5.108489036560059
206.0,6.866666666666666,1664.9070690445333,2205.8079454246285,0.7835606929725205,1.2762253249411912,311.91223120957625,-7.24798583984375,-4.6571044921875,378.0,3.8028628826141357
207.0,6.9,1674.970928237976,2209.924712605088,0.7827691560080743,1.27751584528413,317.3871453145127,-8.480987548828125,-4.210174560546875,371.0,4.69444465637207
208.0,6.933333333333334,1684.2300999314189,2214.4294192386724,0.7829183640626713,1.2772723771746293,306.6266405254512,-7.6757354736328125,-4.5972137451171875,360.0,4.897675514221191
209.0,6.966666666666667,1693.5061173279869,2218.5452098566316,0.783517363331746,1.2762959020431994,309.62230554530714,-7.6932525634765625,-4.209014892578125,358.0,4.2379889488220215
210.0,7.0,1703.162627888617,2222.653187974591,0.7845401212349027,1.2746320716217208,310.1495205373084,-8.07342529296875,-4.2012939453125,347.0,3.392219305038452
211.0,7.033333333333333,1712.454758566435,2226.8200039831754,0.7837749975419345,1.2758763715813692,315.71542737716334,-7.709320068359375,-4.259857177734375,345.0,4.256590366363525
212.0,7.066666666666666,1722.5114156114403,2230.93750358551,0.784594780970655,1.274543272850806,311.35128896431087,-8.47341537475586,-4.2106781005859375,342.0,4.767290115356445
213.0,7.1,1731.491534570508,2235.0930891253442,0.7855904183211466,1.2729279490667151,311.9375193545776,-7.397125244140625,-4.248504638671875,335.0,4.324333667755127
214.0,7.133333333333334,1741.5601545061384,2239.2809012276784,0.784714747029019,1.2743484225141237,315.8962930372327,-8.4852294921875,-4.2808990478515625,328.0,4.701637268066406
215.0,7.166666666666667,1750.8544824495812,2243.374963330013,0.7854097885150946,1.2732206990832293,308.99481020983364,-7.7112884521484375,-4.18701171875,325.0,4.169501304626465
216.0,7.2,1760.5990057055242,2247.1465156667223,0.7858210033186899,1.2725544313231467,318.41403765548546,-8.161964416503906,-3.8653564453125,320.0,3.439767599105835
217.0,7.233333333333333,1770.6869127505292,2250.9437027690565,0.7858132281141177,1.2725670225734322,312.1691750913704,-8.50532341003418,-3.8908157348632812,316.0,4.320011138916016
218.0,7.266666666666667,1779.9900297564723,2254.702803933891,0.785803064242442,1.2725834824327846,307.78557967866004,-7.72052001953125,-3.8526153564453125,313.0,3.938279390335083
219.0,7.3,1789.77630105929,2258.4687410362253,0.787513851224294,1.2698189351785603,319.0560558367469,-8.20361328125,-3.859649658203125,305.0,4.027777671813965
220.0,7.333333333333333,1799.8683584949204,2262.27129923231,0.7875013653217208,1.269839068268112,317.1985249713954,-8.509231567382812,-3.8961181640625,301.0,4.374220371246338
221.0,7.366666666666666,1809.6643954227382,2265.654912115894,0.7885413400261096,1.268164329807856,315.27535919078406,-8.214248657226562,-3.4779205322265625,296.0,4.315794944763184
222.0,7.4,1819.770490944306,2269.0297359369783,0.7878474213006104,1.2692813011295507,327.0681503860666,-8.5240478515625,-3.46923828125,293.0,4.916879177093506
223.0,7.433333333333334,1830.3864741611862,2272.439716008063,0.7887655708184607,1.2678038152227569,321.8613106345571,-9.033805847167969,-3.5046539306640625,284.0,3.57621169090271
224.0,7.466666666666667,1840.254044292129,2275.420741001022,0.7892003571381295,1.267105356650232,313.0188227763738,-8.2864990234375,-3.07574462890625,277.0,3.684807300567627
225.0,7.5,1850.3788165715093,2278.4210531033564,0.7891719449739355,1.2671509756128339,316.9901391780895,-8.543533325195312,-3.095672607421875,269.0,4.368480682373047
226.0,7.533333333333333,1860.4979736165146,2281.484841768191,0.7907368155856862,1.264643279900046,315.41987494978093,-8.537689208984375,-3.15863037109375,265.0,4.748157501220703
227.0,7.566666666666666,1870.6239665990202,2284.105271058025,0.7900275794644529,1.2657785955749596,322.3933860372515,-8.545692443847656,-2.7160491943359375,256.0,4.906072616577148
228.0,7.6,1881.3213707143377,2286.807487457235,0.7910872773695325,1.2640830267491208,322.76215679747156,-9.116645812988281,-2.7978363037109375,246.0,3.577026605606079
229.0,7.633333333333334,1891.4456547124682,2289.532897215819,0.7918916986127188,1.262798943027004,322.86352720777677,-8.543670654296875,-2.820953369140625,238.0,4.5432963371276855
230.0,7.666666666666667,1902.159172109036,2292.1999573650282,0.7929456840671603,1.261120427405344,321.3449568729957,-9.132957458496094,-2.76312255859375,238.0,3.3009848594665527
231.0,7.7,1912.2959072790413,2294.453443295488,0.7928951123941275,1.2612008629748321,319.04063567870594,-8.55712890625,-2.349761962890625,227.0,5.075113296508789
232.0,7.733333333333333,1923.0183358084216,2296.357075710322,0.7938468389364449,1.2596888353674727,327.3263354495996,-9.143577575683594,-2.0008544921875,225.0,3.061720609664917
233.0,7.766666666666667,1933.7801930487394,2298.2763331251563,0.7949281260798766,1.2579753655609327,318.7754222087267,-9.183074951171875,-2.0165863037109375,220.0,3.5272109508514404
234.0,7.8,1943.9402436484322,2300.086459680616,0.7942454073636912,1.2590566980037847,319.1788550576071,-8.581436157226562,-1.907318115234375,217.0,4.46038818359375
235.0,7.833333333333333,1954.7298108496875,2302.003519829825,0.7952117260458318,1.2575267280985307,330.3817446460298,-9.210807800292969,-2.014190673828125,212.0,3.4114229679107666
236.0,7.866666666666666,1965.706389769693,2303.4562245102848,0.7952699311735231,1.2574346907902973,329.8858578197804,-9.398818969726562,-1.5509071350097656,208.0,5.189908981323242
237.0,7.9,1976.498886658448,2305.129632315744,0.7972335025806583,1.254337652347754,327.58634134654005,-9.214424133300781,-1.7710952758789062,196.0,3.811366081237793
238.0,7.933333333333334,1987.3616960472036,2306.283508871203,0.7983508601076569,1.2525821038949603,329.4445370945699,-9.28586196899414,-1.252655029296875,193.0,4.18608283996582
239.0,7.966666666666667,1998.357562076584,2307.267463551663,0.7974366490297052,1.2540181106759605,329.0034871287812,-9.419466018676758,-1.0830001831054688,188.0,4.342226505279541
240.0,8.0,2009.2113382622142,2308.200392841497,0.7992677305075393,1.251145219343454,316.902226663636,-9.277519226074219,-1.0318145751953125,179.0,4.731363296508789
241.0,8.033333333333333,2019.399709174407,2309.157003771956,0.7985467457009122,1.25227484224767,329.01833331822763,-8.612228393554688,-1.0556488037109375,173.0,4.649730682373047
242.0,8.066666666666666,2031.0664736412873,2310.065274858666,0.8003680009483561,1.2494252628979419,337.92999752845674,-10.090579986572266,-1.0076675415039062,160.0,3.5417728424072266
243.0,8.1,2041.8880232644176,2310.504795945375,0.8014488201635039,1.2477403108485325,324.9363807777678,-9.24664306640625,-0.53948974609375,489.0,6.0775227546691895
244.0,8.133333333333333,2052.7101832391104,2310.9655572664597,0.8025846014008802,1.2459745654907146,327.9793390250476,-9.247421264648438,-0.5608367919921875,462.0,3.537343978881836
245.0,8.166666666666666,2063.7503607919284,2310.864062728169,0.8026243067500372,1.2459129278668009,328.49343331091643,-9.466911315917969,0.000457763671875,445.0,3.4053287506103516
246.0,8.2,2074.607432875996,2311.283808424253,0.8036506690426258,1.2443217414243946,326.04164435707344,-9.282474517822266,-0.5198516845703125,424.0,4.120287895202637
247.0,8.233333333333333,2085.4841582803765,2311.1810931828377,0.8039055040259333,1.2439272961710446,328.8813094333807,-9.303497314453125,0.00157928466796875,416.0,3.303287982940674
248.0,8.266666666666667,2096.5290965753816,2310.877938488297,0.8047736552091774,1.242585407123049,329.59354717305854,-9.472402572631836,0.20166015625,397.0,4.211593151092529
249.0,8.3,2107.453185261012,2310.768387309381,0.8049300316971467,1.2423440058405573,327.4944650877774,-9.35113525390625,0.008575439453125,377.0,3.0676021575927734
250.0,8.333333333333334,2118.357010274767,2310.4083478492157,0.8059738316797901,1.2407350719015597,337.3963563840547,-9.3316650390625,0.258514404296875,365.0,3.714498281478882
251.0,8.366666666666667,2129.9244095072727,2309.77682401405,0.8080513601758662,1.2375450983491416,330.6587662786103,-9.995925903320312,0.529205322265625,341.0,2.9651360511779785
252.0,8.4,2140.3644894038407,2309.1413939288846,0.8070176245224983,1.2391303109293144,321.3392226914196,-8.868972778320312,0.533477783203125,329.0,3.694444417953491
253.0,8.433333333333334,2151.3109169566583,2308.5335517343437,0.8089747024471863,1.2361325971936492,338.8122135981206,-9.375091552734375,0.5058135986328125,309.0,3.6984126567840576
254.0,8.466666666666667,2162.8994343532263,2307.601734930428,0.8094446414078607,1.2354149361724205,339.4737141262946,-10.018341064453125,0.829193115234375,289.0,2.907809019088745
255.0,8.5,2173.8940796794814,2307.0539513296376,0.8113032957498919,1.2325846637609117,332.81250475150654,-9.423416137695312,0.4459075927734375,277.0,3.675736904144287
256.0,8.533333333333333,2185.024711333862,2305.941226322597,0.8118775887637224,1.2317127776894776,324.92083619137105,-9.56103515625,1.009765625,263.0,3.5893566608428955
257.0,8.566666666666666,2195.398751191367,2304.453013034306,0.8112264303811633,1.2327014536867833,332.8591716962222,-8.805608749389648,1.3848800659179688,260.0,3.5782313346862793
258.0,8.6,2207.0633183926225,2303.3483446678906,0.8124687121428902,1.230816627218167,342.4593733454207,-10.09527587890625,1.0015411376953125,241.0,2.800311803817749
259.0,8.633333333333333,2218.1214402813775,2302.23561966085,0.8138967248348451,1.2286571127349342,335.37233733654267,-9.488956451416016,1.009918212890625,230.0,3.5638818740844727
260.0,8.666666666666666,2229.287472326383,2300.9041446538095,0.8157696771025171,1.225836198707262,336.5040225380557,-9.597553253173828,1.2281875610351562,214.0,3.7539682388305664
261.0,8.7,2240.350354957326,2299.2120739436436,0.8161757819260564,1.2252262590298195,335.120065722573,-9.495611190795898,1.588348388671875,200.0,4.132227897644043
262.0,8.733333333333333,2251.4230032132687,2297.878645811603,0.818027319765237,1.222453059742536,335.35414589387517,-9.504493713378906,1.23004150390625,188.0,3.687464714050293
263.0,8.766666666666667,2262.5005342817117,2296.1785184608125,0.8184615605421233,1.221804478316161,335.8675474590667,-9.510494232177734,1.5964183807373047,174.0,4.123405456542969
264.0,8.8,2273.6056532407792,2294.8299536100217,0.8202356435074183,1.2191618444230117,327.82264488677475,-9.537406921386719,1.2452392578125,161.0,3.86784291267395
265.0,8.833333333333334,2284.0480524732848,2292.526310634231,0.8196100489335437,1.2200924101664874,328.3247659057807,-8.87735366821289,2.199127197265625,489.0,3.351473808288574
266.0,8.866666666666667,2295.072727096415,2290.5564078928155,0.8208811926962067,1.2182030833420274,335.32426298830904,-9.458786010742188,1.865692138671875,457.0,3.1240079402923584
267.0,8.9,2306.062123399233,2288.6372864013997,0.8219854072903783,1.2165666094930265,335.97101749771537,-9.423675537109375,1.8149261474609375,427.0,3.2036564350128174
268.0,8.933333333333334,2317.1389220458004,2286.7149910818594,0.8231186419385241,1.2148916924599145,336.97161728057824,-9.511306762695312,1.8184356689453125,411.0,2.784367799758911
269.0,8.966666666666667,2328.162620106431,2284.6081254498185,0.8246093324569427,1.2126954675864228,337.22533993836635,-9.458595275878906,2.00244140625,396.0,2.70967960357666
270.0,9.0,2339.2478416045615,2282.6379785677777,0.8258150936597449,1.210924827697595,336.6802667778787,-9.520156860351562,1.8658828735351562,366.0,2.653982400894165
271.0,9.033333333333333,2350.144952751129,2280.0726168419874,0.8270683947983107,1.2090898482994994,328.8795455590588,-9.33367919921875,2.4605560302734375,353.0,2.628472328186035
272.0,9.066666666666666,2360.668528741447,2277.9611125380716,0.8278767689372563,1.2079092414728558,331.27160636242786,-8.958881378173828,2.0073814392089844,344.0,1.691149353981018
273.0,9.1,2371.731533442702,2275.4082019841558,0.828576287920409,1.2068894736413909,339.3173373305319,-9.50006103515625,2.4478282928466797,306.0,2.6819727420806885
274.0,9.133333333333333,2382.802228573645,2273.2903500239904,0.8301562766743924,1.2045924702346429,340.71617613686163,-9.506568908691406,2.0138320922851562,300.0,2.491567611694336
275.0,9.166666666666666,2393.9217518295877,2270.5565312669496,0.8314757415530588,1.2026809082032457,340.55677287215934,-9.557273864746094,2.6285171508789062,290.0,2.542694091796875
276.0,9.2,2404.8285065308432,2267.7853589942843,0.8331582973135453,1.200252104821404,331.8498764289882,-9.345199584960938,2.6661376953125,278.0,2.951636791229248
277.0,9.233333333333333,2415.387482911786,2265.2026632841184,0.8331537285839448,1.2002586865927283,335.1535284577012,-8.996454238891602,2.4781494140625,270.0,1.9046555757522583
278.0,9.266666666666667,2426.534105777104,2262.4842253864526,0.8343678121575496,1.198512197413453,342.87400378609334,-9.585006713867188,2.613494873046875,265.0,2.538832187652588
279.0,9.3,2437.5753819627344,2259.7074378794123,0.8362936417563334,1.195752245467107,335.84189349762477,-9.479843139648438,2.6715545654296875,259.0,2.448200225830078
280.0,9.333333333333334,2448.152668890552,2256.6596542786215,0.837080625962536,1.1946280549142176,337.9700693224824,-9.016937255859375,2.9425735473632812,244.0,1.5386196374893188
281.0,9.366666666666667,2459.3538571855574,2253.9316948965807,0.8383934340845942,1.1927574326626937,344.3393532383783,-9.64007568359375,2.6231117248535156,232.0,2.5642361640930176
282.0,9.4,2470.434073800875,2251.1356202801653,0.8398640143035198,1.1906689451735557,343.7107588064279,-9.5196533203125,2.6911849975585938,218.0,2.386018991470337
283.0,9.433333333333334,2481.511604869318,2248.0932077731245,0.8420343067093703,1.187600068111182,336.7183194381845,-9.517684936523438,2.9371490478515625,209.0,2.210388422012329
284.0,9.466666666666667,2492.123925976823,2245.351332375459,0.8426312565277431,1.18675873017188,340.50299595632356,-9.051712036132812,2.63726806640625,203.0,1.8052012920379639
285.0,9.5,2503.291789076516,2241.6961268996683,0.8450419434409245,1.1833732133201602,341.1103951310559,-9.610397338867188,3.54913330078125,189.0,2.3381519317626953
286.0,9.533333333333333,2513.926082840271,2238.8856479863775,0.8458984081372287,1.1821750583526003,341.6545980406726,-9.074039459228516,2.7061233520507812,176.0,1.8546981811523438
287.0,9.566666666666666,2525.1333746509017,2235.235813604337,0.8475108229200049,1.1799259348153344,345.0468021726111,-9.650379180908203,3.5438461303710938,168.0,2.3554067611694336
288.0,9.6,2535.8116137271572,2231.8027760972964,0.8474443444146937,1.1800184951268655,332.8631476110904,-9.120697021484375,3.327728271484375,163.0,2.6814768314361572
289.0,9.633333333333333,2546.3389738971623,2228.6968870277556,0.8490569783665832,1.1777772581573984,342.49388686442205,-8.96835708618164,3.0011367797851562,482.0,2.5199122428894043
290.0,9.666666666666666,2557.618287192168,2225.034357333215,0.8504412012598381,1.1758602458566287,345.1530271707999,-9.723175048828125,3.556629180908203,469.0,2.307468891143799
291.0,9.7,2568.148088768423,2221.3598647480494,0.8515248573324865,1.1743638384587285,340.33908695255894,-8.973381042480469,3.5690536499023438,456.0,1.9143991470336914
292.0,9.733333333333333,2579.2604098759284,2218.221016694134,0.8538812013782756,1.1711231004803357,340.8837277046596,-9.554550170898438,3.0341033935546875,437.0,1.8786139488220215
293.0,9.766666666666667,2589.8180434834335,2214.5140534058432,0.855079887146812,1.1694813724794184,344.2889189318673,-9.001785278320312,3.6016082763671875,421.0,1.805272102355957
294.0,9.8,2600.981389981564,2210.8034280081774,0.8573918400858904,1.1663278716296432,347.0297238705658,-9.607688903808594,3.6051712036132812,404.0,1.910466194152832
295.0,9.833333333333334,2611.724814604694,2207.075224485512,0.8580134756625442,1.1654828605434386,341.7370335279004,-9.18798828125,3.62286376953125,386.0,2.0432257652282715
296.0,9.866666666666667,2622.3205341496996,2202.8233393222213,0.858474772790177,1.1648565941545888,349.0795198362788,-9.04229736328125,4.146202087402344,373.0,1.605583906173706
297.0,9.9,2633.65038455408,2199.2743350183055,0.8617053840700748,1.1604894416195024,348.93739678165275,-9.774642944335938,3.4439239501953125,345.0,1.680413842201233
298.0,9.933333333333334,2644.230479099085,2195.006824855015,0.862047247168003,1.1600292249470077,341.9837831706409,-9.026840209960938,4.161766052246094,328.0,1.6354875564575195
299.0,9.966666666666667,2654.8508568472157,2190.8879963323493,0.8639105647393629,1.1575272265615766,350.549118648033,-9.06732177734375,4.013397216796875,320.0,1.7188208103179932
300.0,10.0,2666.223431860971,2187.103396325309,0.8660297110495304,1.1546947953876925,353.2454958736823,-9.818618774414062,3.6796722412109375,307.0,2.444019317626953
301.0,10.033333333333333,2676.8467392966013,2182.475534599518,0.8668984654386355,1.153537628531869,345.81506400045123,-9.072235107421875,4.521881103515625,295.0,1.7885487079620361
302.0,10.066666666666666,2687.5611111853564,2178.3737959206023,0.8688601099297067,1.1509332613749559,342.09920323075534,-9.161422729492188,3.99652099609375,283.0,1.8363803625106812
303.0,10.1,2698.254975261612,2174.612389272937,0.870160819804396,1.1492128549579959,345.5195685342755,-9.140514373779297,3.6570281982421875,264.0,1.8297548294067383
304.0,10.133333333333333,2709.004259259742,2169.960357625271,0.8713394143023887,1.147658402208994,349.366969918426,-9.198698043823242,4.546295166015625,260.0,1.9503967761993408
305.0,10.166666666666666,2719.7413362266225,2165.6227791026054,0.8722536934682157,1.1464554492441816,357.46002908667555,-9.186080932617188,4.232574462890625,249.0,1.9829223155975342
306.0,10.2,2731.163227646628,2161.192183001815,0.8761011889246384,1.1414206630942254,357.39533090611064,-9.871440887451172,4.325294494628906,232.0,1.7177224159240723
307.0,10.233333333333333,2741.895665941633,2156.854604479149,0.8765358657087132,1.140854629138833,348.72891826321245,-9.181671142578125,4.2324371337890625,229.0,1.8570719957351685
308.0,10.266666666666667,2752.8195104866386,2152.736264237734,0.8784678038349302,1.1383456464022061,351.4428515124829,-9.372613906860352,4.0138092041015625,220.0,1.8228812217712402
309.0,10.3,2763.6181108910187,2148.075199386943,0.879833267770568,1.1365789822132157,353.79248144091116,-9.249507904052734,4.555915832519531,210.0,1.9682185649871826
310.0,10.333333333333334,2774.300500357899,2142.9959216455272,0.8824527531324504,1.133205144921687,355.60439291876924,-9.135032653808594,4.973968505859375,201.0,1.9260203838348389
311.0,10.366666666666667,2785.2282511529042,2138.327288435362,0.8840810907738966,1.131117960146203,356.6797758228666,-9.379108428955078,4.563804626464844,178.0,1.879180908203125
312.0,10.4,2796.1352499947848,2133.579553662696,0.8851598697614428,1.1297394224045736,355.23401204803815,-9.358963012695312,4.642822265625,168.0,2.628755569458008
313.0,10.433333333333334,2806.766369930415,2128.4805005306553,0.8877468859299109,1.1264472067987086,353.30136015223894,-9.084129333496094,4.994110107421875,155.0,1.788477897644043
314.0,10.466666666666667,2817.5747359597954,2123.82700403924,0.8891700565110116,1.12464425975372,346.6174257259433,-9.260612487792969,4.548992156982422,486.0,2.803677558898926
315.0,10.5,2827.897018004801,2119.128097391574,0.8897348102891224,1.1239303986263576,345.4921148830044,-8.774101257324219,4.594612121582031,472.0,2.080357074737549
316.0,10.533333333333333,2838.434876221681,2114.0615149626587,0.8923077266809711,1.1206896120014573,348.4578256812702,-8.991432189941406,4.961891174316406,440.0,1.7658376693725586
317.0,10.566666666666666,2848.988359438561,2109.390928627493,0.8944441956506008,1.1180127333406418,357.34302291235923,-9.006172180175781,4.566555023193359,426.0,1.7292020320892334
318.0,10.6,2859.9146453898165,2103.758672370452,0.8957223221971344,1.1164174155524904,360.87842563488266,-9.382827758789062,5.5272674560546875,401.0,1.8566467761993408
319.0,10.633333333333333,2870.515980169197,2098.649609472787,0.8983581475359077,1.1131417939970647,349.72278334993433,-9.055740356445312,5.004974365234375,388.0,1.5428004264831543
320.0,10.666666666666666,2880.967168464202,2093.740009465746,0.8993485402385363,1.1119159650103705,352.9403803329867,-8.905426025390625,4.805633544921875,380.0,1.4594671726226807
321.0,10.7,2891.5492161342077,2088.102870396205,0.9011624380809787,1.109677853561557,357.9104747753452,-9.03900146484375,5.5327301025390625,355.0,1.6691467761993408
322.0,10.733333333333333,2902.2450333354627,2082.94253796729,0.903977346032934,1.1062224118651394,353.6367960363286,-9.151641845703125,5.056488037109375,343.0,1.642006754875183
323.0,10.766666666666667,2912.4010556148432,2077.102029757124,0.9057834454858482,1.1040166443576538,356.0118573263368,-8.61370849609375,5.736183166503906,340.0,1.7758644819259644
324.0,10.8,2923.2326150035988,2071.8596660782086,0.908130127035486,1.1011637762359183,355.44124210944966,-9.2882080078125,5.1385498046875,329.0,2.435303211212158
325.0,10.833333333333334,2933.377406814229,2066.079460602418,0.9096645695103998,1.0993063086300268,355.16493303606615,-8.602935791015625,5.6764373779296875,323.0,1.675666093826294
326.0,10.866666666666667,2943.8818177654844,2060.273376220377,0.9101310803996956,1.098742831154428,363.62356263390774,-8.963409423828125,5.70245361328125,311.0,1.3912981748580933
327.0,10.9,2954.4667951229894,2054.1257391039617,0.9135228848367911,1.0946633265554795,365.2658228940328,-9.045379638671875,6.0437774658203125,306.0,1.55141019821167
328.0,10.933333333333334,2964.995131855495,2048.140699643796,0.9140473492310475,1.0940352278700454,359.9898129008909,-8.98867416381836,5.8816070556640625,294.0,1.072066307067871
329.0,10.966666666666667,2975.300079916125,2042.2118125273803,0.9156074805360613,1.0921710681246612,363.43443302233885,-8.764572143554688,5.8254852294921875,278.0,1.6145124435424805
330.0,11.0,2985.9590318830055,2035.9933746297147,0.9185589764077454,1.088661725250076,366.29792513408694,-9.120841979980469,6.115020751953125,268.0,1.6115717887878418
331.0,11.033333333333333,2996.4175443967606,2029.948764857049,0.9201961223151799,1.0867248576140882,363.697459478273,-8.919368743896484,5.941551208496094,262.0,1.2776715755462646
332.0,11.066666666666666,3006.797199488641,2023.5972703187583,0.9222230836355968,1.0843363365594691,366.79853311298615,-8.842117309570312,6.2484588623046875,260.0,1.4465703964233398
333.0,11.1,3017.2054190336466,2017.0714593742177,0.9243022227439824,1.081897214345426,378.9184465619712,-8.871498107910156,6.422943115234375,243.0,1.5516581535339355
334.0,11.133333333333333,3028.1331698286517,2010.0729921796772,0.9268692122711205,1.0789008705442769,365.1511529322313,-9.394161224365234,6.895515441894531,238.0,1.5284509658813477
335.0,11.166666666666666,3037.756477264282,2004.0232554538863,0.9275835393033687,1.0780700148592732,357.36769572301415,-8.084503173828125,5.947509765625,233.0,1.2774235010147095
336.0,11.2,3048.1305171217873,1997.1225665796583,0.929997868235791,1.075271281962187,373.1734962334933,-8.839542388916016,6.7982025146484375,226.0,2.2218680381774902
337.0,11.233333333333333,3058.654947604293,1990.5258327835552,0.9319801234423826,1.0729842566881982,374.18518240477886,-8.989269256591797,6.4945068359375,214.0,1.0477607250213623
338.0,11.266666666666667,3068.997249180548,1983.4526585577646,0.9342603539709198,1.070365445509557,377.56545868575324,-8.809200286865234,6.971099853515625,204.0,1.208439588546753
339.0,11.3,3079.4489257568034,1976.3416425350988,0.9379804186518939,1.0661203369652892,379.82974266820906,-8.919158935546875,7.009033203125,198.0,1.3516864776611328
340.0,11.333333333333334,3089.9667644424335,1969.2582144030582,0.9388848981086136,1.065093284612952,368.6081830205358,-8.985343933105469,6.98175048828125,177.0,1.0822703838348389
341.0,11.366666666666667,3099.520491799939,1962.1639220132051,0.9403552410911982,1.063427900757579,368.371293914278,-8.020645141601562,6.992919921875,169.0,1.2790533304214478
342.0,11.4,3110.0156254074445,1955.075733138977,0.9419196958546904,1.0616616303926079,368.25318173309927,-8.96356201171875,6.98699951171875,161.0,1.2453231811523438
343.0,11.433333333333334,3119.5534836243246,1947.9726516866237,0.9442398527478776,1.0590529483476598,362.6907007803501,-8.005073547363281,7.002159118652344,486.0,2.0269274711608887
344.0,11.466666666666667,3129.73025785683,1941.0766014842707,0.9463849498693329,1.056652475441489,369.3321986275604,-8.644416809082031,6.795356750488281,456.0,1.4364371299743652
345.0,11.5,3139.275684433085,1933.2320649537926,0.9478143523774539,1.0550589337370193,364.39598454353273,-8.016334533691406,7.743980407714844,438.0,1.4654195308685303
346.0,11.533333333333333,3148.8452809312157,1926.0843057670645,0.9499419216064926,1.0526959356724164,357.5364610006645,-8.037689208984375,7.047607421875,422.0,1.5181405544281006
347.0,11.566666666666666,3158.418295398096,1919.0298082990862,0.951478953936763,1.050995396022666,366.16133283732114,-8.04132080078125,6.954429626464844,404.0,1.4926657676696777
348.0,11.6,3168.4385754899763,1911.5245051670456,0.9560775489872717,1.0459402598243766,370.8790313441618,-8.491607666015625,7.40545654296875,386.0,2.1622731685638428
349.0,11.633333333333333,3177.9964532381064,1903.9289920740675,0.9564680215999901,1.0455132606808841,371.03683207117007,-8.0286865234375,7.4959564208984375,367.0,1.3441752195358276
350.0,11.666666666666666,3187.515268486237,1895.778425270152,0.9594164615045075,1.0423002315718572,365.6489337790242,-7.992195129394531,8.051300048828125,353.0,1.144628643989563
351.0,11.7,3196.1881364687424,1887.7030537787361,0.9609092364268256,1.0406810155333035,357.2117803649166,-7.144966125488281,7.9764251708984375,346.0,1.1798114776611328
352.0,11.733333333333333,3205.7067075762475,1880.4101529904456,0.9638325347516028,1.0375246362250246,372.5333771298244,-7.989166259765625,7.194091796875,329.0,1.2047194242477417
353.0,11.766666666666667,3215.3541849337525,1871.90851196778,0.9662977817706112,1.0348776731823124,373.29846788354905,-8.123466491699219,8.403213500976562,318.0,1.3143069744110107
354.0,11.8,3224.257033385008,1863.8202010232394,0.967830061392345,1.0332392430148063,369.8574487673338,-7.376197814941406,7.990081787109375,309.0,1.2512755393981934
355.0,11.833333333333334,3233.0712587893886,1854.7597221099486,0.9692558574122193,1.0317193260713051,379.1662517369725,-7.292083740234375,8.962783813476562,293.0,1.3390731811523438
356.0,11.866666666666667,3242.5053572406437,1846.328393587283,0.9729065951831101,1.027847899223862,375.13465434262827,-7.9100341796875,8.333839416503906,280.0,1.2514880895614624
357.0,11.9,3251.402834598149,1837.7478951427424,0.9754639432465537,1.025153217526201,372.80352192207556,-7.3738250732421875,8.483261108398438,275.0,1.3786847591400146
358.0,11.933333333333334,3259.9721869556543,1828.6476213075769,0.977528455838917,1.0229881227772524,366.8923124211304,-7.0476837158203125,9.003646850585938,261.0,1.3864796161651611
359.0,11.966666666666667,3268.25491821941,1820.0201257927235,0.9794633278082293,1.0209672701455053,365.9479430190687,-6.758663177490234,8.531028747558594,246.0,1.4980158805847168
360.0,12.0,3276.6628936237903,1810.8540560591205,0.9825880891010211,1.0177204579336079,371.3684407369375,-6.886859893798828,9.069961547851562,234.0,2.152069091796875
361.0,12.033333333333333,3284.9260936375454,1801.7164287083299,0.9831537273907432,1.0171349323507792,378.26038273298064,-6.741668701171875,9.04193115234375,227.0,1.5026218891143799
362.0,12.066666666666666,3293.4309928700504,1792.0193531153518,0.9874445753018034,1.0127150677741676,376.38853605249375,-6.986724853515625,9.6019287109375,219.0,1.454081654548645
363.0,12.1,3301.450296399431,1782.832897639561,0.988990965285188,1.0111315826951335,371.3045804956103,-6.4979705810546875,9.091552734375,207.0,1.4387046098709106
364.0,12.133333333333333,3309.1204788350615,1772.8730046637704,0.9919673906837273,1.0080976546121503,374.6785882267425,-6.1522369384765625,9.865707397460938,196.0,1.3575326204299927
365.0,12.166666666666666,3316.1895870519415,1762.6665296567298,0.9938049042835801,1.0062337141723865,376.99224767887927,-5.5512542724609375,10.112762451171875,192.0,1.4095450639724731
366.0,12.2,3323.993802690697,1752.6136191028143,0.996955989999367,1.003053304289425,372.70121262895617,-6.287384033203125,9.959426879882812,184.0,1.2754392623901367
367.0,12.233333333333333,3330.458174579452,1742.325234916086,0.9982390558987431,1.0017640504955714,376.59139745544223,-4.946197509765625,10.195632934570312,176.0,1.1217049360275269
368.0,12.266666666666667,3337.1698609213327,1731.2429054168579,1.0012448609516131,0.9987566868004396,382.90542714293974,-5.1978912353515625,10.9903564453125,171.0,1.309665560722351
369.0,12.3,3344.0727093725877,1720.7318649801298,1.0040263725253589,0.9959897741378729,377.0324605551226,-5.3866424560546875,10.419097900390625,169.0,1.2841553688049316
370.0,12.333333333333334,3350.0053429800932,1709.6317132152767,1.007270669893131,0.9927818111750415,379.18509307902104,-4.417762756347656,11.00921630859375,166.0,1.3089923858642578
371.0,12.366666666666667,3356.1340215094733,1698.515814380111,1.0100946177536756,0.9900062651792713,367.13579918515273,-4.6141815185546875,11.02532958984375,149.0,1.3962584733963013
372.0,12.4,3361.089604335729,1687.8097055840078,1.0131107141054772,0.9870589522715163,361.3525579304516,-3.4374771118164062,10.615737915039062,484.0,2.668898820877075
373.0,12.433333333333334,3366.4314176307344,1676.7373858504047,1.0139474239657214,0.9862444307899412,367.5864724776218,-3.8259201049804688,10.982757568359375,469.0,1.0889314413070679
374.0,12.466666666666667,3371.4043344413644,1665.5804713902392,1.0181503834825012,0.9821731801343341,366.3265189866173,-3.4571151733398438,11.067710876464844,452.0,1.479627251625061
375.0,12.5,3375.56255398637,1654.0868870081983,1.0201342249038694,0.9802631610504327,367.1914199236752,-2.6419830322265625,11.40521240234375,448.0,1.8015518188476562
376.0,12.533333333333333,3379.608468843875,1642.5167645402203,1.0224116055646149,0.9780796643517771,364.13783209048705,-2.5303955078125,11.482269287109375,441.0,1.5296201705932617
377.0,12.566666666666666,3382.8990126076305,1630.9461537909922,1.0241643756665941,0.976405764308228,366.8239782333832,-1.773223876953125,11.48333740234375,435.0,1.5751134157180786
378.0,12.6,3385.9039118401356,1618.886041088639,1.027453599867419,0.9732799613812618,363.9692388196587,-1.4892120361328125,11.9736328125,423.0,1.6109694242477417
379.0,12.633333333333333,3388.281857947641,1607.2861334644108,1.0293905304318587,0.9714486100629578,362.5612713674254,-0.8589572906494141,11.513534545898438,414.0,1.7011053562164307
380.0,12.666666666666666,3390.599257180146,1595.1757277933077,1.0323471753770301,0.9686663787642792,363.5439452514427,-0.8007049560546875,12.025054931640625,399.0,1.581986904144287
381.0,12.7,3392.6261290689017,1583.4423973175171,1.0347730400164354,0.9663954909224508,356.12121767871247,-0.5077590942382812,11.6480712890625,392.0,1.733276605606079
382.0,12.733333333333333,3393.6700908014072,1571.633749458914,1.0392241659214667,0.9622562992588927,355.9273612578089,0.4769859313964844,11.723846435546875,388.0,1.6136267185211182
383.0,12.766666666666667,3393.9974997995373,1559.7535683971857,1.0411054861814768,0.9605174627095264,355.6251411923928,1.1946258544921875,11.795867919921875,381.0,1.642148494720459
384.0,12.8,3393.9633365320424,1547.9272203432702,1.0438617087439233,0.957981303101249,357.73198136195657,1.5573577880859375,11.742523193359375,379.0,2.382723808288574
385.0,12.833333333333334,3393.184788498923,1535.918621312792,1.0458833286980627,0.9561295916675724,362.2333131636031,2.3028106689453125,11.925384521484375,377.0,1.5538548231124878
386.0,12.866666666666667,3392.1789455439284,1523.844348454189,1.0506867121821188,0.9517584912853326,355.2535265740688,2.5303878784179688,11.99151611328125,376.0,1.7458901405334473
387.0,12.9,3390.3247139170585,1512.4083812596482,1.0517735204584866,0.9507750295558709,353.23168701325625,3.383575439453125,11.35284423828125,368.0,1.8668508529663086
388.0,12.933333333333334,3387.216087758939,1500.8244648463576,1.0554157181861428,0.947493942688876,360.7658808818381,4.6403961181640625,11.501312255859375,361.0,1.7366780042648315
389.0,12.966666666666667,3384.309121757069,1489.1217740190045,1.0582705944732886,0.9449379064507689,350.816984265743,4.437744140625,11.62060546875,353.0,1.9696003198623657
390.0,13.0,3381.8911694270746,1478.0509191291515,1.0612710813024446,0.9422663234851837,344.6316448983189,3.95068359375,10.988372802734375,341.0,1.7295209169387817
391.0,13.033333333333333,3378.296215143955,1466.9471052549231,1.0622120877605754,0.9414315761631606,349.13945254419826,5.130514144897461,11.02154541015625,336.0,1.6216695308685303
392.0,13.066666666666666,3373.90902453271,1456.1864310291326,1.066170655652599,0.937936149994584,353.5959033211055,5.9263153076171875,10.67822265625,327.0,1.7645975351333618
393.0,13.1,3368.9288163433407,1445.315161100217,1.0688633421520344,0.9355732960086498,345.00241097741605,6.5203704833984375,10.78924560546875,318.0,1.8283729553222656
394.0,13.133333333333333,3364.527221435221,1435.186689022864,1.0716981475972522,0.9330985616071097,342.95937346165795,5.9437713623046875,10.045761108398438,316.0,1.4964215755462646
395.0,13.166666666666666,3358.4618081677263,1424.987782375198,1.0736819485849596,0.9313745111556849,357.6730900075984,7.61151123046875,10.116363525390625,307.0,1.6691467761993408
396.0,13.2,3352.988191775232,1414.319759516595,1.0783669993163805,0.9273280809167376,350.81742532392764,7.016387939453125,10.586578369140625,301.0,2.3908021450042725
397.0,13.233333333333333,3346.775805851487,1404.7287630251794,1.0794877101065425,0.9263653403717794,345.70336368806176,7.76202392578125,9.5079345703125,287.0,1.9834892749786377
398.0,13.266666666666667,3340.287541021492,1395.0882059868889,1.0840197371334976,0.9224924286381784,342.66293244515134,8.038223266601562,9.557830810546875,277.0,1.5791524648666382
399.0,13.3,3333.9240320508725,1385.8425464095355,1.0862873813418357,0.9205667093037119,343.8880722735747,7.915504455566406,9.162490844726562,268.0,1.7630031108856201
400.0,13.333333333333334,3326.963110970878,1376.431969839995,1.0902593982542839,0.91721291428553,347.2593383595545,8.513572692871094,9.3277587890625,256.0,1.836876392364502
401.0,13.366666666666667,3319.989006297133,1367.3556217860794,1.0915159390131706,0.916157029190147,351.8362564012491,8.528457641601562,8.993255615234375,250.0,2.027069091796875
402.0,13.4,3312.1335539671386,1358.2590100602888,1.0954970550302794,0.9128276478774835,347.8149915047408,9.412109375,9.0135498046875,245.0,1.9368622303009033
403.0,13.433333333333334,3304.6821543715187,1349.9381551704355,1.097609273096502,0.9110710199986438,341.74344512452774,9.010665893554688,8.2366943359375,236.0,1.6338932514190674
404.0,13.466666666666667,3296.748088760274,1341.455801257145,1.1006895004593689,0.908521430960006,354.1970824221723,9.493934631347656,8.39849853515625,228.0,2.006093978881836
405.0,13.5,3288.2266208052793,1333.0031104297918,1.1024018224537921,0.9071102565615684,356.2569389877066,10.083114624023438,8.368972778320312,216.0,1.8187713623046875
406.0,13.533333333333333,3279.73762355341,1324.8808639383763,1.1074313961982025,0.9029904727579396,351.19215359559456,10.052139282226562,8.037918090820312,208.0,1.8439271450042725
407.0,13.566666666666666,3271.47470052029,1316.646678970398,1.1092756612544417,0.9014891743582785,352.30422035203094,9.825157165527344,8.150344848632812,200.0,1.8068311214447021
408.0,13.6,3262.2874610809204,1309.1605408774199,1.112597957601268,0.8987972637986626,351.4194661655636,10.755126953125,7.400848388671875,195.0,2.628117799758911
409.0,13.633333333333333,3253.479127891551,1301.6457162610043,1.1148187480115572,0.897006802032749,353.94922284041166,10.3751220703125,7.42974853515625,189.0,2.1648950576782227
410.0,13.666666666666666,3244.091693139681,1294.1367510195887,1.117679483472041,0.89471088517571,367.25264628014514,10.956085205078125,7.4238128662109375,180.0,1.957305908203125
411.0,13.7,3234.6583599503115,1285.986184215673,1.1224906996056563,0.8908759781718559,359.43069525909283,10.99957275390625,8.066879272460938,170.0,1.9530541896820068
412.0,13.733333333333333,3225.2445580109415,1279.3392795211323,1.1227232636777782,0.8906914396021638,337.9112037782807,10.986572265625,6.5603485107421875,158.0,1.8421909809112549
413.0,13.766666666666667,3216.241888884072,1273.0124431859667,1.1269181807907787,0.8873758690256307,341.3393977750358,10.575286865234375,6.2397308349609375,499.0,5.111040115356445
414.0,13.8,3206.365928741577,1266.6337269679887,1.1303913842884465,0.8846493470307856,336.050547253748,11.451347351074219,6.291595458984375,496.0,3.7116992473602295
415.0,13.833333333333334,3197.5939725053327,1260.5960752031353,1.1324928597225088,0.8830077747642726,330.78566860257195,10.34576416015625,5.9500579833984375,492.0,3.6816186904907227
416.0,13.866666666666667,3187.9960885347127,1254.4330572273448,1.1360969176762423,0.8802065954420393,345.74010950481005,11.173171997070312,6.075714111328125,491.0,4.485827445983887
417.0,13.9,3177.9951283922182,1248.4652296812417,1.1382138756888467,0.8785695038156166,348.95145094996343,11.578514099121094,5.8799896240234375,490.0,4.741744518280029
418.0,13.933333333333334,3167.9702424684738,1242.594448033576,1.1430005946661252,0.8748901834929523,351.2516774825831,11.602691650390625,5.7827301025390625,487.0,3.7893991470336914
419.0,13.966666666666667,3157.877241310354,1236.4812347452853,1.1450974426951805,0.8732881261583563,341.92008139842534,11.670066833496094,6.025825500488281,484.0,3.599100112915039
420.0,14.0,3148.359923745984,1230.9741005585572,1.1494275575342259,0.8699982817057381,340.38097349098774,11.095748901367188,5.418678283691406,482.0,3.85101318359375
421.0,14.033333333333333,3138.1465612597394,1225.2727525046416,1.1503094339743087,0.8693313037910234,357.51843440918674,11.79266357421875,5.613037109375,478.0,4.0638108253479
422.0,14.066666666666666,3127.379976117245,1219.6635675366635,1.1547130116421669,0.8660160489383047,358.2693049448612,12.34796142578125,5.520713806152344,468.0,3.315865993499756
423.0,14.1,3117.06456284975,1214.0466921389977,1.1581440006471582,0.8634504858128272,349.4792088960921,11.895553588867188,5.528472900390625,465.0,3.226332187652588
424.0,14.133333333333333,3106.7381632541305,1208.8588938897697,1.1602944469374223,0.8618501990072288,359.27832327835495,11.90814208984375,5.0986328125,459.0,3.9353742599487305
425.0,14.166666666666666,3095.7550253772606,1203.110670835854,1.1622827664148285,0.8603758301300422,360.19571917545125,12.564697265625,5.6600494384765625,451.0,4.996598720550537
426.0,14.2,3085.319006641016,1198.003194852251,1.1671873328656095,0.8567604975157321,359.2475017978623,12.018524169921875,5.01812744140625,436.0,3.683992385864258
427.0,14.233333333333333,3074.1398238422717,1192.7967198452102,1.1702744225656276,0.8545004323068688,361.378298338856,12.76348876953125,5.1172027587890625,426.0,3.6027493476867676
428.0,14.266666666666667,3063.6161586216517,1187.543491908482,1.1724632965349506,0.8529051638165207,364.15493398556754,12.10589599609375,5.1641845703125,416.0,3.1042728424072266
429.0,14.3,3052.2631476979072,1182.2713430733165,1.1754269481610282,0.8507546994430525,371.85509740127173,12.937652587890625,5.182952880859375,404.0,3.60030460357666
430.0,14.333333333333334,3041.1911426335373,1176.9756346678384,1.1770159295024076,0.8496061734888818,374.355558394283,12.6556396484375,5.20672607421875,394.0,3.973356008529663
431.0,14.366666666666667,3029.711911006668,1171.5804389576726,1.182978455337946,0.8453239325599773,376.6848853179039,13.0638427734375,5.306365966796875,377.0,3.647108793258667
432.0,14.4,3018.2119274266734,1166.8472305521946,1.1844467766228337,0.8442760111613123,369.78894974507534,13.086822509765625,4.6429443359375,368.0,4.350234031677246
433.0,14.433333333333334,3007.0002739248034,1161.992318045154,1.187332844503723,0.8422238167074173,372.21283305795623,12.797653198242188,4.7648468017578125,352.0,3.4479165077209473
434.0,14.466666666666667,2995.4006809698085,1157.080398702176,1.1920106364780296,0.8389186886407715,371.5520608302992,13.186325073242188,4.8220977783203125,336.0,3.5852465629577637
435.0,14.5,2984.479066530439,1151.6794656873226,1.194392495576541,0.83724571587943,374.4978692446782,12.50494384765625,5.312286376953125,315.0,4.048256874084473
436.0,14.533333333333333,2972.3709286535695,1147.4389330630945,1.196769432050525,0.8355828392830994,385.4475561657827,13.6986083984375,4.148956298828125,307.0,3.666950225830078
437.0,14.566666666666666,2960.4959450735746,1142.453405321679,1.2015083696936266,0.8322871693810927,383.2242328273855,13.462265014648438,4.895782470703125,294.0,3.6850905418395996
438.0,14.6,2948.542104071705,1138.2247135177633,1.2044470392823121,0.8302565138902787,375.2751291776654,13.5440673828125,4.13726806640625,281.0,3.5592403411865234
439.0,14.633333333333333,2937.15784314796,1133.43950315916,1.2044829346012758,0.8302317710553812,381.10679713857195,12.97119140625,4.6950531005859375,273.0,2.859764814376831
440.0,14.666666666666666,2925.0948712867157,1128.4395711208695,1.209262610553115,0.8269502350218216,392.58627892038896,13.650634765625,4.9102020263671875,254.0,3.7375283241271973
441.0,14.7,2912.683754894221,1124.1651029497664,1.211482602738054,0.8254348826305179,378.25111924719306,14.00250244140625,4.1829986572265625,240.0,2.5787272453308105
442.0,14.733333333333333,2901.3995916267263,1119.8129980599133,1.2141070026214382,0.8236506319795955,379.1273470540108,12.872329711914062,4.261077880859375,234.0,3.101757526397705
443.0,14.766666666666667,2888.9516099998564,1115.46919395131,1.2164366223049656,0.8220732438202571,396.19402209110416,14.03900146484375,4.25250244140625,216.0,2.784615993499756
444.0,14.8,2876.555630326112,1110.8452384755194,1.2233098321419267,0.8174543960372431,398.3483142927001,13.986099243164062,4.533294677734375,198.0,3.8298256397247314
445.0,14.833333333333334,2863.9931467461174,1106.3958435466038,1.2260864333615786,0.8156031848898987,398.78708986787666,14.15362548828125,4.358245849609375,178.0,3.2397959232330322
446.0,14.866666666666667,2851.4963369942475,1101.9662240083132,1.2294025316939965,0.8134032379306213,385.03371726529633,14.087615966796875,4.3385162353515625,158.0,3.435976505279541
447.0,14.9,2839.8628084923776,1097.6425615012724,1.2306655530460657,0.8125684492629724,382.2121396101698,13.22283935546875,4.232452392578125,482.0,5.155080795288086
448.0,14.933333333333334,2827.524446006133,1093.3279321973569,1.2353600228594033,0.8094806222443304,380.67691668511924,13.929489135742188,4.223358154296875,468.0,3.6107213497161865
449.0,14.966666666666667,2815.8042475823886,1089.5646944950038,1.238240995259973,0.8075972317408587,378.50172439379764,13.31146240234375,3.67071533203125,449.0,3.975623607635498
450.0,15.0,2803.4253577523937,1085.8472331598382,1.2393152995978922,0.8068971635583452,382.09375982381647,13.972076416015625,3.6246337890625,435.0,3.990150213241577
451.0,15.033333333333333,2791.660725734899,1081.44312631686,1.2408835373681195,0.8058774009694519,385.8866032134873,13.353790283203125,4.3131103515625,417.0,4.0291242599487305
452.0,15.066666666666666,2779.2549804361543,1077.0376767004443,1.2435053573192143,0.8041782804666235,394.39991227766643,13.996994018554688,4.31427001953125,408.0,3.5652990341186523
453.0,15.1,2766.680533965535,1073.2376958340287,1.2497251017371678,0.8001759735880796,380.96119397646925,14.167724609375,3.707275390625,391.0,3.6567461490631104
454.0,15.133333333333333,2754.827645112103,1070.0854200457381,1.2512451328571133,0.7992039079637289,383.6770350999548,13.446563720703125,3.058197021484375,385.0,4.225127696990967
455.0,15.166666666666666,2742.259302157108,1065.6310202340098,1.253824706646666,0.7975596546302585,388.3822466191189,14.159439086914062,4.3633270263671875,378.0,3.392467498779297
456.0,15.2,2730.0841476786754,1062.4589690550943,1.257445558105992,0.7952630581527796,390.6988073562065,13.769317626953125,3.07794189453125,369.0,3.9958901405334473
457.0,15.233333333333333,2717.3530849971185,1058.0083534230537,1.2600223252101221,0.7936367316612738,402.4114794108149,14.32269287109375,4.3594970703125,357.0,3.5732710361480713
458.0,15.266666666666667,2704.580640479624,1054.135374509763,1.2642476302915089,0.7909842787440472,391.9737591051746,14.365936279296875,3.780364990234375,351.0,3.7784154415130615
459.0,15.3,2692.1969899074415,1050.9351250886598,1.2679026507108477,0.788704085001598,391.2331541579055,13.97821044921875,3.10614013671875,339.0,3.7232143878936768
460.0,15.333333333333334,2679.309799296197,1047.6804323081817,1.270547248322214,0.7870624263052967,404.1245957589285,14.482742309570312,3.1605377197265625,328.0,3.860154628753662
461.0,15.366666666666667,2666.400147747452,1043.1649973402036,1.2732299261708253,0.7854040966563278,404.97426272829523,14.501312255859375,4.4244384765625,311.0,3.7689201831817627
462.0,15.4,2653.4487481518327,1039.9271502628505,1.2758870014671733,0.7837684676229759,401.57511646956425,14.547149658203125,3.1435394287109375,296.0,3.990008592605591
463.0,15.433333333333334,2640.4315526577757,1036.6569545526847,1.2785418647782982,0.7821409900984369,390.2718415104353,14.61279296875,3.175994873046875,283.0,4.154691219329834
464.0,15.466666666666667,2628.2694597027808,1033.3738193893942,1.280497794504744,0.7809462884602377,390.53395772288604,13.755950927734375,3.189208984375,265.0,4.110615253448486
465.0,15.5,2615.2245542477863,1030.140855124541,1.283184385794179,0.7793112284335407,407.08132596173897,14.640548706054688,3.138641357421875,248.0,3.9673328399658203
466.0,15.533333333333333,2602.080405628729,1026.257256094063,1.283944481296676,0.7788498759619917,417.39897857038744,14.738372802734375,3.7909011840820312,238.0,3.622342586517334
467.0,15.566666666666666,2588.2928243924844,1023.1407469073348,1.2920060519207768,0.773990182564035,416.7160229119673,15.385177612304688,3.021759033203125,224.0,3.7024872303009033
468.0,15.6,2575.027093742177,1019.9401312752941,1.2947209470115006,0.7723672056965007,410.0328156900839,14.86199951171875,3.1060791015625,198.0,3.8554067611694336
469.0,15.633333333333333,2561.71448809187,1016.7514785338785,1.2975111555037886,0.7707062831469276,397.0888311186563,14.908920288085938,3.094146728515625,190.0,3.3340773582458496
470.0,15.666666666666666,2549.3420679884375,1013.5309654409003,1.299739718422511,0.7693848128406017,398.0591474446464,13.966400146484375,3.12628173828125,182.0,2.6392078399658203
471.0,15.7,2535.9706244475055,1010.3109406291723,1.3024491725364777,0.7677842798675454,413.2090470725353,14.967681884765625,3.125457763671875,171.0,3.016298294067383
472.0,15.733333333333333,2522.5557238753236,1007.1010476533816,1.3051922223405932,0.7661706704064679,409.23092889344645,15.011154174804688,3.1153411865234375,162.0,3.0619683265686035
473.0,15.766666666666667,2509.478958068766,1003.791545302591,1.30797994696042,0.764537715065031,406.0033787304351,14.67205810546875,3.2153167724609375,488.0,4.981469631195068
474.0,15.8,2496.317841676271,1000.4534784986753,1.3107834489772443,0.7629025227471883,403.69219707901897,14.756423950195312,3.24395751953125,474.0,3.707341194152832
475.0,15.833333333333334,2483.110216494714,998.4074038822597,1.3135735840348055,0.7612820569429959,404.1028387979062,14.806442260742188,1.94854736328125,450.0,4.185586929321289
476.0,15.866666666666667,2469.9143100631572,995.103028484594,1.3164094320809736,0.7596420806703009,409.56189427223023,14.791305541992188,3.2100982666015625,438.0,3.8919005393981934
477.0,15.9,2456.6396682800373,991.7122273056784,1.3192609750056572,0.7580001371568744,408.98987827358945,14.86981201171875,3.296661376953125,419.0,3.7268283367156982
478.0,15.933333333333334,2443.3292598953553,989.0475003455127,1.3205710188081328,0.757248179581087,408.1328863792416,14.907638549804688,2.56866455078125,406.0,4.1358771324157715
479.0,15.966666666666667,2429.973929635673,986.3029394009721,1.325022349246725,0.7547042512667804,410.9759571973822,14.952178955078125,2.648773193359375,379.0,3.5162272453308105
480.0,16.0,2416.626900157241,982.911039589244,1.3278734365074367,0.753083819968711,411.775675828264,14.942276000976562,3.2977294921875,356.0,3.835848808288574
481.0,16.033333333333335,2403.2027222413085,980.2284903634534,1.3290369036474354,0.7524245543939224,412.0027545842165,15.021270751953125,2.586517333984375,345.0,3.96230149269104
482.0,16.066666666666666,2389.726420301939,977.3619811767252,1.3337376269296797,0.7497726537880184,413.5976998996961,15.072998046875,2.77093505859375,327.0,3.5932538509368896
483.0,16.1,2376.1955529328816,974.6703377126533,1.3348553541518022,0.74914483946871,415.2906717310454,15.12811279296875,2.5955810546875,311.0,4.444019317626953
484.0,16.133333333333333,2362.598889665387,971.8289750103002,1.339609118882486,0.7464864085384915,423.392023553199,15.193405151367188,2.74560546875,296.0,3.9044785499572754
485.0,16.166666666666668,2348.5195603822676,969.1246972688846,1.3396214153090389,0.7464795565165766,422.1589012792495,15.6773681640625,2.6080322265625,285.0,4.18891716003418
486.0,16.2,2334.8730924272727,966.9956758751251,1.342504554565515,0.7448764301016749,419.467821274722,15.245010375976562,2.0314178466796875,272.0,3.532419204711914
487.0,16.233333333333334,2321.128235800403,963.4917765516783,1.3455851455492434,0.7431711053794505,422.121741012109,15.340057373046875,3.4097938537597656,266.0,4.073235511779785
488.0,16.266666666666666,2307.288774681346,961.4237292790126,1.3485396682538293,0.7415428878668883,420.60735211325834,15.438247680664062,1.9701995849609375,252.0,4.808319091796875
489.0,16.3,2293.4985078982263,958.7098079829095,1.3493097012570328,0.741119699256878,423.4467950699593,15.387481689453125,2.617767333984375,243.0,4.761408805847168
490.0,16.333333333333332,2279.6209608416693,955.8190068039938,1.3543943385373105,0.738337404067975,423.87014174787134,15.4742431640625,2.7949981689453125,234.0,3.9671201705932617
491.0,16.366666666666667,2265.688970425737,953.6953565039845,1.3573334906038672,0.7367386179759756,423.5775870174699,15.530563354492188,2.0258636474609375,226.0,4.0958051681518555
492.0,16.4,2251.7137671191795,951.50603237585,1.360395845364415,0.735080163180097,431.35075972012766,15.57354736328125,2.091644287109375,211.0,4.361961364746094
493.0,16.433333333333334,2237.356849945435,948.7719694781845,1.3614094192533757,0.7345328935276649,432.18736763117766,15.954574584960938,2.6376953125,198.0,3.109764575958252
494.0,16.466666666666665,2223.3192687091905,946.6160315805188,1.3644215708310083,0.7329113093623583,428.66995472689746,15.6358642578125,2.058135986328125,182.0,4.04726505279541
495.0,16.5,2209.204172824508,943.8598739562907,1.365149437305335,0.7325205378056614,424.2162655688031,15.712127685546875,2.65985107421875,165.0,4.461309432983398
496.0,16.533333333333335,2195.4568747913886,941.76765676175,1.3682134776807566,0.7308800975232964,418.60848003597636,15.345016479492188,1.9943084716796875,488.0,5.311118125915527
497.0,16.566666666666666,2181.7137271488937,939.0547730633032,1.3728325760684652,0.7284209432615681,418.30115423782473,15.33935546875,2.6165771484375,479.0,3.372732400894165
498.0,16.6,2167.8842757954617,937.5936593843875,1.374233457698784,0.7276783972896026,427.946071433654,15.42840576171875,1.3615131378173828,464.0,3.6980228424072266
499.0,16.633333333333333,2153.406264871717,935.5004045921906,1.375866920820045,0.7268144795602611,430.28732937000507,16.076568603515625,1.995086669921875,443.0,2.9285714626312256
500.0,16.666666666666668,2139.5063789479723,933.4018397414,1.3789707618398659,0.725178537263378,422.2564811538178,15.497314453125,2.000518798828125,431.0,3.493834972381592
501.0,16.7,2125.570360211728,931.3040683476406,1.3820784815297813,0.7235479123393412,425.14794710331756,15.533355712890625,1.999755859375,419.0,3.6675169467926025
502.0,16.733333333333334,2111.5871002645454,928.5181255671624,1.3833826947269876,0.7228657722925697,433.32585993429313,15.57928466796875,2.6897010803222656,404.0,3.8518991470336914
503.0,16.766666666666666,2096.9976391454884,927.0451100327781,1.383347733368526,0.7228840412850833,432.1385615597236,16.18890380859375,1.373077392578125,397.0,3.8081774711608887
504.0,16.8,2082.9253899404935,925.6063352210499,1.3884826355741875,0.7202106633378703,427.35274139213135,15.6707763671875,1.3389434814453125,372.0,4.064235687255859
505.0,16.833333333333332,2068.825064563624,922.8028753507281,1.3896937456230176,0.7195830039169436,426.6411636576579,15.6961669921875,2.707103729248047,362.0,4.021613121032715
506.0,16.866666666666667,2054.7006913351916,922.0912123554061,1.3928514748297371,0.7179516395473828,434.9893263028617,15.723968505859375,0.60992431640625,345.0,3.5965845584869385
507.0,16.9,2039.9647458411346,919.9672568796155,1.394820387048371,0.7169381873720211,439.0928932087693,16.333953857421875,2.0256195068359375,334.0,4.243551254272461
508.0,16.933333333333334,2025.7385659720774,917.8373199585124,1.397985275817411,0.7153151161876821,430.9883023654895,15.8231201171875,2.031768798828125,326.0,3.7771401405334473
509.0,16.966666666666665,2011.4603841498952,916.3532570608468,1.3989453627798705,0.7148242001480897,439.8088436471471,15.87603759765625,1.384185791015625,315.0,4.056406021118164
510.0,17.0,1996.640942562088,914.2282639873998,1.4011933857522483,0.7136773625741442,441.12258503975704,16.417144775390625,2.0265960693359375,304.0,4.21563196182251
511.0,17.033333333333335,1982.2749921852183,912.7402948397342,1.4021535044729352,0.7131886749988167,432.8271321235576,15.963714599609375,1.388031005859375,298.0,3.875425100326538
512.0,17.066666666666666,1967.8709558708488,912.0130678795686,1.4053657878516508,0.711558519955631,434.90531552822785,16.003082275390625,0.6253204345703125,280.0,3.272498607635498
513.0,17.1,1953.4215094002288,909.8924083022155,1.4085321550713845,0.7099589430028453,443.7141728374222,16.045989990234375,2.0223388671875,265.0,3.4768991470336914
514.0,17.133333333333333,1938.5128344139844,908.389119330331,1.408612751927792,0.7099183211506677,442.694866392132,16.506912231445312,1.4031906127929688,248.0,4.606823921203613
515.0,17.166666666666668,1923.9930754433647,907.6599392451654,1.4118616627750147,0.7082846898997878,443.3109933831304,16.11834716796875,0.6272125244140625,238.0,3.1686863899230957
516.0,17.2,1909.04094342587,906.1867406053123,1.411815210035904,0.708307994482202,446.2889786545862,16.5501708984375,1.372955322265625,221.0,5.011054515838623
517.0,17.233333333333334,1894.462102424,904.0351972388967,1.4150886739807205,0.7066694959736667,441.68012177906735,16.174911499023438,2.053131103515625,204.0,3.5366709232330322
518.0,17.266666666666666,1879.749350289318,903.1816275052935,1.418609607466148,0.704915569961599,447.3830281220776,16.3109130859375,0.751800537109375,195.0,3.6799886226654053
519.0,17.3,1864.7297133890108,901.6798644123154,1.4185845789725167,0.7049280069886998,448.49560804055267,16.617080688476562,1.4015350341796875,188.0,4.6084184646606445
520.0,17.333333333333332,1849.9357844965161,900.913635987306,1.421928529657136,0.7032702271197315,449.03590190349735,16.39190673828125,0.6641845703125,175.0,3.9182965755462646
521.0,17.366666666666667,1834.8800147837092,899.4119949646404,1.4218558111156065,0.7033061947507793,450.11935672627857,16.652923583984375,1.4013671875,167.0,4.515872955322266
522.0,17.4,1820.0129047388705,898.6555931997872,1.425250864489974,0.7016308671791965,450.6849829501644,16.464813232421875,0.6543121337890625,156.0,4.2776360511779785
523.0,17.433333333333334,1804.9202697916883,897.1413789349341,1.4251991289829342,0.7016563367630112,445.6383250466128,16.689422607421875,1.4139633178710938,481.0,5.961167812347412
524.0,17.466666666666665,1790.4014263484123,896.2476480685184,1.428650586042948,0.699961214988042,433.18141140080024,16.115386962890625,0.792022705078125,465.0,3.301870822906494
525.0,17.5,1776.058730366074,896.1442004052278,1.4271537453274523,0.7006953548445867,434.00897210410216,15.939849853515625,-0.0001220703125,453.0,2.7245607376098633
526.0,17.533333333333335,1761.5126042079544,894.6326106520934,1.4287284684599137,0.6999230589126161,447.21024697071965,16.1414794921875,1.4114570617675781,442.0,3.8999433517456055
527.0,17.566666666666666,1746.344957053741,893.7014041997403,1.4304653684225004,0.6990731981877951,447.1312239148716,16.764450073242188,0.829376220703125,418.0,3.5893211364746094
528.0,17.6,1731.7219876339025,893.5930737239496,1.4320971198537789,0.6982766644360704,438.58115562175954,16.2198486328125,0.0046234130859375,399.0,3.523597002029419
529.0,17.633333333333333,1717.1259347179703,892.6276875840965,1.4355333575261575,0.6966051988671942,448.12617446270013,16.191543579101562,0.8637847900390625,376.0,3.1957907676696777
530.0,17.666666666666668,1701.8660024075068,892.5251554481496,1.4354410334783076,0.6966500028056443,447.9304780894918,16.8572998046875,-0.001434326171875,351.0,2.2986111640930176
531.0,17.7,1687.2823396282934,891.5785071012652,1.4388385794978273,0.6950049951739635,448.6180486937721,16.178741455078125,0.845062255859375,333.0,3.2689201831817627
532.0,17.733333333333334,1671.9765088803301,891.476890492662,1.4388908939899037,0.694979726521931,458.63957692297583,16.9027099609375,-0.002349853515625,327.0,1.8362386226654053
533.0,17.766666666666666,1656.7070550854914,891.3735038645277,1.4388932953981606,0.6949785666513144,449.98263491786486,16.866012573242188,-0.0005645751953125,310.0,2.256483793258667
534.0,17.8,1641.9972326383095,890.393591357487,1.4423019285785585,0.6933361040330416,437.0408550631044,16.30438232421875,0.8782958984375,285.0,3.508432626724243
535.0,17.833333333333332,1627.5763506208148,890.8150460379464,1.443974863797974,0.6925328307791857,438.62786804564763,16.016326904296875,-0.526397705078125,260.0,3.9901857376098633
536.0,17.866666666666667,1612.782177587695,891.6453141949683,1.442047637901248,0.693458366920109,451.891475670523,16.390213012695312,-0.936370849609375,252.0,4.029478073120117
537.0,17.9,1597.4511393202001,890.5838587191777,1.4447087346451548,0.6921810438459189,453.38640163877164,16.9256591796875,0.959808349609375,237.0,2.8572137355804443
538.0,17.933333333333334,1582.557417947237,891.8912386926057,1.4454716812144162,0.6918156979456338,454.378686309325,16.48980712890625,-1.4146394729614258,227.0,5.652494430541992
539.0,17.966666666666665,1567.1830447188047,891.7848613418151,1.445447901930415,0.6918270791112475,453.4250798075601,16.969497680664062,0.0023956298828125,214.0,3.1959681510925293
540.0,18.0,1552.3311324278725,892.243547467587,1.4487202566650217,0.690264387068085,453.93215837746595,16.446563720703125,-0.56390380859375,199.0,5.206278324127197
541.0,18.033333333333335,1536.933199629128,892.6475460933589,1.4517235255343508,0.6888363950924606,446.5685000094988,16.992889404296875,-0.5091552734375,184.0,2.5593466758728027
542.0,18.066666666666666,1522.5841559905393,893.4450994066307,1.4482850176521322,0.6904718255120367,441.17460588366305,15.942703247070312,-0.903350830078125,184.0,3.582979202270508
543.0,18.1,1507.5973560042949,894.7577284034963,1.4486864266422819,0.6902805062637105,452.954001542913,16.581451416015625,-1.4198627471923828,183.0,5.233205795288086
544.0,18.133333333333333,1492.4362396118,895.1649618925494,1.4522242949198547,0.6885988641686979,459.3298856959587,16.7548828125,-0.512298583984375,179.0,3.7054989337921143
545.0,18.166666666666668,1477.0248180435242,896.4973662800401,1.4522083680062199,0.6886064162906111,464.223769972427,17.005950927734375,-1.43975830078125,172.0,3.0343680381774902
546.0,18.2,1461.6011894439982,897.8095680308119,1.4522024820374737,0.6886092073035001,445.43909018870136,17.01776123046875,-1.41949462890625,159.0,3.00453519821167
547.0,18.233333333333334,1447.6041355515035,900.531254644865,1.4522178893638027,0.688601901494332,445.50825417735024,15.59014892578125,-2.831756591796875,478.0,4.879499435424805
548.0,18.266666666666666,1432.1785538269778,901.8631097159493,1.4522152060369282,0.6886031738567067,453.7125994099431,17.01904296875,-1.4390544891357422,464.0,2.6359481811523438
549.0,18.3,1417.6309017899516,904.5953554120338,1.4505321572840135,0.6894021583584931,460.4324707222209,16.140625,-2.8424339294433594,448.0,3.0073695182800293
550.0,18.333333333333332,1401.8277565888634,906.4503428073368,1.4556107268702227,0.6869968608641317,452.89027313443836,17.396621704101562,-1.96343994140625,416.0,2.9791665077209473
551.0,18.366666666666667,1387.7943867783997,909.2192706323275,1.455557281995474,0.6870220858838789,450.3877671888321,15.624969482421875,-2.8788509368896484,400.0,3.565192699432373
552.0,18.4,1372.3063966066084,911.931313691693,1.4555371541453335,0.6870315863473666,450.1671570759558,17.08081817626953,-2.8222198486328125,376.0,2.841482400894165
553.0,18.433333333333334,1358.2881329973166,914.701034973715,1.4555604049610416,0.6870206118493346,454.0412659857965,15.609062194824219,-2.8795166015625,344.0,3.4855797290802
554.0,18.466666666666665,1342.8217187532596,918.7790448299555,1.4555560670529972,0.6870226593364127,460.06183685976146,17.059059143066406,-4.1910858154296875,328.0,2.3984198570251465
555.0,18.5,1328.7567632494367,922.9832753893212,1.4556504596507294,0.6869781089066817,439.8666704073236,15.655731201171875,-4.316986083984375,317.0,4.123795509338379
556.0,18.533333333333335,1314.703282354989,927.1023008705617,1.4555166702896827,0.6870412551173158,445.905986346389,15.643753051757812,-4.2314453125,295.0,3.8992347717285156
557.0,18.566666666666666,1300.6562101519473,932.6815924650837,1.455711523264185,0.6869492918196254,453.54646824426277,15.637481689453125,-5.69468879699707,270.0,3.948908805847168
558.0,18.6,1286.597480234062,938.2515456806992,1.4555806783744798,0.6870110429857796,453.6202647276849,15.648635864257812,-5.685161590576172,256.0,4.022781848907471
559.0,18.633333333333333,1272.5479971423485,943.8381004588149,1.4554526215454278,0.6870714891001952,461.64237981789455,15.638839721679688,-5.70159912109375,241.0,4.169997215270996
560.0,18.666666666666668,1258.5006502811038,950.811007775993,1.4556330651573366,0.6869863181432416,461.886867389187,15.63671875,-7.09063720703125,231.0,3.2357568740844727
561.0,18.7,1245.882899367125,959.2377114798899,1.4555662580386721,0.6870178492234817,455.34093639901386,14.205764770507812,-8.546554565429688,222.0,3.728706121444702
562.0,18.733333333333334,1233.245647720724,967.6536729962867,1.4553106674689267,0.6871385075045165,464.3999488607065,14.224639892578125,-8.53546142578125,207.0,3.7120182514190674
563.0,18.766666666666666,1221.9880957813543,978.9242487704961,1.455495951105122,0.6870510352438458,461.89173500660485,12.844085693359375,-11.394874572753906,200.0,3.31512188911438
564.0,18.8,1212.2304828068281,990.1605227868929,1.4553751890928823,0.6871080443684682,458.95894193672495,11.342300415039062,-11.359390258789062,184.0,4.522852897644043
565.0,18.833333333333332,1203.8412475178493,1003.5592723892273,1.457109437539129,0.6862902498860153,474.92007515900747,9.972946166992188,-13.524932861328125,176.0,2.37762188911438
566.0,18.866666666666667,1197.8692485569952,1018.3774555853116,1.4535584683876783,0.6879668219395563,476.95493336435527,7.553741455078125,-14.945343017578125,170.0,3.945826292037964
567.0,18.9,1194.2372154164536,1033.871175890771,1.4550682367467507,0.6872529925028158,474.5729808981436,5.2119140625,-15.620651245117188,163.0,3.9849772453308105
568.0,18.933333333333334,1191.5502811528654,1049.3782018602928,1.455182024965643,0.6871992526320616,487.2849573724191,4.265907287597656,-15.6326904296875,487.0,5.34970235824585
569.0,18.966666666666665,1192.2759445455267,1066.2975813454398,1.4534282309783209,0.688028468613746,509.9178339850947,0.851226806640625,-17.045654296875,467.0,2.370819091796875
570.0,19.0,1194.6724453405322,1083.2290457915242,1.4552731263177452,0.6871562333665051,495.53398807723516,-0.820648193359375,-17.056243896484375,455.0,2.325892925262451
571.0,19.033333333333335,1198.2829048757717,1098.7824584797959,1.4534953687491545,0.6879966881907422,504.731807378557,-2.03558349609375,-15.67495346069336,440.0,3.390695810317993
572.0,19.066666666666666,1203.468925934449,1115.7076973399428,1.4552693085476591,0.6871580360599975,514.1653993806804,-3.611541748046875,-17.04754638671875,433.0,2.168367385864258
573.0,19.1,1209.272866915001,1131.2506119813397,1.455344773052523,0.6871224046124431,505.3266134655583,-4.22998046875,-15.662117004394531,425.0,3.5768141746520996
574.0,19.133333333333333,1216.5656689795378,1146.7461633414866,1.455347028430537,0.6871213397662354,506.53557855101576,-5.719398498535156,-15.61370849609375,415.0,3.7650227546691895
575.0,19.166666666666668,1224.4908868155587,1161.3962557172583,1.4519901532906923,0.6887099046323886,515.9356879137717,-6.3520965576171875,-14.766227722167969,394.0,3.0505599975585938
576.0,19.2,1233.149808264861,1176.8797221164677,1.4518615468897382,0.6887709107953564,524.8586860618044,-7.085601806640625,-15.599853515625,378.0,3.551445484161377
577.0,19.233333333333334,1241.7850175559602,1191.8142383203647,1.4532492653148883,0.6881131983805415,513.8590560616927,-7.06170654296875,-15.049522399902344,356.0,2.5253329277038574
578.0,19.266666666666666,1250.4494932044809,1206.4479732742616,1.4516874127701698,0.6888535308656832,514.0036925661904,-7.090763092041016,-14.7476806640625,345.0,2.6191892623901367
579.0,19.3,1260.5626382865958,1220.4781926031583,1.4517396752669578,0.6888287322009794,530.1678806544943,-8.539947509765625,-14.142568588256836,330.0,3.897498607635498
580.0,19.333333333333332,1271.2259237495696,1235.0412488461177,1.4483899093517467,0.6904218218750007,529.5758808512554,-9.089729309082031,-14.675445556640625,310.0,3.4484128952026367
581.0,19.366666666666667,1281.3092226402782,1249.0443685656396,1.4483189454620593,0.6904556507620416,512.5997578858949,-8.509437561035156,-14.114360809326172,298.0,3.544571876525879
582.0,19.4,1291.3633772438773,1262.6510039101615,1.449847615766253,0.6897276576693849,514.7309611956507,-8.48004150390625,-13.716850280761719,280.0,3.9090843200683594
583.0,19.433333333333334,1302.867879747867,1275.7421363249957,1.4485129815469704,0.6903631605234415,512.1079734193958,-9.930740356445312,-13.200241088867188,258.0,2.5280966758728027
584.0,19.466666666666665,1313.3811102792006,1288.7430587788926,1.4452321336816998,0.6919303665443143,509.1577347075043,-8.938858032226562,-13.109527587890625,249.0,4.629393577575684
585.0,19.5,1323.4223254296744,1302.755089631227,1.4451649424943018,0.6919625370056629,525.7001253890139,-8.465948104858398,-14.121158599853516,242.0,5.790745735168457
586.0,19.533333333333335,1334.9065947793672,1316.400299194499,1.4469733350668672,0.6910977388216959,532.317683769085,-9.909244537353516,-13.753311157226562,232.0,4.4807610511779785
587.0,19.566666666666666,1346.8816478204662,1329.3830331718332,1.4437422024984514,0.6926444335210687,524.87224419023,-10.400115966796875,-13.089706420898438,215.0,4.051162242889404
588.0,19.6,1358.3205375314874,1342.40397515698,1.4427384716619442,0.6931263147423127,514.9292659991864,-9.863449096679688,-13.127532958984375,202.0,3.503401279449463
589.0,19.633333333333333,1369.7817050745393,1354.9572657749395,1.4427819845824825,0.693105410717603,504.10275598577533,-9.885589599609375,-12.659088134765625,184.0,3.2573695182800293
590.0,19.666666666666668,1380.2499526957167,1367.8700534632114,1.4394157372858811,0.6947263213097626,516.7218659986155,-8.89190673828125,-13.018478393554688,169.0,3.4696004390716553
591.0,19.7,1391.6899410395501,1381.5411419327331,1.4406270032896689,0.6941422017749924,529.7903149289042,-9.863150596618652,-13.776847839355469,157.0,3.109056234359741
592.0,19.733333333333334,1403.0908974009617,1394.8097645819425,1.4391995326471805,0.6948306870004729,531.5911614978891,-9.823982238769531,-13.3734130859375,481.0,4.510558605194092
593.0,19.766666666666666,1415.2655354029982,1408.0013608639645,1.4358117913232742,0.696470112617183,523.2155867138139,-10.597518920898438,-13.295944213867188,468.0,3.1255669593811035
594.0,19.8,1426.6859314616754,1420.4994757006739,1.4358367809903958,0.6964579910748845,507.8978087678293,-9.84316635131836,-12.601760864257812,442.0,3.7326035499572754
595.0,19.833333333333332,1438.0868267879307,1433.014924521758,1.4358028903040463,0.696474430266845,515.4685563048728,-9.823291778564453,-12.618545532226562,426.0,3.6572420597076416
596.0,19.866666666666667,1449.5202843700454,1446.1805198272175,1.4305443095956842,0.6990346215019587,523.3270975998549,-9.85516357421875,-13.26861572265625,410.0,3.44012188911438
597.0,19.9,1460.1156377041134,1460.069259663927,1.4324779965585874,0.6980910020275489,527.8411724396095,-9.01611328125,-13.99151611328125,379.0,2.981717586517334
598.0,19.933333333333334,1472.187492503025,1473.0969155162613,1.4291761760059452,0.6997037991457815,505.3578160632381,-10.493072509765625,-13.129638671875,368.0,3.2813916206359863
599.0,19.966666666666665,1482.152047497249,1485.5535264467205,1.4291901464342252,0.6996969594948312,507.2568564352255,-8.385421752929688,-12.558052062988281,356.0,4.372413635253906
600.0,20.0,1493.4251352063166,1499.41345768968,1.4252288949966005,0.7016416826171527,519.6476065408866,-9.692840576171875,-13.961273193359375,331.0,3.4499008655548096
601.0,20.033333333333335,1504.0675466458533,1512.3837404951394,1.4261030331926823,0.7012116072435903,518.8559116961261,-9.06243896484375,-13.070846557617188,319.0,3.55987811088562
602.0,20.066666666666666,1514.6451387494524,1526.7302440037238,1.4227709404961852,0.7028538266681594,522.6343071123907,-8.996322631835938,-14.446876525878906,308.0,3.682468891143799
603.0,20.1,1524.5842420835202,1540.5448871607455,1.4228211443200363,0.7028290266784715,503.2882479805175,-8.357763290405273,-13.9144287109375,290.0,3.553287982940674
604.0,20.133333333333333,1533.7011408277444,1554.346224653705,1.4208091042027133,0.7038243188631239,496.3270619400832,-7.53521728515625,-13.900489807128906,278.0,2.682575225830078
605.0,20.166666666666668,1542.2340551969683,1568.5329381232268,1.419568611634795,0.7044393570018331,489.5413775876114,-6.950553894042969,-14.285400390625,266.0,2.407419204711914
606.0,20.2,1549.9313372419736,1582.6604474911862,1.416268370752863,0.7060808676172143,495.7141074910865,-6.114715576171875,-14.225578308105469,260.0,3.693239688873291
607.0,20.233333333333334,1557.6768370604163,1597.750481273208,1.4143827666933153,0.707022189147496,504.499788340572,-6.16192626953125,-15.187553405761719,245.0,3.735969305038452
608.0,20.266666666666666,1564.0593608046406,1613.1825560708548,1.4110274761543848,0.7087034213716381,488.2654131293442,-4.798370361328125,-15.52877426147461,240.0,3.5065901279449463
609.0,20.3,1569.1240134551147,1628.2222968841268,1.4130373885632814,0.7076953575989656,474.9236172319453,-3.4806671142578125,-15.135673522949219,214.0,3.374255895614624
610.0,20.333333333333332,1572.7184512618387,1643.6370376973987,1.4098677179170198,0.709286401335176,485.300034531817,-2.010040283203125,-15.509941101074219,207.0,3.6571004390716553
611.0,20.366666666666667,1574.9144515685628,1660.0532433544204,1.4075319744170551,0.7104634339935055,476.5484425117707,-0.61083984375,-16.51030731201172,198.0,3.717226505279541
612.0,20.4,1573.7449123245055,1675.3903474489423,1.4065955334784368,0.7109364250055967,463.30405180447735,2.753434181213379,-15.430503845214844,186.0,4.068700313568115
613.0,20.433333333333334,1571.1605781585733,1690.7112161919017,1.4012126102194775,0.713667571007205,453.7583721759082,4.1679534912109375,-15.413368225097656,174.0,3.7250566482543945
614.0,20.466666666666665,1565.8744007309224,1704.5991015364236,1.4000324898596752,0.7142691382113779,448.2594853895487,6.867950439453125,-13.980045318603516,160.0,2.7444729804992676
615.0,20.5,1559.291409338428,1718.1370112950078,1.4000331574471891,0.7142687976214743,449.4124793445807,8.1639404296875,-13.629371643066406,484.0,5.124326705932617
616.0,20.533333333333335,1549.4033642349955,1729.6262149989047,1.3968674559469572,0.7158875351721078,448.8050618194237,11.46624755859375,-11.580810546875,463.0,3.456632614135742
617.0,20.566666666666666,1538.7064812409385,1739.8507702653017,1.3982990247505984,0.7151546144991131,440.5794508170814,12.273406982421875,-10.316299438476562,432.0,3.604733467102051
618.0,20.6,1527.4840855515688,1749.1776204535736,1.3935220993892286,0.7176061294171749,423.6379826316256,12.797576904296875,-9.418548583984375,407.0,3.607780694961548
619.0,20.633333333333333,1515.8973099793866,1756.5055692746578,1.389025209889747,0.719929338128697,423.50374360074983,13.160003662109375,-7.420562744140625,386.0,3.7669005393981934
620.0,20.666666666666668,1502.5410031572042,1762.4055395801172,1.3876239492945814,0.7206563424538502,425.8050311152703,14.927459716796875,-5.9930572509765625,369.0,2.6023950576782227
621.0,20.7,1490.153629440491,1768.4673751199516,1.3875593536963369,0.7206898914529943,420.2860300458197,13.95849609375,-6.154754638671875,349.0,3.461522102355957
622.0,20.733333333333334,1476.8314412706525,1773.5449577300985,1.3840957517391677,0.7224933670546008,422.67589124209104,14.891914367675781,-5.17083740234375,340.0,2.940476179122925
623.0,20.766666666666666,1463.1937623781578,1776.6641663168077,1.380918320639858,0.7241557918767006,417.26127590892764,15.205657958984375,-3.2136383056640625,325.0,3.142928123474121
624.0,20.8,1449.926109120429,1780.6097909191421,1.381050015273403,0.7240867375842521,416.3445778549599,14.83587646484375,-4.039588928222656,319.0,3.020549774169922
625.0,20.833333333333332,1436.3468713900434,1783.7109330996016,1.3779305304090013,0.725725991210295,413.61897531562033,15.146530151367188,-3.1954803466796875,312.0,3.119330883026123
626.0,20.866666666666667,1422.7947943041895,1785.534243248811,1.3750448556232728,0.7272490027583322,411.05944159390907,15.11834716796875,-1.9186553955078125,296.0,3.166595935821533
627.0,20.9,1409.2962145327883,1788.0971774214577,1.3745191702113446,0.7275271394332326,430.2311145153459,15.06488037109375,-2.657482147216797,284.0,3.598639488220215
628.0,20.933333333333334,1394.4481474567,1789.9079143284796,1.3715457672197826,0.7291043608607161,422.1652700354557,16.41302490234375,-1.90582275390625,265.0,3.3523242473602295
629.0,20.966666666666665,1381.319410214596,1791.163597524564,1.3716363467718418,0.7290562125693948,399.60074161304004,14.6939697265625,-1.3513984680175781,256.0,4.307681560516357
630.0,21.0,1367.8944388416326,1792.050994587836,1.3671379737955338,0.7314550683013635,422.905460815105,14.98968505859375,-0.983428955078125,233.0,3.7261195182800293
631.0,21.033333333333335,1353.1544650272629,1792.4365605964201,1.3640229406860904,0.7331254997053126,422.5108950846422,16.303421020507812,-0.48169708251953125,216.0,3.5379462242126465
632.0,21.066666666666666,1339.77456811719,1793.686506487817,1.362675927446153,0.7338501986118894,401.24653090111184,14.9442138671875,-1.3456039428710938,196.0,3.854804515838623
633.0,21.1,1326.4534785801643,1794.0513205432765,1.359684528014457,0.7354647194965857,399.08057044064526,14.8848876953125,-0.46114349365234375,182.0,3.5963363647460938
634.0,21.133333333333333,1313.1694984181381,1793.5598113565484,1.3552572829699647,0.7378672762477692,414.2659372607373,14.8472900390625,0.39450836181640625,172.0,3.864335298538208
635.0,21.166666666666668,1298.8372394475186,1794.3381996307576,1.3567221407609937,0.7370705982870552,421.19684614230596,15.89508056640625,-0.8743438720703125,149.0,3.0043933391571045
636.0,21.2,1285.096624764008,1794.182994154967,1.3520692186948353,0.7396071045573459,412.0994550268851,15.303276062011719,0.058502197265625,490.0,5.490256309509277
637.0,21.233333333333334,1271.3658977758105,1794.6659722729264,1.3490733001106685,0.7412495673274143,409.7593426033561,15.293327331542969,-0.57916259765625,476.0,4.636231422424316
638.0,21.266666666666666,1257.7804802358548,1793.9328859377608,1.3461337139104226,0.7428682527347682,428.0259484588465,15.14764404296875,0.63580322265625,465.0,4.733914375305176
639.0,21.3,1242.8428745855476,1793.8371287041575,1.3450872783220138,0.743446180866042,426.8131056129771,16.498825073242188,-0.000885009765625,448.0,2.865398406982422
640.0,21.333333333333332,1229.3272965231313,1793.6915667830544,1.3405092140134454,0.7459851745487294,406.1493920412655,15.077499389648438,0.048828125,434.0,3.3977112770080566
641.0,21.366666666666667,1215.783535477316,1792.8697353307014,1.3375818966281408,0.7476177739253663,405.08032292510245,15.10540771484375,0.724456787109375,427.0,3.8545918464660645
642.0,21.4,1202.3660561697823,1792.1486118861608,1.3347253106870534,0.7492178293114464,412.6537276176224,14.979034423828125,0.623748779296875,418.0,3.8621740341186523
643.0,21.433333333333334,1188.315169269475,1791.35229312912,1.330825245330214,0.7514134583101275,421.2562348019206,15.611785888671875,0.698974609375,407.0,3.2281746864318848
644.0,21.466666666666665,1174.3265992636993,1790.571965583017,1.3288424784735273,0.7525346428936586,409.6778746539501,15.54931640625,0.6829833984375,407.0,4.1922478675842285
645.0,21.5,1161.0474561378062,1789.8000608884763,1.325990458211949,0.7541532397966607,397.5262873753025,14.840240478515625,0.674468994140625,406.0,3.260239601135254
646.0,21.533333333333335,1147.8700433585927,1789.0248602954982,1.3231312811699252,0.7557829024462264,395.0870762035701,14.7384033203125,0.67779541015625,406.0,3.3448128700256348
647.0,21.566666666666666,1134.7545583747892,1788.2400161478326,1.3202675436414912,0.7574222397695648,393.9139884388822,14.676376342773438,0.6873779296875,406.0,3.485933780670166
648.0,21.6,1121.6988115501658,1786.8561729767293,1.319428507382418,0.7579038912717413,413.17346840859983,14.616531372070312,1.2858200073242188,406.0,4.177968978881836
649.0,21.633333333333333,1107.3527586342336,1785.4359528525013,1.3146290958757634,0.7606708258148146,410.2220251792097,15.905685424804688,1.3223724365234375,402.0,3.877267599105835
650.0,21.666666666666668,1094.4341501763092,1784.7210549938982,1.3117889317979383,0.7623177599382545,388.1675467163566,14.4791259765625,0.617401123046875,397.0,4.199050426483154
651.0,21.7,1081.559860871217,1783.3409960024824,1.3109434772410242,0.7628093944252826,387.9688224096321,14.434783935546875,1.2819671630859375,388.0,4.104698181152344
652.0,21.733333333333334,1068.7093981652458,1782.0351557610668,1.3061334385211316,0.7656185581867111,386.00854254386525,14.41082763671875,1.207855224609375,378.0,3.7856788635253906
653.0,21.766666666666666,1055.9048434335177,1781.3275821212137,1.3033233064588836,0.7672693299078569,404.20298710732425,14.36468505859375,0.61004638671875,365.0,3.694798707962036
654.0,21.8,1041.8999589212108,1779.3171520360481,1.3005875823935646,0.7688832444175949,402.84303407511646,15.564117431640625,1.911834716796875,345.0,3.779761791229248
655.0,21.833333333333332,1029.1820634421265,1778.6538899196325,1.2977730252373616,0.7705507670088156,382.49764171455854,14.27777099609375,0.565887451171875,329.0,3.599135398864746
656.0,21.866666666666667,1016.5370805368564,1776.6777615922792,1.2951227464669934,0.7721275861519163,381.0250187177935,14.20513916015625,1.87738037109375,311.0,3.847222328186035
657.0,21.9,1003.9155177866346,1776.0373266243012,1.2923752102373678,0.7737690974560957,380.29488133364225,14.18121337890625,0.542938232421875,291.0,3.335742712020874
658.0,21.933333333333334,991.3165866816155,1774.0891523985106,1.2896966686479663,0.7753761208426898,380.70268527949304,14.15887451171875,1.849395751953125,275.0,3.5038974285125732
659.0,21.966666666666665,978.748289502988,1772.7564566883448,1.2892362058962676,0.7756530536658387,382.8140037581831,14.127944946289062,1.2345657348632812,258.0,3.3897390365600586
660.0,22.0,965.9246250453077,1771.5266662516167,1.2838817603439991,0.7788879247977346,396.8922469569247,14.382904052734375,1.131744384765625,241.0,4.267148494720459
661.0,22.033333333333335,952.4824799052544,1769.560913900826,1.2816251818181565,0.7802593255708088,391.06764411422927,15.000946044921875,1.867034912109375,223.0,2.5401077270507812
662.0,22.066666666666666,940.0598278682285,1768.252754323473,1.2813288618518242,0.7804397682533762,359.80407254817766,13.982040405273438,1.2099609375,212.0,2.922725200653076
663.0,22.1,928.7001488536634,1766.434584980495,1.2736675655170924,0.7851342273868873,375.93217698166427,12.920196533203125,1.7193603515625,203.0,3.4944019317626953
664.0,22.133333333333333,915.1955494899776,1765.1097017703291,1.2733286742485728,0.7853431876810033,388.9098207814186,15.06268310546875,1.226806640625,181.0,3.0817034244537354
665.0,22.166666666666668,902.8936249920141,1763.9347209039136,1.2683078301993431,0.7884521219448969,370.20093314814517,13.860977172851562,1.0768280029296875,172.0,3.223604202270508
666.0,22.2,890.7054242489335,1762.053685349998,1.2656451513380063,0.790110876609314,376.64870016718055,13.74761962890625,1.782318115234375,157.0,3.9156746864318848
667.0,22.233333333333334,878.0922814892513,1760.0102962804572,1.2630063185665974,0.7917616763270933,382.330661074108,14.172103881835938,1.9443511962890625,490.0,5.401785850524902
668.0,22.266666666666666,865.5446752285925,1757.978015609354,1.2604472147919692,0.7933692012362812,387.9656918227622,14.106536865234375,1.9332275390625,480.0,3.507972002029419
669.0,22.3,852.471998777504,1756.465266188251,1.2552931737236315,0.7966266533846081,386.6482813251531,14.630645751953125,1.414459228515625,467.0,3.5291242599487305
670.0,22.333333333333332,840.0135343625484,1754.429567548398,1.2527546365314004,0.7982409091446495,378.7296641775885,14.01727294921875,1.9366302490234375,456.0,3.666560411453247
671.0,22.366666666666667,827.5547952893896,1752.3876433226073,1.2502289239471032,0.7998535155009018,377.9706470289034,14.0174560546875,1.942962646484375,431.0,3.7410006523132324
672.0,22.4,815.1439535550983,1750.3742835499415,1.2477034597561094,0.8014724910640799,375.490143190042,13.969497680664062,1.9142608642578125,414.0,3.988095283508301
673.0,22.433333333333334,802.740268192877,1749.0900497538385,1.2464713154646347,0.8022647513771626,383.22059035159464,13.96173095703125,1.186004638671875,395.0,3.4387047290802
674.0,22.466666666666665,789.838856390226,1746.8594048249229,1.240097803418986,0.8063880100770848,383.6645365220631,14.45947265625,2.131317138671875,375.0,3.584537982940674
675.0,22.5,777.5271357496845,1744.7873292319446,1.237643066706319,0.8079873970944246,373.3035416663742,13.870208740234375,1.973052978515625,355.0,3.4499008655548096
676.0,22.533333333333335,765.2936926970335,1742.749311256154,1.2351407391171798,0.8096243353731112,371.3472317522028,13.79193115234375,1.9388885498046875,331.0,3.4582624435424805
677.0,22.566666666666666,753.1074908553201,1740.7173967959884,1.2326542930153388,0.8112574674556837,376.5930696952392,13.74462890625,1.9328155517578125,321.0,3.493055582046509
678.0,22.6,740.5152526366535,1738.7057460076978,1.229658475425716,0.8132339344498019,374.83830027046656,14.15008544921875,1.91253662109375,308.0,3.4320082664489746
679.0,22.633333333333333,728.4421489394713,1736.7071567428447,1.227164155913129,0.8148869042348317,366.33735487705536,13.631439208984375,1.899383544921875,303.0,3.631519317626953
680.0,22.666666666666668,716.4194602813518,1734.7244366186164,1.2247312174474156,0.8165056836586558,365.1489343971879,13.58099365234375,1.8836441040039062,294.0,3.858205795288086
681.0,22.7,704.4243595138571,1732.7397633693884,1.222331134324731,0.8181089165763937,370.3945219669193,13.553314208984375,1.885589599609375,285.0,3.814767599105835
682.0,22.733333333333334,692.0700058166747,1730.6199582842228,1.2156365587205487,0.8226142861748869,368.49807700293593,13.912200927734375,2.020538330078125,281.0,3.4372873306274414
683.0,22.766666666666666,680.2064663284771,1728.615631714682,1.213310887606506,0.8241910710722266,361.45477412003066,13.421768188476562,1.9050827026367188,270.0,3.8995890617370605
684.0,22.8,668.3923653168417,1726.1440199888914,1.2125386657040245,0.8247159684754298,360.61875472480034,13.37274169921875,2.3719253540039062,262.0,4.415462017059326
685.0,22.833333333333332,656.5862904282533,1724.1357871693508,1.2102319303914866,0.8262878997718391,363.09993384814965,13.364212036132812,1.9090576171875,256.0,3.5991709232330322
686.0,22.866666666666667,644.5429718873211,1722.0004791544977,1.203670201835561,0.8307923536488898,361.01051199968316,13.6011962890625,2.0360107421875,247.0,3.3192317485809326
687.0,22.9,632.874928004592,1720.0115334443321,1.2013734504453804,0.8323806387008752,355.77433877180175,13.226165771484375,1.8896331787109375,239.0,3.4654903411865234
688.0,22.933333333333334,621.2466790437381,1717.5462693747913,1.2007199609684156,0.832833660226212,342.0576116021894,13.18682861328125,2.365570068359375,229.0,3.8576388359069824
689.0,22.966666666666665,610.535941069212,1715.4306146802508,1.1942982637894692,0.8373117757259672,353.83427614523487,12.27001953125,2.016204833984375,223.0,3.3299319744110107
690.0,23.0,598.103523407186,1712.9819521732102,1.1943361345945143,0.8372852256869103,368.6249162453628,13.989852905273438,2.3489990234375,216.0,2.931370496749878
691.0,23.033333333333335,586.3542417314884,1711.0516002130444,1.1915964651440005,0.8392102773476701,340.27354821959364,13.30694580078125,1.8311843872070312,204.0,3.4598922729492188
692.0,23.066666666666666,575.8659769014937,1708.4990558700663,1.1869964804587276,0.8424624811132879,335.0823162198494,12.048095703125,2.4525909423828125,198.0,3.5921201705932617
693.0,23.1,564.4605978136865,1706.6141140661507,1.1848240154961875,0.8440072001589317,348.0348079224594,12.963272094726562,1.7857513427734375,190.0,2.881838321685791
694.0,23.133333333333333,553.0818300540043,1704.1138158169226,1.1807397903608499,0.8469266540889476,349.2031977566322,12.93731689453125,2.4004669189453125,178.0,3.016439914703369
695.0,23.166666666666668,541.5958235247908,1702.235709950507,1.1781135807431693,0.8488145933851191,352.2947518582058,13.0435791015625,1.7788772583007812,164.0,3.2208049297332764
696.0,23.2,529.9862818393274,1699.8473501778412,1.1746570904181404,0.8513122750095792,352.97049097695606,13.16754150390625,2.288543701171875,489.0,5.386763095855713
697.0,23.233333333333334,518.4409491382389,1698.0432189208007,1.1724614194346166,0.8529065293101237,359.01967886752817,13.102645874023438,1.7050018310546875,480.0,3.384459972381592
698.0,23.266666666666666,506.41539182777547,1695.6903816090726,1.1680246147468147,0.8561463409028958,360.0903326738791,13.582809448242188,2.2531890869140625,474.0,3.65362811088562
699.0,23.3,494.90600883371826,1693.3108108989068,1.1670598250516018,0.8568541033925016,339.74391451172806,13.067306518554688,2.2797927856445312,460.0,4.447031021118164
700.0,23.333333333333332,484.13826402325503,1691.5996972199912,1.161357395267159,0.8610613787583965,337.6388128108707,12.32568359375,1.61199951171875,455.0,4.177792072296143
701.0,23.366666666666667,472.7673087635728,1689.2433198692006,1.1604465683095204,0.8617372202295787,347.7798729860789,12.928863525390625,2.256500244140625,448.0,3.6864724159240723
702.0,23.4,461.4113681523281,1687.01194251841,1.1570710313058459,0.8642511764134491,352.39540294034197,12.91363525390625,2.1317901611328125,432.0,3.6207127571105957
703.0,23.433333333333334,449.70368193561467,1684.772142316057,1.1527299155888195,0.867505897501754,351.1373429611862,13.264892578125,2.14007568359375,425.0,3.9292092323303223
704.0,23.466666666666665,438.4535152501512,1682.4374934808911,1.1518323822383914,0.8681818773463108,341.53857092188235,12.808013916015625,2.234832763671875,411.0,4.083333492279053
705.0,23.5,427.2718910451565,1680.866638591038,1.1471210317140417,0.8717475945025507,339.8880449780386,12.738433837890625,1.47186279296875,403.0,3.657383680343628
706.0,23.533333333333335,416.1296955510993,1678.55335206056,1.1463492289187514,0.8723345161955668,340.7364138747453,12.70001220703125,2.213470458984375,390.0,3.607815980911255
707.0,23.566666666666666,405.0009277914171,1676.3933858425817,1.1429248476444254,0.8749481665929354,334.1513352656305,12.686370849609375,2.06036376953125,381.0,3.6873583793640137
708.0,23.6,394.27639587157887,1674.2304899371036,1.1379253907190972,0.878792237308338,332.73400562002956,12.282669067382812,2.0632171630859375,374.0,4.050665855407715
709.0,23.633333333333333,383.2695153189279,1671.9438147347505,1.1371829034523062,0.8793660166400314,341.9939196526732,12.564666748046875,2.1868896484375,359.0,3.819302797317505
710.0,23.666666666666668,371.91009570377673,1669.80667566521,1.1330420032017696,0.8825798136116603,340.0327620329742,12.916473388671875,2.0374603271484375,348.0,3.807575225830078
711.0,23.7,361.00544903784476,1667.6790580800443,1.1296050340629717,0.8852651766283235,323.50742153305333,12.46221923828125,2.0279541015625,327.0,4.015518665313721
712.0,23.733333333333334,350.90512366097505,1664.9144776042535,1.1268435061389055,0.8874346744265041,322.4566549590537,11.660018920898438,2.664154052734375,316.0,3.865504741668701
713.0,23.766666666666666,340.06737152629285,1662.8084664644005,1.1233280172786073,0.8902119279661663,330.98473878875967,12.395233154296875,2.006378173828125,299.0,3.9849064350128174
714.0,23.8,329.2767995673919,1660.5431535667349,1.122712494747167,0.890699983013192,333.3153797178098,12.348434448242188,2.16552734375,288.0,3.7342333793640137
715.0,23.833333333333332,318.2802339561472,1658.438729340944,1.1186690552951084,0.8939194261847145,333.4631228069769,12.55377197265625,2.004669189453125,283.0,3.6694302558898926
716.0,23.866666666666667,307.5752943214652,1655.720657654216,1.1166019079178404,0.8955743250203904,316.8336550537355,12.26348876953125,2.617767333984375,276.0,3.660111904144287
717.0,23.9,297.717339550064,1653.610007842488,1.112591856538883,0.8988021924867036,315.2944457511889,11.416717529296875,2.01092529296875,269.0,3.5607993602752686
718.0,23.933333333333334,287.1175024544443,1650.8932789291973,1.110576789429251,0.9004330087916939,329.2340930419688,12.158477783203125,2.616424560546875,259.0,3.7666525840759277
719.0,23.966666666666665,276.3038592064811,1648.7914181799692,1.1065777185715004,0.9036870914868199,327.8046764871153,12.370880126953125,2.002105712890625,243.0,3.8690476417541504
720.0,24.0,265.7955748452364,1646.101910946366,1.104611139536163,0.9052959581956684,309.67548083375107,12.066925048828125,2.58917236328125,229.0,3.599418878555298
721.0,24.033333333333335,256.2103861871167,1644.0511976580754,1.100632299400562,0.908568647807838,308.70727762136755,11.144073486328125,1.95098876953125,216.0,3.4101827144622803
722.0,24.066666666666666,245.75953590790323,1641.3994101510348,1.0987314583507042,0.9101405010293333,323.52098921650867,12.009490966796875,2.551513671875,205.0,3.0661139488220215
723.0,24.1,235.16391023806477,1639.3366119018065,1.0947616159440556,0.9134408673413901,322.6583024252606,12.152862548828125,1.963104248046875,200.0,3.585813522338867
724.0,24.133333333333333,224.76786952916382,1636.7032570119534,1.0931467377383162,0.91479027058066,307.1033388347462,11.954605102539062,2.5330352783203125,192.0,3.16269850730896
725.0,24.166666666666668,215.32226827338786,1634.2892624736628,1.0878618188909523,0.9192343941434352,306.02341302032704,11.00518798828125,2.313934326171875,181.0,3.581916093826294
726.0,24.2,204.99269484964316,1631.6866693025597,1.0866427964860939,0.9202656137175225,318.6032406078438,11.888092041015625,2.5023193359375,171.0,3.4286422729492188
727.0,24.233333333333334,194.73550912121118,1629.0612489830191,1.0847668283899912,0.921857097607048,322.660139539191,11.815902709960938,2.5249786376953125,150.0,3.66351318359375
728.0,24.266666666666666,184.14403384199773,1626.3911509291033,1.0828509726310844,0.9234881117299316,320.44073637708834,12.149612426757812,2.56976318359375,494.0,5.343643665313721
729.0,24.3,174.17426266434677,1623.2646319767503,1.0790602362344994,0.9267323235722327,326.8141642384802,11.529815673828125,3.025726318359375,482.0,3.726296901702881
730.0,24.333333333333332,163.14534842028957,1620.5812282587722,1.076328435888493,0.9290844380363462,324.73461920996806,12.586441040039062,2.5830230712890625,468.0,3.700432300567627
731.0,24.366666666666667,153.18772323873236,1617.9501927048564,1.0753645835770733,0.9299171790404498,316.40189748879976,11.5166015625,2.53070068359375,457.0,4.328302383422852
732.0,24.4,142.85131387748766,1614.8291669165658,1.0707894876108197,0.9338903786132907,322.52793563900013,11.89581298828125,3.0202789306640625,450.0,3.9674036502838135
733.0,24.433333333333334,132.47047092249295,1612.1947133939002,1.0689392928910075,0.9355068212484198,312.7091179936491,11.939132690429688,2.5340576171875,440.0,3.6686861515045166
734.0,24.466666666666665,122.808805213592,1609.0927305743596,1.0652746056003088,0.9387250899841689,313.6940846198645,11.22198486328125,3.0012054443359375,436.0,3.4349844455718994
735.0,24.5,112.49375815703479,1606.0074713876315,1.062551037582074,0.9411312629985151,247.44950064692446,11.8743896484375,2.984405517578125,427.0,4.464498519897461
736.0,24.533333333333335,107.49304215516531,1602.9635940368407,1.0595985175202807,0.9437536797807572,102.42281989596555,6.568359375,2.943084716796875,416.0,4.5927581787109375
737.0,24.566666666666666,109.66505564548288,1599.7927635610502,1.058807160394967,0.9444590454289806,119.89213731428393,-0.592498779296875,3.0700340270996094,412.0,3.1747803688049316
738.0,24.6,112.47696171392568,1596.7149506633846,1.055205356480774,0.9476828314586178,118.3408486576859,-1.2313995361328125,2.9769744873046875,412.0,3.7165887355804443
739.0,24.633333333333333,114.6591070401812,1593.6852334688438,1.0524087240611928,0.9502011691247197,124.26283907541715,-0.602996826171875,2.9290771484375,409.0,3.697420597076416
740.0,24.666666666666668,117.44427971018649,1590.0852037743032,1.0497446468679994,0.9526126215395175,123.83812738999434,-1.203857421875,3.498809814453125,409.0,3.6698553562164307
741.0,24.7,119.63692308331679,1587.0988215407,1.0470325025251512,0.9550801886171424,123.318595824079,-0.613372802734375,2.8858489990234375,408.0,3.6352040767669678
742.0,24.733333333333334,122.39743755019708,1583.523572119597,1.044429090381245,0.9574608838547123,123.23157493369024,-1.1793670654296875,3.474151611328125,408.0,3.7311153411865234
743.0,24.766666666666666,124.56664342332738,1580.5268139094314,1.0417456823628417,0.9599271846578178,122.97543422730661,-0.5899810791015625,2.8962860107421875,408.0,3.8496670722961426
744.0,24.8,127.35413542927017,1576.9933125352031,1.0391651022142043,0.9623109916501688,129.72894846228954,-1.206390380859375,3.4324951171875,403.0,4.230229377746582
745.0,24.833333333333332,129.51443016958797,1573.4333219031626,1.0373777265641206,0.9639690292099111,122.12112216871093,-0.5800323486328125,3.459136962890625,398.0,3.687074661254883
746.0,24.866666666666667,132.29105791771826,1570.519571505497,1.0339447226165905,0.967169693046368,121.65441229630525,-1.19677734375,2.81341552734375,398.0,3.84304141998291
747.0,24.9,134.45025402522378,1566.9979109515812,1.0321003225886913,0.9688980597271998,125.08858513353633,-0.5789947509765625,3.4208526611328125,398.0,3.6386055946350098
748.0,24.933333333333334,137.20014837491658,1563.778374421103,1.0279755424923052,0.9727857898014975,120.28732148447133,-1.1695404052734375,3.119049072265625,398.0,4.188243865966797
749.0,24.966666666666665,139.38168334960938,1560.67431640625,1.0271158334180042,0.9736000239352081,113.81934767360451,-0.6021728515625,3.003631591796875,396.0,3.6441681385040283
