frame,tiempo_s,x_mapa_px,y_mapa_px,zoom_relativo,altitud_relativa,rapidez_instantanea_px_s,flujo_x_px,flujo_y_px,puntos_validos,error_LK
0.0,0.0,139.38168334960938,1560.67431640625,1.0,1.0,572.7140740229449,0.0,0.0,500.0,0.0
1.0,0.03333333333333333,157.2112546900699,1567.4972481496711,1.0083047151565552,0.9917636850926898,301.69475897960797,-16.826858520507812,-6.571144104003906,370.0,54.710174560546875
2.0,0.06666666666666667,158.20957297877263,1567.748402549342,1.008304835355844,0.9917635668652596,29.95884884211461,0.0,0.0,369.0,0.08142007142305374
3.0,0.1,159.20837954872533,1567.5201868318256,1.007353337672715,0.9927003391980579,30.8244929180621,-0.000457763671875,0.479400634765625,369.0,1.7434098720550537
4.0,0.13333333333333333,160.20657576711554,1567.2637728721218,1.0082438945269847,0.9918235115811415,39.62131809186107,0.0001220703125,0.507598876953125,369.0,1.571853756904602
5.0,0.16666666666666666,161.80509852359168,1567.0362895764802,1.006572143465429,0.9934707675867104,41.60244834114908,-0.60003662109375,0.47869873046875,369.0,2.8647959232330322
6.0,0.2,162.80268439041942,1566.2878101870888,1.0065810229289367,0.9934620037741351,42.58572647472298,0.000732421875,0.999603271484375,369.0,0.6981292366981506
7.0,0.23333333333333334,164.48996752287212,1566.113427477385,1.0048922300664378,0.99513158732841,53.41952092280163,-0.68878173828125,0.4256591796875,369.0,3.1597931385040283
8.0,0.26666666666666666,166.08768156352795,1564.912433439556,1.0032080674660988,0.9968021913198907,48.688316811034845,-0.5992431640625,1.45220947265625,369.0,3.266014814376831
9.0,0.3,167.08567941766037,1564.164564401727,1.0032202658216403,0.9967900710029987,48.53022815738257,0.00030517578125,0.9990234375,369.0,0.7109552025794983
10.0,0.3333333333333333,168.71154592413652,1563.0196006373355,1.0015854271173186,0.9984170824830373,60.45667989881878,-0.62738037109375,1.39630126953125,369.0,3.1773667335510254
11.0,0.36666666666666664,170.3699899452611,1561.8283722245067,0.9998931951929595,1.0001068162155258,60.41168593277043,-0.65997314453125,1.4425048828125,369.0,3.2463152408599854
12.0,0.4,171.99651257966696,1560.68951197574,0.9983239725144513,1.0016788412696607,59.781227117774456,-0.628082275390625,1.39013671875,369.0,3.528982400894165
13.0,0.43333333333333335,173.61239983809622,1559.5109788754112,0.9965936935174606,1.0034179490645951,68.20401606159311,-0.617401123046875,1.429840087890625,368.0,3.2540745735168457
14.0,0.4666666666666667,175.89636265804893,1558.3516108141448,0.9945480207659532,1.005481866255033,71.50496591573197,-1.28533935546875,1.4106597900390625,368.0,3.273207187652588
15.0,0.5,177.50999161569695,1556.7663394325657,0.9917656696355469,1.0083026975187386,67.46637354822565,-0.615203857421875,1.8365936279296875,368.0,3.3919358253479004
16.0,0.5333333333333333,179.13977963096218,1555.2355114103618,0.9890136839077471,1.0111083560025622,68.86575617967264,-0.6313323974609375,1.78216552734375,368.0,3.4399800300598145
17.0,0.5666666666666667,180.74927345677426,1553.5129109272204,0.9885403169390093,1.011592529778123,75.8261552187931,-0.611053466796875,1.9738998413085938,368.0,2.688279628753662
18.0,0.6,182.99980426989103,1551.9714627878288,0.9853525408367625,1.0148651965222506,79.48151279774157,-1.251953125,1.7928619384765625,368.0,3.152104616165161
19.0,0.6333333333333333,184.5949090576172,1549.86763671875,0.9836722300990728,1.0165987911433494,78.72782572235714,-0.5966796875,2.3553009033203125,368.0,3.3656463623046875
20.0,0.6666666666666666,186.81138225354647,1548.3632979543586,0.9805435981573778,1.0198424648115436,72.98138191673958,-1.217926025390625,1.755767822265625,368.0,3.3173539638519287
21.0,0.7,188.42449241236636,1546.8665275493422,0.9778054521161232,1.0226983269891208,72.43952532582912,-0.6147003173828125,1.748138427734375,368.0,3.48820161819458
22.0,0.7333333333333333,190.6082660233347,1545.3790344880756,0.9746691947663179,1.0259891308453175,84.89929869208997,-1.185211181640625,1.738922119140625,367.0,3.2624716758728027
23.0,0.7666666666666667,192.819856406764,1543.3005990439967,0.9726108956080683,1.0281603923168146,81.37033610907196,-1.21307373046875,2.330047607421875,363.0,3.2414965629577637
24.0,0.8,195.02291712710732,1542.2265581311678,0.9706474956129527,1.0302401278731075,68.3347700375235,-1.20452880859375,1.325408935546875,363.0,3.6758787631988525
25.0,0.8333333333333334,196.5998639558491,1540.7578638980262,0.9679618619091038,1.0330985541390107,71.45760698518292,-0.57855224609375,1.72015380859375,363.0,3.507723808288574
26.0,0.8666666666666667,198.78470568205182,1539.3036960320724,0.9648934675043401,1.0363838430645216,68.25905091318296,-1.18634033203125,1.70562744140625,363.0,3.356717586517334
27.0,0.9,200.3647042686061,1538.201701017681,0.9633080305511119,1.0380895500558596,60.749305900655585,-0.58160400390625,1.35345458984375,363.0,3.4776077270507812
28.0,0.9333333333333333,202.51721262078536,1537.7319081517269,0.9603258735299015,1.0413131912444127,60.577030745576636,-1.15399169921875,0.721099853515625,363.0,3.300382614135742
29.0,0.9666666666666667,204.0948155774568,1536.653960988898,0.958751318840431,1.04302333707291,60.3190325189672,-0.5792236328125,1.329315185546875,363.0,3.489299774169922
30.0,1.0,206.23082917865955,1536.1892950760691,0.9558064695303615,1.0462369024258154,60.15893046005806,-1.137542724609375,0.716033935546875,363.0,3.2662272453308105
31.0,1.0333333333333334,207.8066010806435,1535.1349074835525,0.9542744187074711,1.047916595474143,52.6280832241543,-0.577362060546875,1.305877685546875,363.0,3.4825680255889893
32.0,1.0666666666666667,209.38037408126027,1534.6432640316611,0.9517038206965099,1.0507470688392784,56.37161098308791,-0.575408935546875,0.742950439453125,363.0,3.5936083793640137
33.0,1.1,211.51444981625207,1534.5223481188323,0.9497802998420369,1.0528750703360719,56.36054853363728,-1.13555908203125,0.372222900390625,362.0,3.1481361389160156
34.0,1.1333333333333333,213.09394486276727,1534.071232010691,0.9473338417611686,1.0555940851230659,56.341788330977856,-0.5811004638671875,0.7023773193359375,362.0,3.5119402408599854
35.0,1.1666666666666667,215.22611324912623,1533.9461657072368,0.9452861769735408,1.0578806972525852,55.882885235440746,-1.1336669921875,0.3763427734375,362.0,3.158942699432373
36.0,1.2,216.81296303196956,1533.851128700658,0.9438508840100226,1.0594893928068634,55.47320589564691,-0.5884246826171875,0.346343994140625,362.0,3.879960298538208
37.0,1.2333333333333334,218.90574848375823,1534.316394428454,0.940979987285446,1.062721857544299,55.253804111287785,-1.0942840576171875,-0.214019775390625,362.0,3.312925100326538
38.0,1.2666666666666666,220.48077270507812,1534.1916943359374,0.9394080431617219,1.0645001469588726,47.22453914542538,-0.5766448974609375,0.37591552734375,362.0,3.6384992599487305
39.0,1.3,222.03535014905427,1534.659035259046,0.9370533660544426,1.0671750790572372,47.88121942313915,-0.556121826171875,-0.216156005859375,362.0,3.6814768314361572
40.0,1.3333333333333333,223.59156028346013,1534.9075041118422,0.9366317337728802,1.0676554764719146,47.92527658499632,-0.55780029296875,0.0027313232421875,362.0,3.0143847465515137
41.0,1.3666666666666667,225.14674807899877,1535.385221011513,0.9341357375250372,1.0705082353978534,58.07744953408102,-0.5567779541015625,-0.2266082763671875,362.0,3.6933815479278564
42.0,1.4,227.2412119975843,1536.2002181846217,0.9322594166730641,1.0726628040601407,60.113430868240044,-1.095947265625,-0.5639190673828125,362.0,3.326636791229248
43.0,1.4333333333333333,228.804471692537,1537.0227837171053,0.9308193980917284,1.0743222606341236,50.50868250382839,-0.5648345947265625,-0.571380615234375,362.0,3.6922478675842285
44.0,1.4666666666666666,230.3553259919819,1537.4810914370887,0.9284200043836619,1.077098721783636,50.21128763473379,-0.552398681640625,-0.20721435546875,362.0,3.6496598720550537
45.0,1.5,231.89612474943462,1538.3060983758223,0.926976508882719,1.078775988838483,52.435290423758346,-0.5423583984375,-0.5739593505859375,362.0,3.7349419593811035
46.0,1.5333333333333334,233.44656706157485,1539.113283048931,0.9255423852316579,1.0804475472505841,55.08841889214358,-0.5520172119140625,-0.5560302734375,362.0,3.7235684394836426
47.0,1.5666666666666667,234.98085031609787,1540.2991298314146,0.925149488527722,1.0809063966423358,62.119640506307,-0.5358428955078125,-0.9348373413085938,362.0,3.147463321685791
48.0,1.6,237.07963247198808,1541.1010654810855,0.923316528339413,1.0830522029086844,63.21514440441245,-1.1002349853515625,-0.55078125,362.0,3.7639241218566895
49.0,1.6333333333333333,238.61084870990953,1542.4401105057566,0.9209889773361322,1.0857893249628234,68.11507513414014,-0.5327606201171875,-1.0880126953125,362.0,3.786529064178467
50.0,1.6666666666666667,241.07611646150286,1543.2571828741777,0.9195492952744827,1.0874892788662331,172.5366459313962,-1.4666595458984375,-0.5659332275390625,362.0,3.717899799346924
51.0,1.7,249.90779351485403,1544.604650750411,0.917190846400983,1.0902856302196609,266.8327163705416,-7.8319854736328125,-1.095977783203125,362.0,3.017573595046997
52.0,1.7333333333333334,258.6829520135177,1545.7953803453947,0.9167169222739139,1.0908492858618806,273.24963424083376,-7.775482177734375,-0.9391937255859375,362.0,2.5115504264831543
53.0,1.7666666666666666,267.89471024362666,1547.4885513466284,0.9147927540199035,1.0931437701115008,273.2116997089414,-8.212066650390625,-1.441802978515625,362.0,3.2536139488220215
54.0,1.8,276.6494067061575,1548.7887780119243,0.9125098637581756,1.0958785649521594,278.6754835228731,-7.7550811767578125,-1.0486907958984375,362.0,3.2432327270507812
55.0,1.8333333333333333,286.2256516306024,1550.5105134662829,0.9111005145795215,1.0975737407650419,277.2863104103421,-8.576492309570312,-1.470306396484375,362.0,3.6412272453308105
56.0,1.8666666666666667,294.90525959215665,1551.6951395456415,0.9107285196952171,1.0980220541843342,278.1679647272238,-7.6801300048828125,-0.9330902099609375,362.0,2.8535642623901367
57.0,1.9,304.45451171875,1553.917607421875,0.9084997958811393,1.1007157123575533,292.04541009137733,-8.549484252929688,-1.971160888671875,362.0,3.649765968322754
58.0,1.9333333333333333,313.9791209010074,1555.601134868421,0.9071053584343224,1.102407775129909,289.9038577179162,-8.524993896484375,-1.4320526123046875,362.0,3.668863296508789
59.0,1.9666666666666666,323.4881203420539,1557.2719670024671,0.9057808621671488,1.1040197930517375,295.4409788596845,-8.5093994140625,-1.4194183349609375,362.0,3.8023667335510254
60.0,2.0,333.38985049599097,1558.9415784333883,0.9039369305180327,1.1062718716746256,303.7440647328366,-8.902069091796875,-1.41815185546875,362.0,3.684134006500244
61.0,2.033333333333333,343.3576512065687,1561.1768636924342,0.9020055357533542,1.1086406461627765,303.844848228079,-8.968086242675781,-1.98388671875,362.0,2.069408893585205
62.0,2.066666666666667,353.18089014956826,1563.2582182874178,0.9012719298001761,1.109543043487123,307.8633854491673,-8.823623657226562,-1.8300018310546875,362.0,2.9484128952026367
63.0,2.1,363.4303375886616,1565.458347296464,0.8988336867478264,1.1125528723986915,309.3831461880014,-9.249725341796875,-1.948699951171875,359.0,3.1938774585723877
64.0,2.1333333333333333,373.36108995939554,1567.5211472039473,0.8989779097395746,1.1123743855838355,300.791265708006,-8.93115234375,-1.81146240234375,356.0,2.507901191711426
65.0,2.1666666666666665,383.02920805278575,1569.700646330181,0.8962592559291654,1.115748588797875,310.91922323729796,-8.668502807617188,-1.9280853271484375,354.0,3.1841695308685303
66.0,2.2,393.56030222039476,1572.172992136102,0.8944960353208596,1.1179479399719146,327.9155832695453,-9.531364440917969,-2.221038818359375,352.0,3.1461167335510254
67.0,2.2333333333333334,404.31521230597247,1574.681714895148,0.8935602841261491,1.119118673652716,326.68902006374213,-9.755134582519531,-2.25738525390625,348.0,3.5096726417541504
68.0,2.2666666666666666,414.75933137592517,1577.166756013569,0.8918634095879504,1.1212479279332805,325.8728021522165,-9.444435119628906,-2.233642578125,342.0,3.327699661254883
69.0,2.3,425.4608967349404,1579.6646145148027,0.8909249902000462,1.1224289485644154,325.20919347747105,-9.701820373535156,-2.2466278076171875,338.0,3.645585298538208
70.0,2.3333333333333335,435.8671740080181,1582.117307000411,0.8892359876719568,1.124560874575068,330.5821793816978,-9.4066162109375,-2.2013397216796875,336.0,3.20695161819458
71.0,2.3666666666666667,446.82981724789266,1585.0570600328947,0.8870744888384644,1.1273010469610059,339.33879546669743,-9.962783813476562,-2.68841552734375,333.0,2.4518849849700928
72.0,2.4,457.728678749486,1587.9358999794408,0.8866804735804606,1.1278019870697606,338.6890816271568,-9.8990478515625,-2.627532958984375,331.0,3.531675100326538
73.0,2.433333333333333,468.65454830772,1590.8453795744244,0.8845206942563261,1.130555798743369,327.8684155952901,-9.926010131835938,-2.6582794189453125,328.0,2.543402671813965
74.0,2.466666666666667,478.8124124948602,1593.7016365131578,0.8838430115583165,1.1314226473736388,323.1199944568568,-9.158126831054688,-2.60498046875,323.0,3.4902918338775635
75.0,2.5,489.40927204332854,1596.613435444079,0.8818459745718371,1.1339848781251514,335.07450213489216,-9.597009658813477,-2.6604766845703125,322.0,3.911139488220215
76.0,2.533333333333333,500.2700476074219,1599.9120751953126,0.8806398316945862,1.1355380077184711,327.31917817985874,-9.86077880859375,-3.04742431640625,313.0,2.66007661819458
77.0,2.566666666666667,510.3317509058902,1602.8116670949835,0.8780894891644223,1.1388360894190706,324.7123171758282,-9.061874389648438,-2.6483154296875,309.0,2.8207199573516846
78.0,2.6,521.142569194593,1605.6524211040296,0.8775748998632257,1.139503876143056,325.6394781975893,-9.811050415039062,-2.5894927978515625,305.0,3.4956774711608887
79.0,2.6333333333333333,531.1595947586862,1608.9349475740132,0.8761959684892603,1.1412971937364687,309.0077249235424,-9.017021179199219,-3.031341552734375,293.0,2.6594388484954834
80.0,2.6666666666666665,540.6663664165296,1612.2252865439966,0.8700752619837826,1.1493258614432817,317.65000557533705,-8.50677490234375,-3.03912353515625,281.0,3.049532413482666
81.0,2.7,551.2961544317948,1615.4901128186677,0.8688858407989092,1.150899178056045,331.2302999046545,-9.629806518554688,-3.013580322265625,271.0,3.5347931385040283
82.0,2.7333333333333334,561.7610864900288,1618.7543287417764,0.8679023556892955,1.152203348043446,323.45380358316567,-9.464881896972656,-3.0129852294921875,254.0,3.771258592605591
83.0,2.7666666666666666,571.7028557064659,1622.4582419305098,0.8674084279904376,1.1528594462896136,324.85237416111727,-8.94146728515625,-3.452728271484375,248.0,3.288052797317505
84.0,2.8,582.1305563193873,1626.1097869551809,0.8652494737792011,1.1557360394941831,321.7492221556727,-9.427452087402344,-3.4002685546875,239.0,4.308035850524902
85.0,2.8333333333333335,592.015318699887,1629.3505653782895,0.8639430293923747,1.157483729804865,323.9940903915431,-8.884658813476562,-2.9895782470703125,228.0,2.777813196182251
86.0,2.8666666666666667,602.4335588635896,1633.4807480982731,0.8629216257227791,1.158853794123429,323.06751117266293,-9.417621612548828,-3.8790283203125,212.0,3.8440334796905518
87.0,2.9,612.2577438515111,1636.7073663651315,0.8615532205086867,1.1606944019193268,322.30666806434505,-8.824089050292969,-2.975311279296875,197.0,2.864654302597046
88.0,2.933333333333333,622.6438795230263,1640.7772463507401,0.8605377747170643,1.1620640364437103,323.00658811027824,-9.385498046875,-3.8185882568359375,188.0,3.734410285949707
89.0,2.966666666666667,632.3903667570415,1644.3481028988488,0.858040723925887,1.1654458490321895,311.8560280424572,-8.746109008789062,-3.3197021484375,185.0,3.337655782699585
90.0,3.0,641.9796274285568,1648.4172504625822,0.8569492254835933,1.1669302804208503,312.43204257254774,-8.588546752929688,-3.81781005859375,173.0,3.9011478424072266
91.0,3.033333333333333,651.5762733539782,1652.4561245888158,0.8557157902165634,1.1686123026278636,322.6188952628419,-8.595870971679688,-3.787628173828125,166.0,4.0874433517456055
92.0,3.066666666666667,661.9221258223685,1656.4725377775494,0.8546830483528176,1.1700243756176556,329.0526535558716,-9.345142364501953,-3.765167236328125,153.0,3.9666242599487305
93.0,3.1,671.8006931345086,1660.9530622944078,0.8541138103825671,1.170804157296191,328.3532158678315,-8.877426147460938,-4.229221343994141,494.0,5.181972980499268
94.0,3.1333333333333333,682.0615236302426,1665.0507743112664,0.8523134591925741,1.1732772599265704,327.4887968434287,-9.25994873046875,-3.846343994140625,481.0,3.7607710361480713
95.0,3.1666666666666665,691.904751586914,1669.46708984375,0.850498563423833,1.1757809395636394,322.9049774482058,-8.842041015625,-4.1649169921875,467.0,3.468395709991455
96.0,3.2,701.6754697779605,1673.922345805921,0.8500119042421864,1.17645411200627,322.39412205224653,-8.769432067871094,-4.203914642333984,458.0,3.8893141746520996
97.0,3.2333333333333334,711.4914760549445,1678.3162004009046,0.8481455195852521,1.1790429553751645,322.203499511088,-8.814804077148438,-4.1424560546875,446.0,3.5288760662078857
98.0,3.2666666666666666,721.2620721756784,1682.7408167146382,0.8475889770680005,1.1798171366730408,324.66164054723913,-8.769187927246094,-4.173206329345703,438.0,3.5254392623901367
99.0,3.3,731.0377342143812,1687.6119662314968,0.8464153918952705,1.181452995273192,322.5734052034795,-8.773933410644531,-4.619720458984375,422.0,4.071074485778809
100.0,3.3333333333333335,740.2372854132401,1692.8601909436677,0.8440936696062434,1.184702641433722,316.9872919932469,-8.1973876953125,-4.99656343460083,414.0,3.9396257400512695
101.0,3.3666666666666667,749.6035236238179,1697.7061939761513,0.8434528468934778,1.1856027324859963,320.179654256943,-8.364410400390625,-4.594482421875,405.0,4.491142272949219
102.0,3.4,759.2768907406455,1702.5098386101974,0.8422790061011726,1.187255045841523,316.5099429087679,-8.671401977539062,-4.552116394042969,394.0,4.083014488220215
103.0,3.433333333333333,768.1541763145045,1707.7616033614308,0.8418995160232526,1.1877902065124608,318.7601347194258,-7.87493896484375,-5.000030517578125,385.0,2.5398242473602295
104.0,3.466666666666667,777.7795697985198,1712.961732370477,0.8400742279065693,1.1903710014910935,318.49187405203224,-8.62298583984375,-4.94842529296875,373.0,4.17389440536499
105.0,3.5,786.6387279309724,1718.209224660773,0.839655222683109,1.1909650211005787,321.0669387201133,-7.8567047119140625,-4.995735168457031,364.0,2.5437569618225098
106.0,3.533333333333333,796.221457840769,1723.8267120682565,0.8384962261221244,1.1926112114121228,319.5125434905981,-8.579872131347656,-5.3656463623046875,362.0,4.3131022453308105
107.0,3.566666666666667,805.0317268130653,1728.952744397615,0.8366707698212035,1.1952132619784244,308.36745257806103,-7.807670593261719,-4.874204635620117,350.0,3.761833906173706
108.0,3.6,813.7798619962994,1734.5190843441612,0.8355401293327347,1.1968306068059276,317.8511605138224,-7.7451019287109375,-5.31439208984375,331.0,4.1579508781433105
109.0,3.6333333333333333,822.5426456170333,1740.8853510485196,0.8344200807198604,1.1984371219078196,317.6548546970225,-7.758880615234375,-6.114166259765625,319.0,3.760345697402954
110.0,3.6666666666666665,831.2568452533923,1746.4781802528782,0.8332608500559995,1.200104384998761,314.4601472130036,-7.7109832763671875,-5.3406982421875,315.0,4.113378524780273
111.0,3.7,839.970983854595,1752.5362194181744,0.8328310386143166,1.2007237406327014,310.6065965878702,-7.71038818359375,-5.805732727050781,306.0,3.903946876525879
112.0,3.7333333333333334,847.8673734323602,1758.842427528783,0.831784515522758,1.202234450555409,312.3540212162861,-6.892265319824219,-6.053855895996094,298.0,3.088045597076416
113.0,3.7666666666666666,856.5108943577817,1765.1874539987664,0.8306033639957219,1.2039440764956384,312.1677842603489,-7.63922119140625,-6.09246826171875,289.0,4.073412895202637
114.0,3.8,864.3862268066406,1771.5007421875,0.8295189447401694,1.20551797682358,308.9562530040388,-6.871025085449219,-6.0606842041015625,282.0,3.1254959106445312
115.0,3.8333333333333335,872.7849967554996,1777.8125655324836,0.8288087923165908,1.2065509068803617,308.2757385320285,-7.394317626953125,-6.059211730957031,276.0,4.26038122177124
116.0,3.8666666666666667,880.6102803762335,1784.116332236842,0.8276335954090455,1.2082641467759232,311.74948286033907,-6.820777893066406,-6.051017761230469,266.0,3.303359031677246
117.0,3.9,888.6264819657175,1791.2659241365131,0.8261100134515736,1.2104925297078726,307.95339957952194,-7.0107574462890625,-6.896537780761719,260.0,3.6026430130004883
118.0,3.933333333333333,896.168684531764,1797.5113412314968,0.8254956952877125,1.2113933551785112,304.80068090814063,-6.53753662109375,-5.992454528808594,254.0,4.282454490661621
119.0,3.966666666666667,903.9744979376542,1804.5829302014802,0.8242572462714757,1.2132134773743222,308.2228997540623,-6.800140380859375,-6.818328857421875,245.0,3.6632652282714844
120.0,4.0,911.1120984529194,1811.6153346011513,0.8227163467401077,1.2154857551601503,305.18964091906935,-6.1319427490234375,-6.7789306640625,241.0,3.8743622303009033
121.0,4.033333333333333,918.6306193783408,1818.695224352385,0.8219487103401312,1.2166209246635222,304.5333441037646,-6.512645721435547,-6.826343536376953,228.0,4.513711929321289
122.0,4.066666666666666,925.7373361045436,1825.6966228926808,0.820498597289351,1.2187711268534287,303.8151493974449,-6.100921630859375,-6.747749328613281,220.0,3.7687783241271973
123.0,4.1,933.2379126940275,1832.726097604852,0.8196185423232457,1.2200797668211054,307.59358750791995,-6.494501113891602,-6.775634765625,212.0,4.570401191711426
124.0,4.133333333333334,940.1403447522615,1840.293169973273,0.8194133594205664,1.2203852774711073,303.6706286104925,-5.895713806152344,-7.312950134277344,206.0,3.685622215270996
125.0,4.166666666666667,947.0322177284643,1847.5438360916942,0.8177769958430797,1.2228272561874391,302.8277924040199,-5.8854522705078125,-6.996551513671875,199.0,3.5119755268096924
126.0,4.2,953.8894227359169,1855.076240491365,0.8174154179892115,1.2233681650634076,306.64399801670794,-5.8503570556640625,-7.2779388427734375,187.0,3.7006802558898926
127.0,4.233333333333333,960.5420989347759,1862.8864769222862,0.8167192328231119,1.2244109845966904,296.500350680863,-5.645301818847656,-7.555450439453125,183.0,4.819090366363525
128.0,4.266666666666667,966.7539182000411,1870.0837983141448,0.814607385794479,1.227585236076284,292.8922080830367,-5.2052459716796875,-6.9427642822265625,169.0,4.001984119415283
129.0,4.3,973.4029322895251,1877.5789712685032,0.8145833028200836,1.2276215293610913,304.6724811077696,-5.641811370849609,-7.240409851074219,162.0,4.502196788787842
130.0,4.333333333333333,980.034612394634,1885.4519518400493,0.8128874454382093,1.230182610903681,305.2262509938016,-5.623992919921875,-7.61773681640625,499.0,5.677579402923584
131.0,4.366666666666666,986.2541220895868,1893.3556941303455,0.8118266402527469,1.231790077360197,304.93570438848286,-5.2116241455078125,-7.6483001708984375,486.0,3.9502196311950684
132.0,4.4,992.8909291478208,1901.1994998972039,0.8113268340055619,1.232548903951505,313.8168224155647,-5.62896728515625,-7.588287353515625,475.0,4.977607727050781
133.0,4.433333333333334,999.0841326904297,1909.8809521484375,0.8102570879347575,1.234176182955552,306.0430497096617,-5.184234619140625,-8.425140380859375,465.0,3.917304515838623
134.0,4.466666666666667,1004.9360886744449,1917.667384868421,0.8085578253372572,1.2367699237625838,292.5702428560814,-4.843963623046875,-7.5305023193359375,453.0,4.1686506271362305
135.0,4.5,1010.7730910451788,1925.4950773540295,0.8081324668411618,1.2374208945085605,300.7234822621741,-4.8288726806640625,-7.5717010498046875,440.0,3.9338860511779785
136.0,4.533333333333333,1016.9057477127878,1933.750260074013,0.8075781443344713,1.2382702615411967,310.1303522500418,-5.123931884765625,-7.998695373535156,429.0,2.8134920597076416
137.0,4.566666666666666,1022.729871665553,1942.3623763877467,0.8070200142738249,1.2391266416110176,297.5611421665347,-4.8148193359375,-8.355026245117188,414.0,3.7825608253479004
138.0,4.6,1028.0828042120684,1950.1391655530429,0.805952820167444,1.2407674183610908,299.9133074754932,-4.344635009765625,-7.5202484130859375,407.0,4.3073272705078125
139.0,4.633333333333334,1034.2337714265523,1958.7156373355263,0.8048885265009137,1.2424080690369548,306.15346003424924,-5.1414642333984375,-8.319137573242188,392.0,3.8596584796905518
140.0,4.666666666666667,1039.6423070004112,1966.9604440789474,0.804345160578275,1.2432473632104173,298.8480395242244,-4.399383544921875,-7.987457275390625,385.0,3.2767856121063232
141.0,4.7,1044.9692385703638,1975.499074064556,0.8032562858038753,1.244932679237274,296.36819779881995,-4.317352294921875,-8.280891418457031,370.0,4.041808128356934
142.0,4.733333333333333,1050.3224152575042,1983.582992136102,0.8018437947836854,1.2471256951857705,295.3034644540431,-4.3441619873046875,-7.82635498046875,363.0,4.117772102355957
143.0,4.766666666666667,1055.315667628238,1992.247964895148,0.8023091134149776,1.2464023943883222,300.66682045661963,-3.98333740234375,-8.4066162109375,349.0,3.082270383834839
144.0,4.8,1060.656332108347,2000.7582745682566,0.8012642169239199,1.2480277777023832,295.0513272274736,-4.3308258056640625,-8.251968383789062,336.0,4.284757614135742
145.0,4.833333333333333,1065.1958491275186,2009.25662135074,0.8001641345280907,1.2497435924065325,294.5532948633523,-3.5297698974609375,-8.239768981933594,328.0,4.17389440536499
146.0,4.866666666666666,1070.518325131065,2017.7390989925987,0.7990864999181732,1.2514289755895018,293.99837340780505,-4.31256103515625,-8.223709106445312,321.0,4.06845235824585
147.0,4.9,1075.0424002557052,2026.2036322985198,0.798058803224709,1.2530404977168461,290.88398399749354,-3.514190673828125,-8.205535888671875,313.0,4.356434345245361
148.0,4.933333333333334,1080.0136189350328,2034.647657791941,0.7976807802375085,1.2536343168532293,297.148410985689,-3.961181640625,-8.1849365234375,303.0,2.6640448570251465
149.0,4.966666666666667,1084.5237780440482,2043.5971764494243,0.7970384408087852,1.2546446304211651,296.5514106963331,-3.49951171875,-8.68963623046875,293.0,4.753259658813477
150.0,5.0,1089.495790180407,2051.995425575658,0.7967213302945975,1.2551440032743164,289.6327781576996,-3.96173095703125,-8.13873291015625,289.0,2.3413407802581787
151.0,5.033333333333333,1093.9932539769222,2060.424558490954,0.7957046534537988,1.2567477086623111,293.1502126877328,-3.4873504638671875,-8.169357299804688,282.0,4.217864036560059
152.0,5.066666666666666,1098.4968212890626,2069.3425830078127,0.7950778490602662,1.2577384732601207,296.5827015853693,-3.4925994873046875,-8.657546997070312,275.0,4.745960712432861
153.0,5.1,1102.998496511359,2078.026964946546,0.7936414954645822,1.2600147619733764,291.0174551305882,-3.49102783203125,-8.42376708984375,271.0,4.477040767669678
154.0,5.133333333333334,1106.720020366468,2086.914838096217,0.7929569015651913,1.2611025870714199,286.4837681949681,-2.710723876953125,-8.626907348632812,262.0,4.606434345245361
155.0,5.166666666666667,1111.1946570145456,2095.277808902138,0.7920355388170982,1.2625696082949711,289.48150915077883,-3.464202880859375,-8.102386474609375,251.0,4.028203010559082
156.0,5.2,1115.3458073344984,2104.178621504934,0.7920298737374654,1.2625786389611242,297.9395337138896,-3.1399497985839844,-8.639370918273926,244.0,4.09304141998291
157.0,5.233333333333333,1119.4639376349198,2113.3372466077303,0.7917179189169721,1.26307612358698,286.5598182457984,-3.1065940856933594,-8.896408081054688,236.0,2.697066307067871
158.0,5.266666666666667,1123.1387695954975,2121.6208717105264,0.7906840789659556,1.2647276283946232,288.3711415890972,-2.6645889282226562,-8.022369384765625,230.0,3.824688196182251
159.0,5.3,1127.5919829037316,2130.7592331414476,0.7896752003726047,1.2663434276879335,294.16127051946285,-3.441375732421875,-8.876052856445312,222.0,4.129428863525391
160.0,5.333333333333333,1130.9585262900905,2139.6051141036182,0.7897011820796177,1.266301764126244,285.5056372786514,-2.3554840087890625,-8.583404541015625,217.0,4.834112644195557
161.0,5.366666666666666,1134.5801355944182,2148.4636903782894,0.7889831784590264,1.267454145160754,281.8791538180323,-2.6103363037109375,-8.595855712890625,207.0,4.690334320068359
162.0,5.4,1138.1999138440583,2156.9458018092105,0.7876569212540825,1.269588285224272,279.28038632750554,-2.608978271484375,-8.219757080078125,202.0,4.448873519897461
163.0,5.433333333333334,1141.8275045936987,2165.6139483963816,0.7873205857033055,1.2701306407563446,274.57180594325354,-2.6165084838867188,-8.40542984008789,200.0,4.68367338180542
164.0,5.466666666666667,1145.1775074527138,2173.8685207648027,0.7870565689787687,1.2705567038180396,267.21863798122644,-2.339508056640625,-7.9921417236328125,191.0,3.878755569458008
165.0,5.5,1148.524336483604,2182.121872430099,0.7866863376816107,1.2711546547853256,265.4633712959741,-2.3362884521484375,-7.9906463623046875,185.0,4.007511138916016
166.0,5.533333333333333,1151.5792343621506,2190.3676557360195,0.7850714405812959,1.2737694282440883,261.16615705779645,-2.0444183349609375,-7.982700347900391,182.0,3.347186803817749
167.0,5.566666666666666,1154.6615370258532,2198.4154409950656,0.7855713866552554,1.272958787689203,257.921382429817,-2.0719833374023438,-7.784860610961914,172.0,3.4990787506103516
168.0,5.6,1157.7012981856496,2206.4356383634868,0.7844759461131059,1.2747363446320632,258.08484592558585,-2.029510498046875,-7.7574005126953125,169.0,4.414895057678223
169.0,5.633333333333334,1160.7815256540398,2214.495874794408,0.7851581513165073,1.2736287566056066,258.0924133270182,-2.0698394775390625,-7.7968902587890625,163.0,3.3497731685638428
170.0,5.666666666666667,1163.635373727899,2222.586140522204,0.7835959982697238,1.2761678239910907,245.39147739940088,-1.843597412109375,-7.8267669677734375,500.0,6.213399887084961
171.0,5.7,1166.468286743164,2229.83509765625,0.7832025005472517,1.2768089980576722,238.29323516705995,-1.8236846923828125,-6.986572265625,493.0,3.065972328186035
172.0,5.733333333333333,1169.021109426398,2237.5315645559212,0.7827171892062229,1.2776006631643417,241.43455173104343,-1.5430412292480469,-7.4333343505859375,486.0,5.033836364746094
173.0,5.766666666666667,1171.5786928518196,2245.097904502467,0.7834168062922362,1.2764597235701531,237.01501066691304,-1.5479736328125,-7.3030242919921875,480.0,4.735863208770752
174.0,5.8,1174.4423065506785,2252.373472964638,0.7818004958547358,1.2790987026769645,232.3498584913332,-1.8543319702148438,-7.0127105712890625,472.0,3.952664375305176
175.0,5.833333333333333,1176.9920164409436,2259.611199629934,0.7817765439991436,1.2791378913526157,227.59597448809714,-1.54052734375,-6.9747467041015625,466.0,3.97672176361084
176.0,5.866666666666666,1179.01419947574,2266.8413579358553,0.7814031115283685,1.2797491912261159,221.89948106984065,-1.0132560729980469,-6.966827392578125,464.0,1.971796989440918
177.0,5.9,1181.562078311318,2273.6808912417764,0.7808233893307647,1.2806993408036729,224.45019670606567,-1.53924560546875,-6.576995849609375,459.0,4.860118865966797
178.0,5.933333333333334,1184.1098961117393,2280.9103171258225,0.7808531753792468,1.2806504878645302,215.53805203231212,-1.5385284423828125,-6.9659423828125,447.0,3.94465708732605
179.0,5.966666666666667,1186.1442861777857,2287.299899259868,0.7804493728562543,1.2813130931738006,204.70683362814688,-1.02655029296875,-6.1273345947265625,444.0,2.9209892749786377
180.0,6.0,1188.6880146227386,2293.7666298314143,0.7804192754465149,1.281362507900452,212.35675599670847,-1.535552978515625,-6.2045135498046875,439.0,4.926941394805908
181.0,6.033333333333333,1191.021721095035,2300.5902939967104,0.7804240201411111,1.2813547176817888,208.87879763620992,-1.3251190185546875,-6.5604248046875,432.0,4.375283241271973
182.0,6.066666666666666,1193.0446975868626,2306.9928155838816,0.7796805405844365,1.2825765784155847,201.88871555512043,-1.0150604248046875,-6.139923095703125,427.0,2.9469246864318848
183.0,6.1,1195.0798811099403,2313.4231692023027,0.779143317540449,1.283460921100803,190.7918558322327,-1.02728271484375,-6.1674957275390625,420.0,3.3515448570251465
184.0,6.133333333333334,1196.8688488127057,2319.123786492599,0.7791108091479791,1.2835144734977828,191.50726760054926,-0.7822227478027344,-5.4390869140625,417.0,4.55725622177124
185.0,6.166666666666667,1199.1559854607833,2325.522157689145,0.7797668011367587,1.2824346952732295,192.52751745661587,-1.27899169921875,-6.135650634765625,413.0,3.630739688873291
186.0,6.2,1201.181403358861,2331.2127652138156,0.7793097856846373,1.283186761374339,179.6655083115995,-1.0186614990234375,-5.42889404296875,411.0,4.086167812347412
187.0,6.233333333333333,1202.9674413741263,2336.8772496916117,0.7792744833175985,1.2832448917648485,179.17084517742913,-0.779205322265625,-5.402793884277344,410.0,4.451140880584717
188.0,6.266666666666667,1204.976501850329,2342.538560341283,0.7788307155069191,1.2839760683412802,172.99319769611742,-1.002288818359375,-5.39935302734375,407.0,4.010912895202637
189.0,6.3,1206.7676668187191,2347.766033100329,0.7783668676009646,1.2847412211700886,171.91382710603372,-0.7849559783935547,-4.966522216796875,401.0,3.542304515838623
190.0,6.333333333333333,1208.5419860839843,2353.43076171875,0.778392013301076,1.2846997180239665,172.7737009495622,-0.7676239013671875,-5.402587890625,397.0,4.59970235824585
191.0,6.366666666666666,1210.5479337672184,2358.646271587171,0.7774654431897038,1.2862308013296446,161.66072573958246,-0.9995574951171875,-4.954559326171875,395.0,3.0254392623901367
192.0,6.4,1212.3144405324836,2363.526332236842,0.7773771180984181,1.2863769420511773,155.63468142308616,-0.7609710693359375,-4.6194305419921875,393.0,4.799745082855225
193.0,6.433333333333334,1214.1128076493112,2368.390279605263,0.7774021391533877,1.2863355394018177,160.3828580473064,-0.79266357421875,-4.603271484375,386.0,4.492382049560547
194.0,6.466666666666667,1215.8819999614516,2373.605789473684,0.7770879757961621,1.2868555828256825,156.09968359423124,-0.7630538940429688,-4.95416259765625,381.0,3.8099489212036133
195.0,6.5,1217.661018933748,2378.1733501233552,0.7774257270368629,1.2862965106795128,144.61657443118895,-0.773834228515625,-4.3073577880859375,377.0,4.113803863525391
196.0,6.533333333333333,1219.4319812654194,2382.5695240542764,0.7770101662000669,1.2869844482092876,148.7276428763813,-0.766026496887207,-4.136383056640625,370.0,3.9674744606018066
197.0,6.566666666666666,1221.2121599056845,2387.4307858758225,0.7770328597733891,1.2869468612841368,144.99588775025236,-0.77447509765625,-4.60028076171875,369.0,4.555201053619385
198.0,6.6,1222.982817061575,2391.5601141036186,0.7770543498255488,1.2869112697515988,134.494774924698,-0.7660179138183594,-3.87005615234375,368.0,3.7981858253479004
199.0,6.633333333333334,1224.7640943346526,2395.6635634251643,0.7770415665961649,1.2869324409252723,132.6586609631071,-0.7767105102539062,-3.844024658203125,365.0,3.8329081535339355
200.0,6.666666666666667,1226.2632671155427,2399.7731162623354,0.77573385448035,1.2891019184277857,125.78801686644069,-0.494781494140625,-3.8502197265625,363.0,3.7395124435424805
201.0,6.7,1228.0599252479956,2403.3746124588815,0.7754022865092112,1.289653148305645,127.5511631983586,-0.7928009033203125,-3.3430938720703125,361.0,4.258574485778809
202.0,6.733333333333333,1229.8249671695107,2407.4946633429277,0.7754033957310794,1.2896513034446573,128.47496618659295,-0.7603912353515625,-3.860504150390625,358.0,3.8652920722961426
203.0,6.766666666666667,1231.3436712004009,2411.285124383224,0.7764103857576838,1.2879786493635315,121.6460343128364,-0.514801025390625,-3.5316925048828125,353.0,4.842261791229248
204.0,6.8,1233.1269015984785,2414.90175729852,0.7761668264055098,1.2883828140801628,116.97850163008123,-0.779327392578125,-3.3581695556640625,351.0,4.516085624694824
205.0,6.833333333333333,1234.9245362934314,2418.212970291941,0.7761605808805333,1.2883931812995797,112.90535704477237,-0.7940940856933594,-3.053384780883789,346.0,3.3126416206359863
206.0,6.866666666666666,1236.6727325118216,2421.5412731291117,0.7761569723840278,1.2883991712764242,109.84961279204673,-0.74481201171875,-3.0702781677246094,345.0,3.7315759658813477
207.0,6.9,1238.4669492380242,2424.622505653783,0.776497649880499,1.2878339041385347,103.50259497907558,-0.7909393310546875,-2.8239517211914062,342.0,3.8980300426483154
208.0,6.933333333333334,1240.2354091282896,2427.450564350329,0.7761984774308609,1.2883302777272891,103.27061529185673,-0.765838623046875,-2.5712738037109375,340.0,4.452841758728027
209.0,6.966666666666667,1242.0105828857422,2430.525205078125,0.776585900829952,1.2876875551452596,102.9803563864715,-0.772064208984375,-2.8173675537109375,339.0,3.9720096588134766
210.0,7.0,1243.7796531275699,2433.330314555921,0.7763148375596657,1.2881371727268351,96.48814951310534,-0.7664031982421875,-2.5481414794921875,338.0,4.462018013000488
211.0,7.033333333333333,1245.55226340846,2435.8949455180923,0.7763073877724753,1.2881495342577955,93.45363889816473,-0.7700576782226562,-2.30859375,335.0,4.381590366363525
212.0,7.066666666666666,1247.3238971268504,2438.454205386513,0.7763099789779361,1.2881452346092044,90.050661248304,-0.769378662109375,-2.303009033203125,331.0,4.4209184646606445
213.0,7.1,1249.1004136577405,2440.737586348684,0.7766654380277873,1.2875556849025414,84.51175382763107,-0.77447509765625,-2.0274810791015625,330.0,3.6752054691314697
214.0,7.133333333333334,1250.8710708136307,2442.831514185855,0.7763798110350472,1.2880293714320428,86.68926794104729,-0.7689752578735352,-1.8387451171875,327.0,3.9007227420806885
215.0,7.166666666666667,1253.392216250771,2444.6080592105263,0.776394711856444,1.2880046511508192,83.84820393736209,-1.5193443298339844,-1.5225639343261719,324.0,5.367417812347412
216.0,7.2,1255.1670237972862,2446.4080417351975,0.7764072065738156,1.2879839232982786,75.84313298978142,-0.7734866142272949,-1.5454864501953125,324.0,4.635522842407227
217.0,7.233333333333333,1256.9645364219264,2448.1862957442436,0.7763850859404076,1.2880206203197937,72.93227058900617,-0.796173095703125,-1.523660659790039,323.0,4.505102157592773
218.0,7.266666666666667,1258.720423070004,2449.7267567845392,0.7767534441521684,1.287409804911141,76.83826944874993,-0.7551002502441406,-1.2866592407226562,322.0,4.265270709991455
219.0,7.3,1261.241202296207,2451.0059873560854,0.7764244497603607,1.2879553191667839,73.45493811723004,-1.5195770263671875,-1.0260772705078125,318.0,4.3257155418396
220.0,7.333333333333333,1263.0341983192845,2452.0444952713815,0.7763856683744086,1.288019654064189,61.55551239705166,-0.7928390502929688,-0.7858734130859375,318.0,3.913796901702881
221.0,7.366666666666666,1264.7941132876747,2453.0595656866776,0.7764225967756023,1.2879583929587959,66.90363509509072,-0.7599258422851562,-0.7623329162597656,318.0,4.17913818359375
222.0,7.4,1267.31208489669,2453.3068138363487,0.7764155624598547,1.2879700618464947,65.26250385778731,-1.518453598022461,0.003460407257080078,318.0,3.9788122177124023
223.0,7.433333333333334,1269.1169217400802,2453.55259714227,0.7764174135788066,1.2879669910938953,60.916774410322304,-0.80572509765625,0.00494384765625,318.0,2.981398820877075
224.0,7.466666666666667,1271.3638972553454,2453.581583573191,0.7774027665461832,1.2863345012814447,71.62997093440075,-1.2481155395507812,0.221160888671875,314.0,4.046839714050293
225.0,7.5,1273.892244840923,2453.5614977384867,0.7776883866784502,1.2858620716596463,65.40302563846154,-1.5291290283203125,0.270233154296875,313.0,4.864583492279053
226.0,7.533333333333333,1275.6870719186884,2453.014556435033,0.7776311396860083,1.2859567331675783,58.082639614387794,-0.7969970703125,0.7958517074584961,313.0,3.818239688873291
227.0,7.566666666666666,1277.445888254266,2452.023523334704,0.7772891198789234,1.2865225749664009,66.32164139710736,-0.7618904113769531,1.2390594482421875,311.0,4.185586929321289
228.0,7.6,1279.7311938476562,2451.227314453125,0.7783135697649332,1.2848291984707665,78.65338739591081,-1.2874984741210938,1.0443191528320312,308.0,3.964994430541992
229.0,7.633333333333334,1282.258320730109,2449.941359477796,0.7783089306545482,1.2848368566952102,75.51204577487783,-1.529815673828125,1.533172607421875,307.0,5.254109859466553
230.0,7.666666666666667,1284.0549788625617,2448.6490568462173,0.7783080956196561,1.284838235177089,74.78194383955527,-0.800048828125,1.5395355224609375,307.0,4.344529628753662
231.0,7.7,1286.3275891434519,2447.0610999177634,0.7793255381532165,1.2831608243837618,76.94055020884083,-1.2762222290039062,1.8344268798828125,306.0,3.7513818740844727
232.0,7.733333333333333,1288.1095988384045,2445.507322676809,0.7796105640777863,1.2826917002887408,81.4631227983456,-0.7856969833374023,1.8004150390625,306.0,3.7986819744110107
233.0,7.766666666666667,1290.6264718146074,2443.74236379523,0.7793162331641909,1.2831761452469503,84.26767470092665,-1.5205230712890625,2.0107421875,305.0,4.312145709991455
234.0,7.8,1292.419956118935,2441.9044068667763,0.7798149296749379,1.2823555460996947,84.97897124358137,-0.7977867126464844,2.0841598510742188,304.0,3.6883857250213623
235.0,7.833333333333333,1294.7047734310752,2439.8101022820724,0.7805990572598492,1.2810673939452577,87.2459731513303,-1.2889480590820312,2.3397140502929688,302.0,4.500921249389648
236.0,7.866666666666666,1296.488736251028,2437.7480242598685,0.7806070599605267,1.2810542605783855,90.20249549369426,-0.7886581420898438,2.3076438903808594,302.0,4.20836877822876
237.0,7.9,1298.8008973131682,2435.4073817845397,0.7816452814351718,1.2793526984054828,103.40328643444832,-1.3167953491210938,2.5853729248046875,302.0,4.338718891143799
238.0,7.933333333333334,1301.3214323987459,2432.8321201685853,0.7813451506564415,1.2798441241490488,98.4530528415356,-1.5252814292907715,2.8194656372070312,302.0,4.517006874084473
239.0,7.966666666666667,1303.119921585886,2430.4651105057565,0.7816512205270395,1.27934297771036,99.0745500381434,-0.8036479949951172,2.611968994140625,302.0,4.173398494720459
240.0,8.0,1305.3810572574014,2427.6220266241776,0.7823826842074424,1.2781468968897298,113.47186136719594,-1.2666473388671875,3.0866546630859375,299.0,3.5943169593811035
241.0,8.033333333333333,1307.7164116789165,2424.4569212582237,0.7833964995838832,1.276492811151403,109.28812391256658,-1.341217041015625,3.4081573486328125,297.0,4.409722328186035
242.0,8.066666666666666,1309.5095297723067,2421.618720189145,0.7834046243520765,1.276479572516005,111.39383172798655,-0.799163818359375,3.08221435546875,297.0,3.0230300426483154
243.0,8.1,1312.038487709447,2418.417970291941,0.7837918155967458,1.2758489947214395,119.69783703822239,-1.5347518920898438,3.4438018798828125,297.0,5.096938610076904
244.0,8.133333333333333,1314.3297747481497,2415.2592125822366,0.784771297484909,1.2742565932327943,121.38322085963665,-1.29736328125,3.4018707275390625,295.0,4.443735599517822
245.0,8.166666666666666,1316.8833908884149,2411.9363923725327,0.7844649145904808,1.2747542705871509,126.40833286896448,-1.5596542358398438,3.5658340454101562,294.0,5.3957624435424805
246.0,8.2,1319.1932326146175,2408.376999897204,0.7858453904774438,1.2725149401111147,130.55020939108064,-1.3166046142578125,3.801666259765625,291.0,3.8725197315216064
247.0,8.233333333333333,1321.7381817626954,2404.71287109375,0.785847826159282,1.2725109960376884,131.57631747872958,-1.5515480041503906,3.906219482421875,289.0,5.192531108856201
248.0,8.266666666666667,1324.0703623560855,2401.086095805921,0.7864979678649792,1.2714591020681105,135.25381659235143,-1.339019775390625,3.8692474365234375,288.0,4.451849460601807
249.0,8.3,1326.6031044729132,2397.120941611842,0.7870423260232605,1.2705796968414196,140.43759819118148,-1.5399856567382812,4.2066650390625,284.0,5.220379829406738
250.0,8.333333333333334,1328.965924714741,2393.1054944490133,0.7880518588835408,1.2689520222904278,150.54180342075566,-1.370208740234375,4.25732421875,283.0,4.186649799346924
251.0,8.366666666666667,1332.0296726909437,2388.678426192434,0.7886686892927611,1.267959554596684,150.30265505985656,-2.0713729858398438,4.6675872802734375,282.0,3.72328519821167
252.0,8.4,1334.3330446905838,2384.643936060855,0.7897217696117804,1.266268752464036,150.43135879712543,-1.3108673095703125,4.2762451171875,279.0,4.264739036560059
253.0,8.433333333333334,1337.404727237099,2380.2117408511513,0.7904387563868643,1.2651201524720912,157.1867796441221,-2.0794219970703125,4.6728057861328125,278.0,3.9738874435424805
254.0,8.466666666666667,1339.9588316586144,2375.8029831414474,0.7910690450880972,1.2641121608906278,157.66833898016353,-1.5620794296264648,4.65008544921875,278.0,4.490859031677246
255.0,8.5,1343.050411666067,2371.3453973067435,0.7917421783235326,1.2630374222546046,167.40964196719477,-2.0993499755859375,4.6983489990234375,276.0,3.919571876525879
256.0,8.533333333333333,1346.1411371813322,2366.5111024876646,0.7927452810875695,1.2614392338332145,174.5194208455083,-2.0991744995117188,5.0746307373046875,274.0,3.422689914703369
257.0,8.566666666666666,1349.4972435559725,2361.6602061060858,0.7931659121679729,1.2607702684381432,174.80629110905363,-2.364501953125,5.090972900390625,271.0,4.310657501220703
258.0,8.6,1352.5824759071752,2356.7992999588814,0.7941676985000342,1.2591798959951743,178.18654606033536,-2.0937652587890625,5.10125732421875,271.0,3.472151279449463
259.0,8.633333333333333,1355.7188557193153,2351.5406887335525,0.794877739753452,1.258055107078695,190.6364336986463,-2.1456146240234375,5.4983673095703125,268.0,4.29939079284668
260.0,8.666666666666666,1359.669078304893,2346.2493626644737,0.7963494077794356,1.255730198617752,185.79315261555593,-2.9589996337890625,5.53070068359375,267.0,3.497023820877075
261.0,8.7,1362.7644424920334,2341.353544407895,0.797329962960099,1.2541859035216558,191.67609826674905,-2.1040725708007812,5.136474609375,264.0,3.5612952709198
262.0,8.733333333333333,1366.7272383197985,2335.597130448191,0.7983422362842935,1.252595634491641,203.4494505235713,-2.9726028442382812,5.9951629638671875,262.0,3.0931830406188965
263.0,8.766666666666667,1370.6515819991262,2330.319232113487,0.7990814202048223,1.251436930849522,202.87112458337396,-2.9332656860351562,5.5178070068359375,258.0,4.0150580406188965
264.0,8.8,1374.556150287829,2324.5686775287827,0.8001718377111695,1.2497315612361761,209.11618718567524,-2.914337158203125,5.989715576171875,255.0,3.5406746864318848
265.0,8.833333333333334,1378.5169929905942,2318.808845600329,0.801112839505391,1.2482636036858459,216.4103106332366,-2.9708786010742188,5.9990692138671875,250.0,2.8184876441955566
266.0,8.866666666666667,1383.2307653808593,2313.04046875,0.8021833000416344,1.246597878499962,216.8023880401536,-3.7233428955078125,6.00732421875,249.0,3.6975624561309814
267.0,8.9,1387.201984060187,2307.255734477796,0.8031687435034017,1.2450683721057487,223.7986761695908,-2.9813461303710938,6.02435302734375,248.0,2.9670138359069824
268.0,8.933333333333334,1391.9654390676399,2300.944633018092,0.8048326031598074,1.2424943970633855,226.13010151766713,-3.77398681640625,6.54949951171875,245.0,3.746527671813965
269.0,8.966666666666667,1396.49390872353,2295.3845081208883,0.8068587384749311,1.239374319586761,215.17593003595937,-3.5381622314453125,5.79998779296875,240.0,3.666489601135254
270.0,9.0,1401.2952055278577,2290.048016036184,0.807517221375026,1.2383636825691688,212.21416826582333,-3.8105545043945312,5.576904296875,236.0,4.323200225830078
271.0,9.033333333333333,1406.0759945196855,2284.975928248355,0.8086178025908821,1.2366781893694556,215.2589896010832,-3.789459228515625,5.31317138671875,231.0,4.011125087738037
272.0,9.066666666666666,1410.8599573396382,2279.349641241776,0.8100173580207958,1.2345414454369343,209.881308881436,-3.7938308715820312,5.866363525390625,228.0,3.9406886100769043
273.0,9.1,1415.4228508236533,2274.5636862664473,0.8121659500438491,1.2312754553992442,211.16885320005758,-3.5716018676757812,5.0279693603515625,224.0,3.5649800300598145
274.0,9.133333333333333,1420.8404806357935,2269.4210418379935,0.8140176858694519,1.228474537296939,209.1898321261834,-4.426567077636719,5.38372802734375,222.0,4.28599739074707
275.0,9.166666666666666,1425.6732715807464,2265.1074989720396,0.8151347927362561,1.2267909662439824,196.69166254505336,-3.8408050537109375,4.5561981201171875,220.0,4.093218803405762
276.0,9.2,1430.686726588199,2260.7609971217107,0.8154302916920675,1.2263463967287003,197.1047806599708,-4.021472930908203,4.589141845703125,217.0,3.5622165203094482
277.0,9.233333333333333,1435.5297714394017,2256.4174249588814,0.8165943439094333,1.2245982444753596,199.90106554207918,-3.8510284423828125,4.586395263671875,211.0,4.326318264007568
278.0,9.266666666666667,1440.9401991031045,2252.2481692023025,0.8186352924213205,1.221545185331856,192.37293546408452,-4.4181060791015625,4.41229248046875,209.0,3.7916667461395264
279.0,9.3,1445.7389324308697,2248.6553294613486,0.8198253894423135,1.2197719329969157,185.69903618299543,-3.805755615234375,3.83697509765625,205.0,3.6473922729492188
280.0,9.333333333333334,1451.0225290398848,2245.0641987047698,0.8216717197580636,1.2170310550476826,189.18490402206922,-4.2904815673828125,3.83526611328125,198.0,3.645231008529663
281.0,9.366666666666667,1456.2680397114,2241.712081620066,0.8238879568657275,1.2137572732635225,186.26855095452092,-4.25201416015625,3.5968017578125,193.0,3.8789682388305664
282.0,9.4,1461.8115240157279,2238.915872738487,0.8249842337896861,1.2121443768765778,180.3545614652057,-4.5490264892578125,3.0416107177734375,182.0,3.6309878826141357
283.0,9.433333333333334,1467.002835468493,2236.296177528783,0.8272494322417866,1.2088252478941832,172.73020180477687,-4.19683837890625,2.86553955078125,181.0,3.6167092323303223
284.0,9.466666666666667,1472.0700014134457,2233.684538959704,0.8281911146792633,1.2074507710545455,175.23561162777116,-4.072608947753906,2.857391357421875,179.0,2.9601757526397705
285.0,9.5,1477.7565521240235,2231.731591796875,0.8309728769033657,1.2034087126002435,167.82435179970346,-4.6907806396484375,2.199737548828125,170.0,4.425276279449463
286.0,9.533333333333333,1482.5246458033512,2229.699787212171,0.8320921522987748,1.2017899666970246,165.45113300725518,-3.772674560546875,2.27886962890625,163.0,3.87762188911438
287.0,9.566666666666666,1488.2000881154913,2228.182631064967,0.8344029550898877,1.1984617191249916,163.44836556234745,-4.6791839599609375,1.7645111083984375,498.0,6.035678863525391
288.0,9.6,1493.091472810444,2227.0394983552633,0.8374932450412995,1.1940394814177717,157.12503884642015,-3.8945159912109375,1.3912353515625,490.0,4.285359859466553
289.0,9.633333333333333,1498.5283897319594,2226.4356722861844,0.838076692321709,1.1932082220658324,168.2076417049064,-4.43890380859375,0.852691650390625,485.0,3.8808107376098633
290.0,9.666666666666666,1504.2333730597245,2225.771299342105,0.8403547609522041,1.1899736236002307,167.98384727292506,-4.70721435546875,0.913116455078125,479.0,4.276785850524902
291.0,9.7,1509.6932391999896,2225.562736944901,0.8415254421589654,1.1883182015679314,167.8866197148686,-4.461212158203125,0.45806884765625,476.0,4.185055255889893
292.0,9.733333333333333,1515.42581041838,2225.7618893914473,0.843842980511545,1.1850545932061807,168.2118262479501,-4.7333526611328125,0.050750732421875,464.0,4.3603668212890625
293.0,9.766666666666667,1520.9016677695827,2225.9200262129934,0.8456723815806596,1.1824910234515218,173.254774967206,-4.47662353515625,0.092041015625,463.0,4.23689079284668
294.0,9.8,1526.9715192614103,2226.0881728001646,0.8485003599112838,1.1785498831191497,187.2418954607723,-5.070587158203125,0.081695556640625,461.0,4.1099772453308105
295.0,9.833333333333334,1533.333851221988,2227.0429404810857,0.8503652463305424,1.175965274116216,193.29876464947517,-5.3614501953125,-0.7039794921875,459.0,3.9804422855377197
296.0,9.866666666666667,1539.7074136513158,2228.053128083882,0.8522208504825163,1.1734047570342983,191.57291296633778,-5.372650146484375,-0.759185791015625,455.0,4.11663818359375
297.0,9.9,1545.8695502993935,2229.4859231085525,0.8544575140915708,1.1703332038260146,195.15832915768632,-5.1605377197265625,-1.18115234375,450.0,3.796520709991455
298.0,9.933333333333334,1552.2943822599711,2231.3459642269736,0.8564847173469202,1.1675631564070847,205.50597458945117,-5.422515869140625,-1.607696533203125,438.0,4.057114601135254
299.0,9.966666666666667,1559.051977892424,2233.2174799547697,0.8588787800629692,1.1643086582331028,210.33465867933668,-5.7550048828125,-1.619354248046875,435.0,4.254606246948242
300.0,10.0,1565.8027375873767,2235.107550370066,0.8613090219724224,1.1610234822688508,213.18098681181482,-5.7481536865234375,-1.637939453125,422.0,4.443665027618408
301.0,10.033333333333333,1572.6213683760793,2237.442933285362,0.8629969133379749,1.1587526960346968,213.55075363196949,-5.81524658203125,-2.08258056640625,415.0,3.8347506523132324
302.0,10.066666666666666,1579.087215961657,2240.226802528783,0.865047256909021,1.1560062089245748,216.27713246169063,-5.461669921875,-2.53045654296875,411.0,4.073270797729492
303.0,10.1,1585.9295283909848,2242.9913846628288,0.8675191864347976,1.152712257707697,225.61586368296847,-5.83795166015625,-2.511077880859375,403.0,4.004251480102539
304.0,10.133333333333333,1593.0670068359375,2245.776474609375,0.8703800962274035,1.1489233316966048,230.79265928400272,-6.13311767578125,-2.53167724609375,394.0,3.694373607635498
305.0,10.166666666666666,1600.0816825465151,2249.028849712171,0.8711587954611961,1.1478963481859752,238.141596558818,-6.009307861328125,-2.99810791015625,389.0,2.4743480682373047
306.0,10.2,1607.368575053968,2252.669652549342,0.8742564398559535,1.1438291494481465,246.70601284442958,-6.2808074951171875,-3.38623046875,380.0,3.5131449699401855
307.0,10.233333333333333,1614.8148913895457,2256.3390198396382,0.8763514600254482,1.1410946927286014,251.72495665749392,-6.4400177001953125,-3.414764404296875,380.0,4.065263748168945
308.0,10.266666666666667,1622.6567155376233,2259.5904183799344,0.8779935074603361,1.1389605862719612,248.38924831585769,-6.836334228515625,-2.997344970703125,373.0,3.8686225414276123
309.0,10.3,1629.6446578497635,2263.7070512952305,0.8814093538211955,1.134546616353316,255.59275944991887,-5.9808197021484375,-3.86114501953125,364.0,3.5806405544281006
310.0,10.333333333333334,1637.5511792634663,2267.866897101151,0.8832088200250688,1.1322350698123873,264.91257827733904,-6.89910888671875,-3.904541015625,361.0,3.8533871173858643
311.0,10.366666666666667,1645.4851664974815,2271.5162448601973,0.8857916079636678,1.128933702926904,271.67996292387625,-6.92742919921875,-3.394775390625,355.0,3.8137047290802
312.0,10.4,1653.8988900596216,2275.6641277754934,0.8871181927761717,1.1272455103987586,275.4867558020308,-7.4061431884765625,-3.8924560546875,346.0,4.45110559463501
313.0,10.433333333333334,1661.9028235826995,2279.7480458470395,0.8905342174447527,1.1229214783788344,270.36779014625654,-6.99658203125,-3.828704833984375,339.0,3.604095697402954
314.0,10.466666666666667,1669.9161565198397,2283.9303525904606,0.8922359614654102,1.1207797524296128,280.249841589297,-7.0056610107421875,-3.9268646240234375,334.0,3.5924744606018066
315.0,10.5,1678.4235080116673,2288.4734991776318,0.8944695805820472,1.1179810042833231,296.26222504354354,-7.498748779296875,-4.2872314453125,327.0,4.067460536956787
316.0,10.533333333333333,1687.41938489412,2293.0808547491774,0.8970624799988531,1.114749554569798,295.20024067928364,-7.987091064453125,-4.351348876953125,323.0,3.733276605606079
317.0,10.566666666666666,1696.0179229093853,2297.2905052425986,0.8993580149905532,1.111904250956727,295.4820254599202,-7.590545654296875,-3.954254150390625,319.0,3.7174744606018066
318.0,10.6,1705.027959948088,2301.9115326891447,0.9011150024609017,1.1097362681445189,305.13863018930755,-8.001052856445312,-4.365020751953125,312.0,2.2071285247802734
319.0,10.633333333333333,1714.1310145649156,2306.549894120066,0.9037844212501875,1.1064585497244126,314.8143241282447,-8.093978881835938,-4.38232421875,312.0,3.4422478675842285
320.0,10.666666666666666,1723.846007658306,2311.204612972862,0.9070757551979381,1.1024437532031537,318.8376061514141,-8.70574951171875,-4.39862060546875,305.0,3.8088152408599854
321.0,10.7,1733.4318503610712,2315.454302528783,0.908460924277729,1.1007628102387002,324.8662895746453,-8.577384948730469,-3.9942779541015625,304.0,3.917623281478882
322.0,10.733333333333333,1743.5722584935238,2320.1451541940787,0.911148963652259,1.0975153788153253,328.9635775221716,-9.130836486816406,-4.4350738525390625,300.0,3.326566219329834
323.0,10.766666666666667,1753.236470336914,2324.874580078125,0.9135281196337804,1.0946570537980647,330.85308662196906,-8.654579162597656,-4.47320556640625,292.0,3.983560085296631
324.0,10.8,1763.4965073756168,2329.607179790296,0.9162404088893517,1.0914166088921793,348.010903882393,-9.250228881835938,-4.476654052734375,285.0,3.9068877696990967
325.0,10.833333333333334,1774.402662578382,2334.375424033717,0.9194969334272769,1.0875512072374847,353.64525463200926,-9.89617919921875,-4.5120849609375,281.0,3.8011622428894043
326.0,10.866666666666667,1785.0491742264596,2339.163687808388,0.921964093291891,1.0846409391384,351.4922930940517,-9.636375427246094,-4.532257080078125,272.0,3.8965065479278564
327.0,10.9,1795.7572093120375,2344.0232406455593,0.9243651147226283,1.0818236041935305,354.2706132076099,-9.697677612304688,-4.603363037109375,265.0,3.9861111640930176
328.0,10.933333333333334,1806.7982522101152,2348.3718071546054,0.926365997557198,1.0794869442930473,364.72294414074435,-10.031692504882812,-4.0933380126953125,258.0,3.6073555946350098
329.0,10.966666666666667,1818.2398078035053,2353.283117804276,0.9293242347692077,1.076050707155339,362.32521136311897,-10.430923461914062,-4.65509033203125,247.0,3.626984119415283
330.0,11.0,1829.089688592208,2357.6753854851972,0.9306503202282239,1.0745174404009976,358.448804968255,-9.840484619140625,-4.1368560791015625,232.0,3.321995496749878
331.0,11.033333333333333,1840.5767764121608,2361.7746844161184,0.9336235702098795,1.0710954949168636,359.53740556820253,-10.478172302246094,-3.84466552734375,222.0,4.02600622177124
332.0,11.066666666666666,1851.4950165758635,2366.1913661595395,0.934962913524516,1.0695611403775522,361.12251318061755,-9.908523559570312,-4.1610260009765625,219.0,3.1293933391571045
333.0,11.1,1863.0742674817536,2370.3455967310856,0.9379317740467329,1.0661756299026655,373.89028420759956,-10.570075988769531,-3.8994140625,208.0,4.120358467102051
334.0,11.133333333333333,1875.0049588173315,2374.4732159745067,0.9405365040100585,1.0632229538528422,372.25052017391687,-10.9215087890625,-3.8729400634765625,204.0,3.4038052558898926
335.0,11.166666666666666,1886.6701472232216,2378.033452405428,0.9423962498692063,1.0611247658708196,370.16347227751754,-10.65738296508789,-3.3064422607421875,196.0,4.018601417541504
336.0,11.2,1898.4581383634868,2382.1498411800985,0.9453063670729918,1.0578581027612872,371.60205432961345,-10.778839111328125,-3.8616867065429688,188.0,4.210813522338867
337.0,11.233333333333333,1910.327428331877,2385.3858588610196,0.9481841137379858,1.0546474946281714,371.32620899861985,-10.862075805664062,-2.9828948974609375,188.0,3.8073272705078125
338.0,11.266666666666667,1922.3549214252673,2388.6118667763158,0.9508084989462073,1.051736497000513,372.8539682686301,-11.020401000976562,-2.9728012084960938,180.0,3.239725112915039
339.0,11.3,1934.322722135845,2391.873763363487,0.9537841506303526,1.0484552499002038,373.4222466247405,-10.960777282714844,-3.0087738037109375,171.0,3.759991407394409
340.0,11.333333333333334,1946.4205277292351,2394.983560341283,0.9540341767785808,1.0481804785826738,373.0080855377811,-11.090953826904297,-2.8567657470703125,166.0,2.865079402923584
341.0,11.366666666666667,1958.446678049188,2397.908054584704,0.9582676524871139,1.0435497821559279,371.1598145727599,-11.019699096679688,-2.6719512939453125,154.0,3.366177797317505
342.0,11.4,1970.5074963378906,2400.647734375,0.9597898259477632,1.0418947700477346,382.4097292235991,-11.054916381835938,-2.487640380859375,475.0,5.004251480102539
343.0,11.433333333333334,1983.3426066187808,2403.397668071546,0.9618899291180713,1.0396199915689635,379.1480542601101,-11.829277038574219,-2.497894287109375,453.0,3.4985828399658203
344.0,11.466666666666667,1995.2562081106084,2405.786273643092,0.9649288131500211,1.036345879998638,367.9810581095031,-10.908615112304688,-2.1370391845703125,439.0,3.672619104385376
345.0,11.5,2007.4002783524363,2408.198804995888,0.9676330176459689,1.03344964647111,370.85308154035556,-11.139175415039062,-2.1609725952148438,412.0,3.6740362644195557
346.0,11.533333333333333,2019.618567344264,2409.9968343955593,0.9692022505356278,1.031776390786703,381.802365834187,-11.214828491210938,-1.5475845336914062,388.0,3.728741407394409
347.0,11.566666666666666,2032.5945467657791,2411.8222075452304,0.9711629288974716,1.0296933400611432,381.53629405592505,-11.972709655761719,-1.575042724609375,366.0,3.6443097591400146
348.0,11.6,2044.838714663857,2413.301633429276,0.9739327654512684,1.0267649220494737,367.6948601755376,-11.241714477539062,-1.2295379638671875,345.0,4.1045918464660645
349.0,11.633333333333333,2056.8883024838096,2415.093315172697,0.9759585102341446,1.0246337211200582,379.1732267310039,-11.046478271484375,-1.5413055419921875,327.0,3.440192699432373
350.0,11.666666666666666,2069.977563155325,2415.9523797286183,0.9780366346273457,1.0224565876113862,384.34210528709326,-12.088699340820312,-0.6107177734375,311.0,3.538194417953491
351.0,11.7,2082.41106210809,2417.3553895970394,0.9808026407537375,1.0195731112953668,374.192622783089,-11.431427001953125,-1.1532440185546875,297.0,3.881165027618408
352.0,11.733333333333333,2094.8231987561676,2418.1897959498356,0.9823976741162647,1.0179177194200606,384.29925824457575,-11.41189193725586,-0.5858917236328125,282.0,4.0104875564575195
353.0,11.766666666666667,2107.9983969276827,2418.6477374588817,0.9855043928351458,1.0147088204479258,385.3143481464079,-12.175952911376953,-0.210235595703125,260.0,3.9899022579193115
354.0,11.8,2120.4775501773233,2419.496792249178,0.9871458412586139,1.0130215396794835,375.20016365427244,-11.47890853881836,-0.6004562377929688,248.0,4.571605682373047
355.0,11.833333333333334,2132.9767229582135,2419.9708470394735,0.9898758289241907,1.0102277182450372,387.5616339716106,-11.500228881835938,-0.22625732421875,232.0,3.927154064178467
356.0,11.866666666666667,2146.3125656609786,2419.8509076891446,0.9921107942724134,1.0079519402199149,388.6256326736944,-12.33859634399414,0.36658477783203125,216.0,3.4118480682373047
357.0,11.9,2158.8809523090563,2420.4343374794407,0.9947772831544385,1.0052501368235915,377.543045307979,-11.569358825683594,-0.33541107177734375,208.0,3.7783093452453613
358.0,11.933333333333334,2171.477415129009,2420.336614925987,0.9964055970385768,1.0036073693003191,391.2402596382572,-11.599494934082031,0.3447418212890625,195.0,3.6816892623901367
359.0,11.966666666666667,2184.9630381052116,2420.257691200658,0.9984036089313468,1.0015989436079482,392.4242384476903,-12.488636016845703,0.3255462646484375,188.0,3.5737669467926025
360.0,12.0,2197.6342079564147,2419.834285053454,1.0012777983978332,0.9987238322872256,381.1343595173584,-11.675418853759766,0.6694564819335938,176.0,3.9197492599487305
361.0,12.033333333333333,2210.3449285888673,2419.0851953125,1.0017948729139696,0.9982083428828611,380.6376481613217,-11.715864181518555,0.9949798583984375,162.0,2.762259006500244
362.0,12.066666666666666,2222.9874119166325,2418.762619243421,1.004483926348509,0.9955360894974109,392.84322936592014,-11.646697998046875,0.5689697265625,479.0,3.942531108856201
363.0,12.1,2236.51234153346,2418.008646689967,1.0057263881752856,0.9943062166384288,393.5344392484429,-12.530738830566406,0.9993858337402344,454.0,2.1161422729492188
364.0,12.133333333333333,2249.2007232987253,2417.680699527138,1.008734836330031,0.9913408003615598,382.1501777103771,-11.692977905273438,0.5743560791015625,425.0,2.8035714626312256
365.0,12.166666666666666,2261.950750571803,2416.6127621299343,1.0104378248058432,0.9896699979458421,383.95757973559654,-11.757041931152344,1.31317138671875,398.0,2.762578010559082
366.0,12.2,2274.712130383943,2415.5870610608554,1.0121407974524497,0.9880048334352217,384.64465660604884,-11.768257141113281,1.2708282470703125,377.0,2.4272959232330322
367.0,12.233333333333333,2287.4903558992087,2414.3125806949015,1.0146906330714895,0.9855220570756421,384.376749243514,-11.786041259765625,1.51953125,352.0,2.6607141494750977
368.0,12.266666666666667,2300.2291527035363,2413.235854235197,1.0164068213475441,0.983858017279152,395.65437833426387,-11.7464599609375,1.3219451904296875,314.0,2.3596584796905518
369.0,12.3,2313.7141653281765,2411.4743133223683,1.0180034143323273,0.9823149764736937,397.5032276458352,-12.494728088378906,2.0055465698242188,289.0,1.891794204711914
370.0,12.333333333333334,2326.557210179379,2410.2200966282894,1.0205118317687183,0.9799004468834351,388.1556918440054,-11.851516723632812,1.4990692138671875,273.0,2.295776605606079
371.0,12.366666666666667,2339.3876817883943,2408.2351670435855,1.0222901771100186,0.9781958414458876,387.93994763438525,-11.841461181640625,2.2286834716796875,257.0,2.3542375564575195
372.0,12.4,2352.212171952097,2406.9489679276317,1.024676566633545,0.9759177018026118,388.55954698118103,-11.833511352539062,1.5311431884765625,238.0,2.793013095855713
373.0,12.433333333333334,2365.111735357987,2405.187427014803,1.025635818165834,0.9750049503812386,390.9917631466843,-11.909988403320312,2.0058135986328125,221.0,1.3210742473602295
374.0,12.466666666666667,2378.000434506065,2403.153181023849,1.0274446112688072,0.9732884761204642,387.78713899883314,-11.900390625,2.2780609130859375,211.0,2.175311803817749
375.0,12.5,2390.643039904143,2401.1250385485196,1.0301028151565519,0.9707768829347613,389.52440757760615,-11.65472412109375,2.2720069885253906,188.0,2.3440334796905518
376.0,12.533333333333333,2403.616822060033,2398.8925503700657,1.032289353224212,0.9687206371708081,382.14735850596946,-11.986431121826172,2.4760894775390625,184.0,2.2155256271362305
377.0,12.566666666666666,2415.766385465923,2396.897855160362,1.0334869583555493,0.9675980832802838,381.90820060296966,-11.161636352539062,2.238971710205078,176.0,2.260735511779785
378.0,12.6,2428.7510318796258,2394.829185341283,1.0349909991675177,0.966191977325733,389.67345938082576,-11.997528076171875,2.3124923706054688,166.0,2.222895622253418
379.0,12.633333333333333,2441.4192720433284,2392.799333881579,1.0380508366017325,0.9633439565192207,392.25679084924843,-11.68096923828125,2.273998260498047,160.0,2.349100112915039
380.0,12.666666666666666,2454.377062988281,2389.618359375,1.0397225118965672,0.9617950833592042,397.6655449373383,-11.974655151367188,3.4232940673828125,491.0,2.7857143878936768
381.0,12.7,2467.340469167609,2387.238166118421,1.0424812704021253,0.9592498478310899,396.9295283282941,-11.978103637695312,2.62384033203125,469.0,2.109764814376831
382.0,12.733333333333333,2480.325848003187,2384.432191611842,1.0431796872001995,0.958607622703918,385.1789456470373,-12.001258850097656,3.048980712890625,454.0,1.5963010787963867
383.0,12.766666666666667,2492.3063440262645,2381.230221011513,1.0450210369960624,0.9569185352234856,384.748905797965,-10.997947692871094,3.444915771484375,430.0,2.0184240341186523
384.0,12.8,2505.341283408717,2378.762381270559,1.0477197315499676,0.9544537244904491,398.5435036005183,-12.050521850585938,2.7112579345703125,417.0,2.7981150150299072
385.0,12.833333333333334,2518.3449727911698,2375.9451762952303,1.0483127468971383,0.9539138038336963,388.25982520678457,-12.020622253417969,3.06048583984375,406.0,2.236571788787842
386.0,12.866666666666667,2530.4306934236224,2372.3982349917765,1.0513282396442816,0.9511777219437685,391.7492868526744,-11.105010986328125,3.789398193359375,385.0,2.238945484161377
387.0,12.9,2543.57085741545,2369.1825925164476,1.053279096732645,0.9494159744573675,405.6619357091835,-12.159027099609375,3.458465576171875,359.0,2.1092686653137207
388.0,12.933333333333334,2556.695640547903,2365.9532781661183,1.055141412335274,0.9477402633517784,390.9975790464306,-12.144073486328125,3.47210693359375,344.0,2.1050524711608887
389.0,12.966666666666667,2568.825794774106,2362.7288466282894,1.0570334350790174,0.9460438684470241,392.91674384833084,-11.149227142333984,3.4675369262695312,332.0,2.091553211212158
390.0,13.0,2582.0816814221835,2359.4958701685855,1.0589079331340268,0.9443691644091491,395.6386188752566,-12.275794982910156,3.4758148193359375,321.0,2.1709184646606445
391.0,13.033333333333333,2594.225263382761,2355.6186065995066,1.059547170272464,0.9437994155020476,399.26221059532776,-11.165225982666016,4.119720458984375,310.0,1.899411916732788
392.0,13.066666666666666,2607.5958961245888,2351.9119973273027,1.062525636046785,0.9411537623888147,397.93278113468784,-12.392730712890625,3.9489288330078125,305.0,2.1938066482543945
393.0,13.1,2619.8246831632914,2348.658024773849,1.0645986014970172,0.9393211663004442,398.9993049372985,-11.249107360839844,3.497589111328125,289.0,2.1439201831817627
394.0,13.133333333333333,2633.215579576994,2344.7573237047695,1.065197236169571,0.9387932732495449,405.36533664744985,-12.414260864257812,4.1429595947265625,273.0,2.0428004264831543
395.0,13.166666666666666,2645.562286537572,2340.4183902138157,1.0672267799777568,0.9370079712775218,401.8376781965765,-11.371696472167969,4.5811309814453125,257.0,2.136904716491699
396.0,13.2,2658.776425138775,2336.738392269737,1.0710293585732467,0.9336812217100499,403.08490120341474,-12.237384796142578,3.9229049682617188,246.0,2.6062216758728027
397.0,13.233333333333333,2671.3413938181025,2332.831587685033,1.0709810329616292,0.9337233519763256,395.4507292220614,-11.588787078857422,4.14971923828125,231.0,2.1687216758728027
398.0,13.266666666666667,2683.80089374743,2328.443581928454,1.0731173499315658,0.931864534725649,407.46417900666313,-11.485336303710938,4.6305999755859375,218.0,2.134920597076416
399.0,13.3,2697.2711358642578,2324.7355078125,1.0757865166760747,0.9295524572010466,407.1886117608106,-12.49472427368164,3.9512786865234375,199.0,2.144770383834839
400.0,13.333333333333334,2709.7291709498354,2320.404630962171,1.077877146229256,0.9277495153304863,396.27422337095413,-11.484302520751953,4.573516845703125,190.0,2.133042812347412
401.0,13.366666666666667,2722.210643535413,2316.020775596217,1.079778328195991,0.9261160127845145,411.89588321780025,-11.508164405822754,4.626670837402344,178.0,2.2645974159240723
402.0,13.4,2735.758278230366,2311.656939761513,1.0817010129713749,0.9244698747697883,415.9970782213227,-12.575431823730469,4.606590270996094,168.0,2.220273494720459
403.0,13.433333333333334,2748.273686362819,2306.542127364309,1.0826346023504367,0.923672675738394,399.95180387184206,-11.545799255371094,5.357124328613281,150.0,2.226686477661133
404.0,13.466666666666667,2760.6994948858965,2302.2295610608553,1.0844357651310081,0.9221385278446551,394.6226451362369,-11.45306396484375,4.555870056152344,476.0,2.4724347591400146
405.0,13.5,2773.112852237099,2297.8740260074014,1.0863865221214202,0.9204827008045621,400.3241110911419,-11.441337585449219,4.598854064941406,460.0,1.837478756904602
406.0,13.533333333333333,2785.9290416195518,2293.5270358758225,1.0871680990720898,0.9198209557965427,404.8428248562606,-11.844451904296875,4.590423583984375,451.0,1.8222788572311401
407.0,13.566666666666666,2798.3758462363794,2288.375846525493,1.0883056029828169,0.9188595531064163,401.47349570628404,-11.478614807128906,5.394023895263672,426.0,1.8637683391571045
408.0,13.6,2810.812152806332,2283.6685048314143,1.0911945672981385,0.9164268499577105,398.0306954573452,-11.466514587402344,4.950889587402344,402.0,2.4373936653137207
409.0,13.633333333333333,2823.321701563785,2279.3298154810855,1.0932693517377505,0.9146876736373347,401.53200623684387,-11.538719177246094,4.582550048828125,386.0,1.8520762920379639
410.0,13.666666666666666,2835.828808914988,2274.1429815995066,1.0945885303640839,0.913585308323465,403.3369017973845,-11.540031433105469,5.429988861083984,372.0,1.9275438785552979
411.0,13.7,2848.3088166568155,2269.3965774054277,1.0972762628875776,0.9113475191456464,404.017102688688,-11.51104736328125,4.990325927734375,357.0,1.8842828273773193
412.0,13.733333333333333,2860.859869320518,2264.197536492599,1.0986363787234237,0.9102192675996806,409.6526420297436,-11.584800720214844,5.442466735839844,336.0,1.9320790767669678
413.0,13.766666666666667,2873.4060391717207,2258.62740182977,1.1006210626761337,0.9085779237847075,415.1027822203066,-11.5814208984375,5.813568115234375,313.0,1.8083900213241577
414.0,13.8,2886.3433223041734,2253.4078531044406,1.1007024093142004,0.9085107759717328,414.9117404550894,-11.971817016601562,5.4632415771484375,309.0,1.3527494668960571
415.0,13.833333333333334,2898.870693327251,2247.8259996916117,1.1028910580372497,0.9067078681185802,404.8446914284739,-11.563560485839844,5.825592041015625,294.0,1.7211947441101074
416.0,13.866666666666667,2911.263298725329,2243.042730263158,1.106805064603985,0.9035014674041089,407.77349436995047,-11.425613403320312,5.0277099609375,285.0,1.7176162004470825
417.0,13.9,2923.951314279657,2237.338806537829,1.1088744342339938,0.9018153626120853,406.8049316166336,-11.72552490234375,5.9478759765625,262.0,1.6495181322097778
418.0,13.933333333333334,2935.8741931152344,2231.64904296875,1.1096498498251404,0.901185180313935,401.37726643113024,-10.959579467773438,5.93414306640625,249.0,1.3151218891143799
419.0,13.966666666666667,2948.383986013312,2226.4272969777962,1.1106621930292466,0.900363770619198,412.83905155816,-11.546051025390625,5.46636962890625,227.0,1.8259637355804443
420.0,14.0,2960.9877730520147,2220.388412314967,1.1137015961463286,0.8979065877792013,412.13401874852843,-11.643508911132812,6.2831573486328125,210.0,2.3611819744110107
421.0,14.033333333333333,2972.9419018875924,2214.105875308388,1.113597575884495,0.8979904605177791,405.62109409082984,-10.994232177734375,6.5269622802734375,203.0,1.2875566482543945
422.0,14.066666666666666,2985.198032676295,2208.342625411184,1.1164622135085216,0.8956863814113915,413.8669352923063,-11.295303344726562,6.0081634521484375,199.0,1.4251700639724731
423.0,14.1,2998.0176400274977,2202.5959770764803,1.118345474750571,0.8941780716044243,409.7758342666868,-11.85955810546875,5.991455078125,193.0,1.4801586866378784
424.0,14.133333333333333,3009.978116519326,2196.8429810855264,1.118846214039278,0.8937778824757181,412.93465035332605,-10.9998779296875,5.9984893798828125,183.0,1.0187783241271973
425.0,14.166666666666666,3022.7547551205284,2190.5162546258225,1.1205247618512255,0.8924390018368663,412.5254328970476,-11.819389343261719,6.57183837890625,178.0,1.6305625438690186
426.0,14.2,3034.410788252981,2184.2180926192436,1.1235560238223046,0.8900312746293054,402.26421956512553,-10.697967529296875,6.54364013671875,175.0,1.6553996801376343
427.0,14.233333333333333,3046.3968995104337,2177.8579188939143,1.123701212956166,0.8899162770940325,417.80131846679075,-11.029205322265625,6.60589599609375,169.0,1.4095804691314697
428.0,14.266666666666667,3058.8358916272614,2170.8305088404604,1.1267203047932868,0.887531711060683,413.9391230315021,-11.485565185546875,7.272674560546875,155.0,2.292658805847168
429.0,14.3,3070.884991165964,2165.1351300370065,1.1276439926728568,0.8868047065365888,413.1880827809758,-11.090133666992188,5.9418182373046875,487.0,2.4844813346862793
430.0,14.333333333333334,3083.375741095292,2158.3176809210527,1.130914971752307,0.8842397748528702,417.88498040541856,-11.537406921386719,7.063560485839844,458.0,1.8430414199829102
431.0,14.366666666666667,3095.41629571212,2151.931384148849,1.1311126113784034,0.8840852713872351,405.6498455184817,-11.085201263427734,6.632781982421875,449.0,1.4654903411865234
432.0,14.4,3107.2600729851974,2145.6338324938324,1.134116287856201,0.8817437953300904,413.4268577279575,-10.887901306152344,6.544273376464844,432.0,2.1761622428894043
433.0,14.433333333333334,3119.1558522114,2137.9283218544406,1.1347995744895525,0.8812128788908058,427.32985299281853,-10.946670532226562,7.952032089233398,428.0,0.9806902408599854
434.0,14.466666666666667,3132.0963091719777,2131.6780114103617,1.137698325424411,0.878967629337906,421.2823626577549,-11.986808776855469,6.497406005859375,412.0,1.2651289701461792
435.0,14.5,3143.9518051950554,2124.7391023334703,1.1396210698367786,0.8774846538623793,418.7539382915384,-10.903572082519531,7.1862640380859375,401.0,1.3156179189682007
436.0,14.533333333333333,3155.863697702508,2117.033347553454,1.140707353767845,0.8766490342127824,419.8851121543352,-10.964248657226562,7.953117370605469,384.0,1.1617772579193115
437.0,14.566666666666666,3167.7843792724607,2110.056474609375,1.1429422329467473,0.8749348577502365,419.2078871599807,-10.969764709472656,7.224639892578125,378.0,1.304457187652588
438.0,14.6,3179.986554983039,2102.921886821546,1.1446309071624388,0.8736440661724036,423.9919483413259,-11.253036499023438,7.3825531005859375,367.0,1.4891581535339355
439.0,14.633333333333333,3191.8337502248664,2095.2038029399673,1.146115762996892,0.872512212366031,425.2909256631695,-10.900398254394531,7.9662933349609375,352.0,0.9896541833877563
440.0,14.666666666666666,3203.784216951069,2087.5092786287005,1.1491993123360764,0.8701710741257005,411.19996021402096,-11.004070281982422,7.9430999755859375,322.0,1.1065051555633545
441.0,14.7,3214.8560215678967,2080.322078536184,1.1509362749025844,0.8688578349697426,417.1757550824832,-10.12228012084961,7.436187744140625,307.0,1.4258078336715698
442.0,14.733333333333333,3227.2481386847244,2072.5782378186677,1.1507234055408844,0.8690185627448513,431.0651119363461,-11.447654724121094,7.992767333984375,291.0,1.4963860511779785
443.0,14.766666666666667,3239.075802676552,2064.8541724917764,1.1527056120297399,0.8675241879313415,426.3071320707316,-10.882270812988281,7.973564147949219,278.0,1.149411916732788
444.0,14.8,3251.07729479338,2057.0897018914475,1.1561236283911704,0.8649594000527195,423.3280046196455,-11.057395935058594,8.014114379882812,266.0,2.105619430541992
445.0,14.833333333333334,3262.262136519583,2048.764806486431,1.1573110913388036,0.864071905543718,429.1858177571524,-10.242195129394531,8.575057983398438,246.0,1.4807610511779785
446.0,14.866666666666667,3274.2582575426604,2040.3173524876645,1.1596076106691176,0.86236067338587,421.26706219842714,-11.055633544921875,8.69781494140625,226.0,1.3123228549957275
447.0,14.9,3285.205062159488,2032.5672861842106,1.1600629600512253,0.862022178482315,419.42302868806814,-10.00189208984375,8.000770568847656,214.0,0.8422973155975342
448.0,14.933333333333334,3297.0876577919407,2024.1722003495065,1.163347354232145,0.8595884938080589,431.5339825292696,-10.942764282226562,8.646163940429688,198.0,1.2002551555633545
449.0,14.966666666666667,3308.4287495181434,2015.5875393194901,1.1642311734174642,0.8589359423048407,425.542788345568,-10.401188850402832,8.836135864257812,176.0,1.274376392364502
450.0,15.0,3319.726384213096,2007.0748997738488,1.165383523298742,0.8580866126967316,421.6617062989771,-10.358348846435547,8.764434814453125,169.0,1.2833049297332764
451.0,15.033333333333333,3330.6709915642987,1998.3974653063322,1.1664939471618818,0.8572697718946874,432.5314263457588,-10.005523681640625,8.9296875,161.0,1.0712867975234985
452.0,15.066666666666666,3342.164427040502,1988.9636831825658,1.1697197894692422,0.8549056013267484,428.6975489157233,-10.55902099609375,9.686614990234375,478.0,1.6622023582458496
453.0,15.1,3353.0995129073294,1980.6839537931744,1.1719412314493698,0.8532851077892996,418.3510305947375,-9.99530029296875,8.532546997070312,460.0,1.2744472026824951
454.0,15.133333333333333,3364.033866352282,1971.6552009662828,1.1729549402286328,0.8525476688857968,428.9198649105862,-9.997917175292969,9.282234191894531,440.0,1.3792517185211182
455.0,15.166666666666666,3375.4472237034847,1962.844831928454,1.1755228653810894,0.8506852818008035,415.8034409694428,-10.477516174316406,9.064056396484375,421.0,1.3859126567840576
456.0,15.2,3385.2546240234374,1953.820107421875,1.1767315146246722,0.8498115224856181,410.1988592782986,-8.869964599609375,9.279075622558594,399.0,2.0479025840759277
457.0,15.233333333333333,3396.194104421515,1945.0290254934212,1.1799750069992296,0.8474755770828397,429.80424844143613,-10.003219604492188,9.045578002929688,379.0,1.247519850730896
458.0,15.266666666666667,3407.161416850843,1935.3506144634046,1.182345757756443,0.8457762828172593,431.4478139759725,-10.03579330444336,9.933792114257812,358.0,1.2778486013412476
459.0,15.3,3417.464422639546,1925.6668323396382,1.183775660990977,0.8447546549173578,432.6622773346875,-9.370819091796875,9.93951416015625,345.0,1.3453798294067383
460.0,15.333333333333334,3427.9954557719984,1915.4024838096218,1.1859173945428203,0.8432290517043197,420.26745166192467,-9.602218627929688,10.520889282226562,321.0,1.2037981748580933
461.0,15.366666666666667,3437.918822888826,1906.5196050061677,1.1893271547365232,0.8408115429110289,425.7432516801334,-8.98736572265625,9.13897705078125,301.0,1.1706348657608032
462.0,15.4,3448.9254419587787,1896.2315748355263,1.1905735325643212,0.8399313210383119,434.7943060624598,-10.079986572265625,10.545539855957031,293.0,1.2463152408599854
463.0,15.433333333333334,3458.8698051693564,1886.4881003289474,1.1928602672355177,0.8383211575296442,415.86710313455114,-9.013031005859375,10.000946044921875,284.0,1.2402210235595703
464.0,15.466666666666667,3468.067830489309,1876.1762664473683,1.1934646173417274,0.8378966460081219,421.8757328962112,-8.268318176269531,10.57037353515625,270.0,1.3741495609283447
465.0,15.5,3478.0168323717617,1865.8868935032895,1.1967326067698112,0.8356085514367102,434.276613557741,-9.021385192871094,10.548202514648438,256.0,1.1442389488220215
466.0,15.533333333333333,3487.7089983167148,1854.9058701685856,1.200440668216378,0.8330274260749647,443.63620828564,-8.767463684082031,11.240943908691406,242.0,1.109375
467.0,15.566666666666666,3497.6514084022924,1843.7688409745065,1.2029987895858634,0.8312560317240665,432.91128504094036,-9.019805908203125,11.39752197265625,233.0,1.1988378763198853
468.0,15.6,3506.876289190995,1833.3290774054276,1.2029270852703449,0.8313055813979455,423.4669426178084,-8.297264099121094,10.70025634765625,219.0,1.9530186653137207
469.0,15.633333333333333,3515.7933086515727,1822.1385814144737,1.2053709094885199,0.8296201543675334,428.88962630855775,-7.993064880371094,11.45220947265625,215.0,1.0784438848495483
470.0,15.666666666666666,3524.6544199090254,1810.9353901110198,1.2076420959112704,0.828059905650617,436.19986168954387,-7.9375,11.465423583984375,201.0,1.2628259658813477
471.0,15.7,3533.551175697728,1799.1102505653782,1.2113139946694806,0.8255497785054983,439.01419634411764,-7.976287841796875,12.088592529296875,194.0,1.1984835863113403
472.0,15.733333333333333,3542.018976408306,1787.3755651212994,1.2140321780242944,0.8237013961420623,435.4886162437736,-7.546478271484375,11.99853515625,191.0,0.9747023582458496
473.0,15.766666666666667,3550.0746677438838,1775.238413856908,1.216019526803571,0.8223552154862185,430.7798800951394,-7.1359100341796875,12.402023315429688,186.0,1.1521754264831543
474.0,15.8,3557.9767946263364,1763.4986014597039,1.216614446024734,0.8219530873297471,435.4369751735999,-6.9802703857421875,12.0048828125,176.0,0.8128188848495483
475.0,15.833333333333334,3565.779556274414,1750.8243408203125,1.2187536642453094,0.8205103535990035,430.7647990849659,-6.885429382324219,12.941055297851562,162.0,1.1591907739639282
476.0,15.866666666666667,3573.2126890162417,1739.1558174856086,1.223733367891255,0.8171714739814656,419.1927582326863,-6.5104827880859375,11.934707641601562,477.0,1.5676020383834839
477.0,15.9,3580.1553432424444,1726.859242393092,1.2253931949161758,0.8160645939186939,415.2380776204685,-6.0219268798828125,12.564056396484375,462.0,1.0073696374893188
478.0,15.933333333333334,3586.890966218647,1715.0886682771381,1.2261582067228756,0.8155554434306456,411.42880611935453,-5.812408447265625,12.03802490234375,449.0,1.1476757526397705
479.0,15.966666666666667,3592.7403587260997,1702.4882601768093,1.227649865946862,0.8145645006271555,403.6432931983289,-4.927825927734375,12.869415283203125,435.0,1.2114512920379639
480.0,16.0,3598.1266164679278,1690.6369975842927,1.2289462100497879,0.8137052637637309,399.59455922304227,-4.4605255126953125,12.11993408203125,411.0,2.008432626724243
481.0,16.033333333333335,3603.5758624910054,1678.1518238589638,1.2315554071896455,0.8119813320311389,398.3096007763686,-4.526580810546875,12.755157470703125,397.0,1.3455923795700073
482.0,16.066666666666666,3608.796348748458,1666.320947008635,1.2364985956852905,0.8087352492671303,383.7958239458943,-4.2943267822265625,12.10064697265625,380.0,1.2785927057266235
483.0,16.1,3613.1564834434107,1654.426837736431,1.2383013236021547,0.8075578867113309,376.6215980779315,-3.4325180053710938,12.164337158203125,359.0,1.327168345451355
484.0,16.133333333333333,3616.5673993883634,1642.4456923314144,1.2412238453846334,0.8056564524750309,371.7055520380755,-2.480987548828125,12.2520751953125,331.0,1.3270975351333618
485.0,16.166666666666668,3619.5571727551915,1630.4873740748355,1.2422631544440126,0.8049824197253601,364.9826357846125,-2.0587692260742188,12.229705810546875,324.0,1.203904390335083
486.0,16.2,3622.975657059519,1618.9725372635692,1.2437846239951893,0.8039977185019999,358.444404887711,-2.4863128662109375,11.785980224609375,317.0,1.2579364776611328
487.0,16.233333333333334,3625.8899909732218,1607.4454934210526,1.2472154592916562,0.8017860847939939,356.95856658739245,-1.9811515808105469,11.798660278320312,312.0,1.2223284244537354
488.0,16.266666666666666,3628.7620885587994,1595.8895189144737,1.2509381008395442,0.7994000657017868,352.92925824677496,-1.938929557800293,11.828140258789062,302.0,1.278167486190796
489.0,16.3,3629.698883410002,1584.2272211657073,1.2517311393055524,0.7988936031061669,352.502245600976,0.0008544921875,11.93499755859375,297.0,0.9276502132415771
490.0,16.333333333333332,3631.6232270893297,1572.5641909950657,1.254249043497123,0.797289824684083,352.9907760984648,-0.9893379211425781,11.936279296875,294.0,1.1268424987792969
491.0,16.366666666666667,3632.5707641280324,1560.8703991056743,1.2551664867881789,0.7967070588053068,351.06689758606103,-0.009551048278808594,11.967498779296875,290.0,0.8413052558898926
492.0,16.4,3633.20116249486,1549.212984169408,1.2578075618817222,0.7950341771709232,337.71288842759355,0.30815887451171875,11.9315185546875,287.0,1.9808673858642578
493.0,16.433333333333334,3633.6350276585626,1538.3813748972038,1.2598688193100331,0.7937334305548174,339.3315539048225,0.5098342895507812,11.104598999023438,279.0,1.216482400894165
494.0,16.466666666666665,3633.3704064941408,1526.591513671875,1.2613433657506328,0.7928055334915836,337.143968816614,1.2052268981933594,12.065017700195312,276.0,1.3281604051589966
495.0,16.5,3632.7793693140934,1515.9214034231086,1.264403270027126,0.7908869137759715,337.8878319361683,1.5384674072265625,10.943359375,267.0,1.2854307889938354
496.0,16.533333333333335,3631.220070415296,1504.1685295024672,1.26537366085388,0.790280397748437,344.45254666241794,2.5040283203125,12.0286865234375,263.0,1.3350340127944946
497.0,16.566666666666666,3629.2533008133737,1493.230230777138,1.2667522268670426,0.7894203608176955,343.7804540402786,2.9169769287109375,11.21282958984375,253.0,1.290603756904602
498.0,16.6,3627.4337480083263,1481.5647592002467,1.2707343245192972,0.7869465557863855,345.6504460281214,2.76580810546875,11.94189453125,252.0,1.3964710235595703
499.0,16.633333333333333,3625.5123885626545,1470.4925493421053,1.272291270247052,0.785983542751041,349.89042728746875,2.8709640502929688,11.347900390625,246.0,1.4585459232330322
500.0,16.666666666666668,3622.444788882607,1458.7784937808387,1.2757896659808279,0.7838282646937725,349.66505236751783,4.01768684387207,11.9913330078125,237.0,1.2239937782287598
501.0,16.7,3619.3481364681847,1448.0113376336349,1.2778397849871543,0.7825707195445105,341.71423521805553,4.051563262939453,11.042724609375,230.0,1.208404302597046
502.0,16.733333333333334,3616.2365914756374,1436.8597820723685,1.2797396493983129,0.7814089377242971,347.7652757824715,4.064544677734375,11.42828369140625,226.0,1.449723720550537
503.0,16.766666666666666,3611.74614023309,1426.1087392064144,1.2824258704908476,0.7797721669613938,354.4794667554639,5.4500732421875,11.027053833007812,216.0,1.3244402408599854
504.0,16.8,3607.3113530530427,1414.9780576685855,1.283907555120383,0.7788722762880207,360.8966820762906,5.39215087890625,11.40802001953125,209.0,2.2097506523132324
505.0,16.833333333333332,3601.8348178261203,1404.1852667557566,1.2848231223986166,0.7783172504967962,380.37356207839866,6.4393463134765625,11.0694580078125,201.0,1.5079364776611328
506.0,16.866666666666667,3596.207403692948,1392.18019556949,1.2882597904632562,0.7762409472086383,388.170263264104,6.584648132324219,12.284942626953125,192.0,1.450999140739441
507.0,16.9,3590.4154387785256,1380.9630882504111,1.2900518283669127,0.7751626547174529,380.6286931217925,6.7540435791015625,11.495574951171875,177.0,1.6520692110061646
508.0,16.933333333333334,3583.7760617547287,1370.0586030016448,1.2912762737883052,0.7744276111154988,373.69658809410424,7.605556488037109,11.182220458984375,164.0,1.7863520383834839
509.0,16.966666666666665,3576.7492335590564,1360.1328775185034,1.2930146293009113,0.7733864546765923,371.12133495230864,7.99951171875,10.2012939453125,497.0,2.8386478424072266
510.0,17.0,3569.673577238384,1349.7298571134868,1.295927708977439,0.7716479808808603,388.21816366535006,8.046340942382812,10.679962158203125,495.0,2.665391206741333
511.0,17.033333333333335,3561.3166709177117,1339.3561335834704,1.2987931268329538,0.769945558950141,397.7962216889552,9.332023620605469,10.650764465332031,494.0,2.606009006500244
512.0,17.066666666666666,3553.2876454564143,1328.8780399362665,1.3005248803162046,0.7689203145093725,398.3809134791118,9.00274658203125,10.755691528320312,491.0,1.8167517185211182
513.0,17.1,3544.4287860107424,1318.8581982421874,1.3028131917063026,0.7675697531818002,412.3125307429119,9.837722778320312,10.296371459960938,480.0,2.515589714050293
514.0,17.133333333333333,3535.062846486945,1308.300880962171,1.3044898907745701,0.7665831732940663,413.6240920710689,10.344223022460938,10.835372924804688,478.0,2.625
515.0,17.166666666666668,3525.2276686818977,1299.0669279399672,1.3073356746043991,0.7649144893889634,422.1439414720665,10.821640014648438,9.508514404296875,473.0,2.3230583667755127
516.0,17.2,3514.5824322831004,1288.9986243318256,1.307378688254124,0.7648893231810302,423.5581612664641,11.62994384765625,10.345367431640625,469.0,3.1763038635253906
517.0,17.233333333333334,3504.667176353053,1279.7121810752467,1.3102014739656103,0.7632413944500323,421.3674870634011,10.902130126953125,9.561553955078125,462.0,2.368551731109619
518.0,17.266666666666666,3493.5697915167557,1270.3550591077303,1.3130704947704057,0.761573734222741,431.10532771201053,12.088020324707031,9.632362365722656,458.0,2.222470283508301
519.0,17.3,3482.8662055085833,1260.9845094058387,1.314600420953139,0.7606874180634745,427.0542292185497,11.692947387695312,9.64617919921875,448.0,2.6111111640930176
520.0,17.333333333333332,3471.646262078536,1252.1914743523848,1.3160467213744933,0.7598514427782543,424.5954234443094,12.213958740234375,9.067092895507812,442.0,1.9090136289596558
521.0,17.366666666666667,3460.2534670859886,1243.9576434004935,1.3188191930003137,0.7582540543142992,413.36767636503544,12.39044189453125,8.506423950195312,426.0,2.768282413482666
522.0,17.4,3449.4951935778167,1235.7974208470396,1.320475772713735,0.7573027999937332,419.0084986804361,11.75439453125,8.432830810546875,421.0,3.021754503250122
523.0,17.433333333333334,3438.0877501477694,1226.958121145148,1.3215888398863647,0.7566649852203533,435.3539951052277,12.402252197265625,9.1138916015625,406.0,2.4347009658813477
524.0,17.466666666666665,3426.041390702097,1218.700974763569,1.323073707794834,0.7558157902379447,433.07115386150883,13.04656982421875,8.529937744140625,401.0,2.041524887084961
525.0,17.5,3413.9855097720497,1211.0634572882402,1.3230659793836743,0.7558202051766394,438.2140070478674,13.059051513671875,7.90875244140625,395.0,1.5729166269302368
526.0,17.533333333333335,3401.1098046232523,1203.473058953536,1.324115459944313,0.7552211497040114,425.6746068858493,13.882110595703125,7.861236572265625,381.0,2.090277671813965
527.0,17.566666666666666,3389.5981131463304,1196.5519721422697,1.3270629344220262,0.7535437650027718,416.04842065470365,12.516876220703125,7.1904296875,377.0,2.53387188911438
528.0,17.6,3377.487788856908,1188.9363052528784,1.3270410239672263,0.753556206582425,436.70285811577634,13.114456176757812,7.8869476318359375,365.0,2.5372023582458496
529.0,17.633333333333333,3364.4895251143607,1181.8157555509868,1.3300410456607559,0.7518564959047609,436.98674446308826,14.0076904296875,7.39031982421875,357.0,3.222151279449463
530.0,17.666666666666668,3352.3816422311884,1174.1585847553454,1.3301258716485036,0.7518085478336279,436.0691662258,13.112091064453125,7.92877197265625,351.0,3.66078519821167
531.0,17.7,3339.388505441766,1167.1502176706415,1.3330965562013322,0.7501332107927028,444.6540250756611,14.003326416015625,7.2779541015625,345.0,3.0551304817199707
532.0,17.733333333333334,3326.3355541992187,1160.00427734375,1.3359405436626344,0.7485363063077531,428.97178420103984,14.06268310546875,7.4159393310546875,338.0,2.5753259658813477
533.0,17.766666666666666,3314.1612650660463,1153.6802974660773,1.3359661839628523,0.7485219401539926,430.60615079279773,13.185317993164062,6.59173583984375,326.0,2.948235511779785
534.0,17.8,3301.011389995374,1146.4845524516859,1.3390836902345808,0.746779314312177,445.44247844217034,14.16015625,7.466033935546875,316.0,2.7673611640930176
535.0,17.833333333333332,3287.4650305497016,1140.6736340974508,1.3407698747624486,0.7458401466375245,441.0196233469127,14.564605712890625,6.0767974853515625,304.0,2.900474786758423
536.0,17.866666666666667,3274.2402043071547,1134.3296957236842,1.342040860609458,0.7451337953643767,441.3927547929104,14.239501953125,6.6116180419921875,288.0,2.8813421726226807
537.0,17.9,3260.9291964239824,1127.955544947574,1.343119790935437,0.7445352281672017,429.40232419136044,14.32568359375,6.6419525146484375,280.0,2.956986904144287
538.0,17.933333333333334,3248.367944400185,1122.0773048159951,1.3438948948511187,0.7441058105297613,429.8990274476913,13.576217651367188,6.1447906494140625,262.0,2.667623281478882
539.0,17.966666666666665,3235.0200712826377,1115.7036423211348,1.3449836463704898,0.7435034639257908,447.6868756446257,14.363006591796875,6.6415252685546875,244.0,2.996244430541992
540.0,18.0,3221.3958309775903,1109.2993401778372,1.3447235035713228,0.7436472980089925,445.81355348131797,14.640228271484375,6.6723175048828125,230.0,3.700148820877075
541.0,18.033333333333335,3207.9813074694184,1103.3651918431333,1.3478798801459964,0.7419058736092154,438.1095205469483,14.432083129882812,6.2006683349609375,222.0,3.251488208770752
542.0,18.066666666666666,3194.347057398746,1098.2797983912417,1.347794880530256,0.741952662415942,441.43124518318757,14.656387329101562,5.34912109375,206.0,3.7786636352539062
543.0,18.1,3180.7052389686987,1092.3167804276316,1.3501988201353126,0.7406316648238392,439.6276332005893,14.6600341796875,6.229705810546875,191.0,3.3756377696990967
544.0,18.133333333333333,3167.2118580386514,1087.2041652960527,1.3507980602246532,0.7403031063234489,440.1268887418214,14.515289306640625,5.37652587890625,181.0,3.733276605606079
545.0,18.166666666666668,3153.541963436729,1081.2218602230673,1.353231349453099,0.7389719432705609,433.48753542288034,14.688507080078125,6.2491302490234375,152.0,3.305980682373047
546.0,18.2,3140.5305161004317,1076.101554661801,1.3548629171540059,0.7380820504708898,442.3343143276976,14.031402587890625,5.3844757080078125,487.0,5.808460712432861
547.0,18.233333333333334,3126.1257582172593,1070.3613760536596,1.3578642992175702,0.7364506162922325,452.99053059008054,15.4271240234375,6.005950927734375,476.0,3.313633918762207
548.0,18.266666666666666,3112.353568693462,1065.2359435392682,1.3578525636397851,0.7364569812494627,429.96557267216235,14.794761657714844,5.389394760131836,462.0,3.980513095855713
549.0,18.3,3099.3499338571646,1060.1290046772203,1.3563868431097807,0.7372528014996853,439.00020755592743,14.024017333984375,5.3711700439453125,454.0,4.0561933517456055
550.0,18.333333333333332,3084.9258888646177,1055.0251175729852,1.357915820740926,0.7364226741642683,436.71693771999213,15.44903564453125,5.367576599121094,442.0,3.8906960487365723
551.0,18.366666666666667,3071.8372930908204,1050.6050073242188,1.3609102063233809,0.7348023369606348,427.64700853251844,14.112258911132812,4.6820220947265625,424.0,3.510310411453247
552.0,18.4,3058.059732473273,1045.4847627981085,1.3610300966129822,0.7347376097623185,438.1131734927626,14.800468444824219,5.3842620849609375,416.0,4.2593183517456055
553.0,18.433333333333334,3044.2570253713507,1040.9920207134046,1.362511415656866,0.7339388048487656,448.49188036355315,14.8282470703125,4.7546844482421875,404.0,3.3439273834228516
554.0,18.466666666666665,3029.7550995194283,1035.850169741982,1.3640420996012286,0.7331152024503829,449.1241521950794,15.527145385742188,5.405693054199219,386.0,4.031604290008545
555.0,18.5,3015.9223631206314,1031.3148861533718,1.365703124892603,0.732223557062329,439.38465140578023,14.8585205078125,4.797332763671875,373.0,3.2120182514190674
556.0,18.533333333333335,3002.110378674959,1026.1646733655427,1.3657153352300473,0.7322170105321073,435.4471279476916,14.8348388671875,5.4144134521484375,363.0,3.926445484161377
557.0,18.566666666666666,2988.2969293855367,1022.3949537417764,1.365697507977992,0.7322265685909963,446.67028446919204,14.84222412109375,4.029144287109375,345.0,2.6567461490631104
558.0,18.6,2973.7054039242394,1017.2266745476974,1.3668561828337344,0.731605865019993,451.3610958162263,15.61712646484375,5.43231201171875,327.0,4.319940567016602
559.0,18.633333333333333,2959.839464400442,1012.6161346114309,1.368714861708416,0.730612363448593,434.34451132071837,14.89166259765625,4.87286376953125,309.0,3.025510311126709
560.0,18.666666666666668,2945.9940326891447,1008.8274330540708,1.3687249778470443,0.7306069635500949,446.1403198690585,14.873855590820312,4.0482330322265625,294.0,2.4132652282714844
561.0,18.7,2931.3263353528473,1004.1527451685855,1.3718456665150929,0.7289449712957183,446.945771476299,15.6956787109375,4.93695068359375,271.0,3.7432682514190674
562.0,18.733333333333334,2917.42426301655,1000.366179841694,1.3718770655705703,0.7289282874512485,437.89161983613064,14.930709838867188,4.0460052490234375,256.0,1.9515305757522583
563.0,18.766666666666666,2903.5509992740026,995.1667116827714,1.3718553146853554,0.7289398446725827,450.8474658868217,14.896636962890625,5.463951110839844,240.0,3.673752784729004
564.0,18.8,2888.7475597502057,991.3639720394737,1.3726172377494823,0.7285352190677581,445.8678109465695,15.83526611328125,4.0618896484375,227.0,3.165391206741333
565.0,18.833333333333332,2874.8095987420334,987.5852192125822,1.3726126561451617,0.7285376508245195,451.0388104046289,14.966659545898438,4.038177490234375,220.0,1.3184523582458496
566.0,18.866666666666667,2859.906061561986,982.8593838661595,1.37570784678986,0.7268985216108537,451.2991514523219,15.931900024414062,4.98822021484375,216.0,3.2138960361480713
567.0,18.9,2845.9536962569387,979.0681188322368,1.3757463861212957,0.7268781587130644,446.80328401568477,14.981613159179688,4.0507354736328125,206.0,1.479627251625061
568.0,18.933333333333334,2830.9839969675163,975.7338850483142,1.3788617633508384,0.7252358623462383,450.692722611213,16.00341796875,3.5916900634765625,198.0,3.05594539642334
569.0,18.966666666666665,2817.0118562718444,970.9970023386102,1.3806577041823056,0.724292485364611,454.13957024367755,14.997512817382812,4.9996490478515625,190.0,2.3359551429748535
570.0,19.0,2801.943035888672,967.174853515625,1.3814997324204348,0.7238510269183808,450.8328746809004,16.10101318359375,4.0813140869140625,186.0,2.4130172729492188
571.0,19.033333333333335,2787.9469694117497,963.3440987356086,1.3815629724594556,0.7238178931647263,438.55196940406177,15.02490234375,4.09033203125,173.0,1.9197137355804443
572.0,19.066666666666666,2773.7328853567024,959.4951554790296,1.3811276008557645,0.7240460616241302,446.91419089644216,15.24365234375,4.108489990234375,164.0,3.3463363647460938
573.0,19.1,2759.00439700478,956.2711511872944,1.3843114718323732,0.7223807794327738,443.5270791874103,15.76177978515625,3.4810638427734375,484.0,4.994011878967285
574.0,19.133333333333333,2745.0137016216077,952.4593173057154,1.3843033857158067,0.7223849990678972,447.5411179038812,15.019462585449219,4.07135009765625,465.0,1.7442601919174194
575.0,19.166666666666668,2730.1719320196853,948.597800806949,1.3856945196848256,0.7216597783957814,443.48515063127115,15.873016357421875,4.1208343505859375,450.0,3.2044358253479004
576.0,19.2,2716.143150699013,946.0858936831826,1.3856877469907973,0.7216633055835495,439.36911393380257,15.062240600585938,2.7667236328125,429.0,3.2570862770080566
577.0,19.233333333333334,2701.5738420345906,942.2631345086348,1.3843513853592662,0.7223599517982788,456.85569158921817,15.599899291992188,4.081977844238281,412.0,2.970698833465576
578.0,19.266666666666666,2686.6678634482937,938.4152288497122,1.3855989936005042,0.7217095311259442,459.77242155217294,15.9371337890625,4.107147216796875,395.0,3.305555582046509
579.0,19.3,2671.7408887682464,935.226869089227,1.3888295111210318,0.7200307827508811,444.98251494415024,15.960861206054688,3.445159912109375,370.0,3.3317034244537354
580.0,19.333333333333332,2657.694529322574,932.0443687037418,1.3908175721640013,0.7190015570798978,445.59804697965086,15.077423095703125,3.439666748046875,346.0,2.5765304565429688
581.0,19.366666666666667,2642.7170175331516,928.8949493729441,1.3899403329636095,0.7194553437181115,453.2627187404072,16.011245727539062,3.40606689453125,324.0,3.3355655670166016
582.0,19.4,2628.150516485917,925.7001198858964,1.3908443583342849,0.7189877098812326,456.1192921583091,15.598770141601562,3.4517974853515625,316.0,3.392609119415283
583.0,19.433333333333334,2613.1329656339944,921.86448229338,1.3919787726613966,0.7184017598831971,446.93911927939683,16.049163818359375,4.0946807861328125,305.0,3.0595946311950684
584.0,19.466666666666665,2599.0477878289475,919.3103388414885,1.3919844145126157,0.7183988481294429,451.9683517048089,15.1181640625,2.8090057373046875,299.0,3.018353223800659
585.0,19.5,2583.5484254535877,916.1508487099095,1.3941266672905923,0.7172949370113151,451.9337008461024,16.534423828125,3.4158935546875,281.0,4.158446788787842
586.0,19.533333333333335,2569.460684171978,913.6222179533306,1.3941392979471583,0.7172884384454836,448.58981933267023,15.12054443359375,2.7833290100097656,270.0,3.1117844581604004
587.0,19.566666666666666,2554.3264341013055,909.7913411030016,1.3953284185589228,0.7166771540658414,455.1973511919624,16.166046142578125,4.089836120605469,256.0,2.9323625564575195
588.0,19.6,2539.789107858758,907.2577054636101,1.3942994633857635,0.7172060423603047,451.13986543716453,15.5712890625,2.78814697265625,241.0,4.048681735992432
589.0,19.633333333333333,2524.6796380615233,904.7284643554688,1.3952839456409403,0.7166999972472543,462.77910102196284,16.145050048828125,2.783435821533203,225.0,3.4357285499572754
590.0,19.666666666666668,2509.485085256476,901.4690596731085,1.3985799569299193,0.7150109616865533,448.5330713831309,16.227981567382812,3.5162200927734375,214.0,3.346442699432373
591.0,19.7,2495.3439992483036,898.9351798930921,1.3984843408747527,0.7150598478453463,454.02102146876894,15.17376708984375,2.788482666015625,193.0,3.4258787631988525
592.0,19.733333333333334,2479.777986482319,895.6686951326069,1.4010657145107726,0.7137423959797505,471.00431684125823,16.600311279296875,3.523162841796875,172.0,3.847966194152832
593.0,19.766666666666666,2464.486021567897,893.1245614463405,1.4016708281462735,0.7134342671042901,448.8496116745807,16.32763671875,2.798248291015625,163.0,3.449263095855713
594.0,19.8,2450.2802382940995,890.6400591077303,1.4016900437473885,0.7134244867192759,443.1477454567061,15.238555908203125,2.7388687133789062,492.0,5.193488121032715
595.0,19.833333333333332,2435.374259707802,888.0941554019325,1.4001601267408301,0.7142040263121278,455.8283077113983,15.940460205078125,2.8001327514648438,470.0,3.3874716758728027
596.0,19.866666666666667,2420.454609246505,884.8180270867599,1.403372183077114,0.7125693469335718,456.33155707001674,15.951873779296875,3.5331268310546875,452.0,3.298859119415283
597.0,19.9,2405.514817183645,882.2702312911184,1.4049795534459528,0.7117541301916663,453.32868915366737,15.974136352539062,2.802001953125,440.0,3.684027671813965
598.0,19.933333333333334,2390.6604743395355,879.7511220189144,1.4034900112407893,0.7125095241083517,454.09460182931946,15.888397216796875,2.77325439453125,429.0,4.260345935821533
599.0,19.966666666666665,2375.664652003238,877.2283506373356,1.4049263594104144,0.7117810789881228,465.5739669725854,16.03021240234375,2.77685546875,411.0,4.260062217712402
600.0,20.0,2360.0336978310033,874.7138190018503,1.4049521513724836,0.711768012186828,452.9623309226234,16.66693115234375,2.768260955810547,402.0,4.40150260925293
601.0,20.033333333333335,2345.787631354081,872.8406447882401,1.4067877688645685,0.7108392766359558,445.26926101178304,15.280059814453125,2.12518310546875,389.0,3.8988094329833984
602.0,20.066666666666666,2330.6817015959086,870.2824730160362,1.4081407899759613,0.710156262156905,467.8298188450519,16.140106201171875,2.8122406005859375,370.0,3.6193666458129883
603.0,20.1,2315.0152249627363,867.7621430407072,1.408176041303225,0.7101384845850167,455.78700254647407,16.70233154296875,2.7740478515625,356.0,4.063775539398193
604.0,20.133333333333333,2300.7197200092514,865.225150467722,1.4081374317401723,0.7101579557928539,453.9832292306304,15.327484130859375,2.7913360595703125,346.0,4.044075965881348
605.0,20.166666666666668,2285.0748498213916,863.3375109220806,1.4102723141732139,0.7090829125339952,468.52019849315104,16.6820068359375,2.13897705078125,329.0,4.022109031677246
606.0,20.2,2269.8046134225947,860.7685359272205,1.4115446278721806,0.7084437716343693,447.4402060320255,16.30450439453125,2.822998046875,317.0,3.3790390491485596
607.0,20.233333333333334,2255.476149484735,859.6352298776727,1.411693041335032,0.7083692918499509,453.79420610793477,15.36383056640625,1.3824462890625,299.0,4.604875087738037
608.0,20.266666666666666,2239.776103515625,857.090302734375,1.4116774747945138,0.7083771030245856,462.86584272236206,16.7352294921875,2.7985382080078125,276.0,3.7776007652282715
609.0,20.3,2225.040413015265,854.5494649465461,1.410527162206423,0.7089547984568733,453.8121367537589,15.76837158203125,2.794921875,267.0,3.4450113773345947
610.0,20.333333333333332,2209.747227397718,853.4052336040296,1.4117285792441443,0.7083514598361474,453.5795759271541,16.33050537109375,1.39288330078125,255.0,3.9487669467926025
611.0,20.366666666666667,2195.0277722489204,850.8593909333881,1.410656059675281,0.7088900183296203,454.47504120576036,15.751861572265625,2.7999725341796875,243.0,3.352536916732788
612.0,20.4,2179.7729167094985,848.985972579153,1.413975435185727,0.7072258648316964,463.21316818429256,16.290008544921875,2.124725341796875,223.0,4.313633918762207
613.0,20.433333333333334,2164.376215466951,847.1029717053865,1.4172645270906985,0.7055845827544688,470.94093101843174,16.432159423828125,2.134307861328125,213.0,3.8676304817199707
614.0,20.466666666666665,2148.5924292634663,845.3131104800575,1.414669100332747,0.7068790855506691,454.09272999672356,16.820343017578125,2.04058837890625,203.0,3.4955356121063232
615.0,20.5,2134.248218255294,844.1450754266036,1.414669100332747,0.7068790855506691,454.9644772118226,15.37835693359375,1.41717529296875,185.0,4.605654716491699
616.0,20.533333333333335,2118.490555098684,841.5922747481496,1.4146908551118407,0.7068682153324186,472.90038422213115,16.792022705078125,2.8063201904296875,173.0,3.5139596462249756
617.0,20.566666666666666,2103.028424168637,839.756820261102,1.4179622170836315,0.7052374089746426,460.67096517588584,16.497314453125,2.0865020751953125,152.0,4.367488861083984
618.0,20.6,2087.926766871402,838.5848179224918,1.4164638128104388,0.7059834433862993,453.47538498411814,16.137344360351562,1.420684814453125,484.0,5.688421249389648
619.0,20.633333333333333,2072.8848019569796,837.4509015213816,1.4179819939128313,0.7052275729119546,466.07125363154114,16.077178955078125,1.38250732421875,479.0,3.665745496749878
620.0,20.666666666666668,2057.0767237613077,834.8824148077714,1.4180009260149533,0.7052181572337384,466.5359291301961,16.842071533203125,2.821990966796875,463.0,3.2181122303009033
621.0,20.7,2042.0068047453228,833.7215208675987,1.4194671692858576,0.7044896998238472,454.28018635422904,16.10504150390625,1.409515380859375,456.0,4.398348808288574
622.0,20.733333333333334,2026.9384726434005,831.9011420641448,1.4199656727659005,0.7042423765443115,455.4552886421134,16.101791381835938,2.0714263916015625,446.0,4.021152496337891
623.0,20.766666666666666,2011.7910389789781,830.728041092722,1.4212765236448424,0.7035928500637687,465.8481058675496,16.182235717773438,1.421731948852539,432.0,3.9375
624.0,20.8,1995.9683123458058,829.5864342619243,1.421318880986002,0.7035718819877188,455.1406526426825,16.859222412109375,1.3897857666015625,422.0,3.842191219329834
625.0,20.833333333333332,1981.5362107126334,828.4203523334704,1.4213646282777894,0.7035492371944417,455.4864507900785,15.464813232421875,1.4149513244628906,409.0,4.61904764175415
626.0,20.866666666666667,1965.6919997044613,827.2573831979852,1.4213343832614354,0.7035642082374528,468.766222049504,16.880477905273438,1.4111900329589844,392.0,3.478670597076416
627.0,20.9,1950.4256695556642,825.459892578125,1.424714297816663,0.7018951108530838,455.93117592691874,16.299560546875,2.048248291015625,375.0,3.788548707962036
628.0,20.933333333333334,1935.4427866724918,824.2797725637336,1.4237142847292061,0.7023881200926507,456.9070275272179,16.016433715820312,1.4287872314453125,356.0,3.8104095458984375
629.0,20.966666666666665,1920.0551186330695,823.1211369243421,1.4244941479840312,0.7020035859151947,470.4305832743466,16.42205810546875,1.40704345703125,341.0,4.149163722991943
630.0,21.0,1904.1665961014596,821.9608533357318,1.4244730911800478,0.7020139630518327,463.25164639624654,16.924041748046875,1.40838623046875,324.0,3.245819091796875
631.0,21.033333333333335,1889.2589085307873,820.8015463096217,1.4237137838638385,0.7023883671942016,455.20917052131387,15.940673828125,1.4078369140625,309.0,3.6556830406188965
632.0,21.066666666666666,1873.86367213199,820.3207060803865,1.4270564174656468,0.7007431435513465,469.95543702017426,16.430404663085938,0.726654052734375,300.0,4.454825401306152
633.0,21.1,1857.9727081941303,819.1386329409951,1.427058458886227,0.7007421411316729,471.28187677819705,16.925811767578125,1.43023681640625,293.0,4.042658805847168
634.0,21.133333333333333,1842.4585753109582,819.3931442742598,1.4277841849406103,0.7003859620714287,454.7728732104911,16.550537109375,-0.01141357421875,281.0,3.956916093826294
635.0,21.166666666666668,1827.6683193809108,818.223888517681,1.4269476266857744,0.7007965683524054,457.3124905257524,15.822052001953125,1.4178314208984375,268.0,5.505527496337891
636.0,21.2,1812.060070286801,817.065374948602,1.427759539821085,0.7003980517092617,473.6048778180591,16.64190673828125,1.4066123962402344,257.0,6.289328098297119
637.0,21.233333333333334,1796.1308983411286,816.7116099146792,1.4300831402608287,0.6992600442919793,472.251771244233,16.964691162109375,0.5989227294921875,236.0,4.9094038009643555
638.0,21.266666666666666,1780.5891775673313,816.1762042557566,1.4280627913191175,0.7002493210234046,456.40189148333263,16.575912475585938,0.7812652587890625,222.0,5.20383358001709
639.0,21.3,1765.718599371659,815.7725734991776,1.430235373151862,0.6991856157188053,457.61411299646994,15.903213500976562,0.6493988037109375,214.0,4.890766620635986
640.0,21.333333333333332,1750.1221910978618,814.6024022152549,1.430845412644128,0.6988875186398034,473.561709330794,16.629196166992188,1.4183197021484375,204.0,4.795386791229248
641.0,21.366666666666667,1734.1614029412522,814.8465375719572,1.430835946005515,0.6988921425909898,478.8303210164965,16.996475219726562,-0.00128173828125,180.0,0.7419217824935913
642.0,21.4,1718.2039106830798,815.0911001747533,1.4308334727559344,0.6988933506523969,457.1179996620001,16.99285888671875,-0.001739501953125,165.0,0.7377409338951111
643.0,21.433333333333334,1703.7012524092825,813.9103698087994,1.4307939861153687,0.6989126385099073,457.21153626418936,15.532386779785156,1.429403305053711,480.0,6.415958404541016
644.0,21.466666666666665,1687.7375345651726,814.1545051655016,1.4307960328825837,0.6989116387087884,478.90538546213213,16.99858856201172,-0.001277923583984375,446.0,0.6268423795700073
645.0,21.5,1671.7779671116878,814.3990677682978,1.4307977385243695,0.6989108055421824,468.9723421513404,16.994224548339844,-0.001708984375,428.0,0.5345096588134766
646.0,21.533333333333335,1656.4751989746092,813.760146484375,1.4342474031483041,0.6972297790499105,457.4170938945764,16.334487915039062,0.88519287109375,416.0,2.7730655670166016
647.0,21.566666666666666,1641.2860782984683,814.0020845754523,1.4328548067725237,0.6979074190025434,458.04878126218046,16.221466064453125,0.00133514404296875,401.0,2.931831121444702
648.0,21.6,1625.9424166067024,814.2420695415296,1.4338161232212738,0.6974394999502143,469.71774609749775,16.376251220703125,0.003173828125,379.0,3.2357568740844727
649.0,21.633333333333333,1609.9752807938426,814.4846790193257,1.4338144994413606,0.697440289793148,466.27567279478376,17.000709533691406,0.000179290771484375,355.0,0.2410714328289032
650.0,21.666666666666668,1594.8611723247327,814.7281429893092,1.4328550175234294,0.6979073163511105,458.5108010223373,16.145706176757812,-0.0001678466796875,342.0,2.490894317626953
651.0,21.7,1579.4117367071854,814.9693486585115,1.4337826846167265,0.697455765597641,471.7494919221594,16.481353759765625,0.001861572265625,327.0,2.402494430541992
652.0,21.733333333333334,1563.427388980263,815.7369215152138,1.4363681947121079,0.6962003222303531,459.1414865906291,17.017807006835938,-0.526580810546875,317.0,2.3664257526397705
653.0,21.766666666666666,1548.8641227963094,816.9137350945723,1.4337537077835185,0.6974698615049645,437.5424035327991,15.59417724609375,-0.9365386962890625,306.0,3.732851505279541
654.0,21.8,1534.292311690481,817.1534759200247,1.4338239545722467,0.6974356906307444,438.15394096025165,15.6011962890625,0.0037689208984375,289.0,3.2272534370422363
655.0,21.833333333333332,1519.7172046862152,818.8363930150083,1.4337562682188003,0.6974686159470681,454.0775762828331,15.606048583984375,-1.444366455078125,277.0,4.576459884643555
656.0,21.866666666666667,1504.118904322574,819.5926743678043,1.4372804072051975,0.6957584581177917,438.0469186163589,16.62982177734375,-0.5150146484375,273.0,3.461522102355957
657.0,21.9,1490.5527694862767,820.3391900956003,1.4395465126979914,0.6946632089892008,418.1404919457922,14.5933837890625,-0.5042266845703125,272.0,3.919536590576172
658.0,21.933333333333334,1476.3098768374794,821.5243044562089,1.437378340050672,0.6957110540324037,413.2936263528011,15.271728515625,-0.944610595703125,265.0,3.229379177093506
659.0,21.966666666666665,1463.148771298057,823.1998973324424,1.4373966743777005,0.6957021800770028,403.0827440197705,14.18817138671875,-1.436279296875,263.0,3.8987386226654053
660.0,22.0,1449.6433664422284,824.8426532946135,1.4367762979505765,0.6960025728614845,402.68718682688507,14.5328369140625,-1.4034423828125,253.0,4.75694465637207
661.0,22.033333333333335,1436.5091163715563,826.5205044716283,1.4368804344162636,0.6959521307743692,393.68531715317437,14.160736083984375,-1.4384765625,241.0,3.8382227420806885
662.0,22.066666666666666,1423.611133390728,828.1831578947368,1.4375477782917296,0.6956290532397625,394.05955101206473,13.9237060546875,-1.4231109619140625,222.0,3.3897037506103516
663.0,22.1,1410.4488681833368,829.8386091694078,1.4376262653163299,0.6955910754593536,381.4455254467137,14.188262939453125,-1.4159622192382812,210.0,3.653273820877075
664.0,22.133333333333333,1398.3993349095394,831.505046772204,1.4372240401980865,0.6957857453192714,379.4106240453543,13.073211669921875,-1.426422119140625,199.0,3.4301304817199707
665.0,22.166666666666668,1385.449899291992,833.6908935546875,1.4406203238423867,0.6941454201706837,378.1472778407257,13.97503662109375,-1.947967529296875,191.0,2.895549774169922
666.0,22.2,1373.6463376978822,836.282502055921,1.437827735717396,0.6954936082805884,359.380877209044,12.82720947265625,-2.3545379638671875,168.0,3.404265880584717
667.0,22.233333333333334,1361.8746974904911,837.9605973735609,1.4378027109636569,0.6955057132489137,360.0772653108357,12.794097900390625,-1.437856674194336,160.0,3.941716194152832
668.0,22.266666666666666,1350.1179498612253,841.0429895662006,1.4378111095362016,0.6955016506462887,344.7067518514302,12.780303955078125,-2.846893310546875,487.0,4.158163070678711
669.0,22.3,1339.7371177593031,844.1273348838405,1.4378155659476644,0.6954994949862711,328.63294325130306,11.401660919189453,-2.8480987548828125,466.0,3.544536590576172
670.0,22.333333333333332,1328.7325063605058,845.8033550061677,1.4358718789238045,0.6964409671073902,337.2864054297727,12.0250244140625,-1.435293197631836,452.0,3.758786678314209
671.0,22.366666666666667,1317.7593280671772,848.8798267886514,1.4378940726390914,0.6954615218384018,332.4542404747479,11.994560241699219,-2.8402938842773438,438.0,3.27278208732605
672.0,22.4,1307.4297654965048,851.9204709344161,1.4379105280308528,0.6954535630039863,315.22177757591237,11.349590301513672,-2.804107666015625,430.0,3.9144699573516846
673.0,22.433333333333334,1297.66892851177,855.0440008223684,1.436116955508445,0.6963221178918249,303.80580326732996,10.779693603515625,-2.8868408203125,419.0,2.2127976417541504
674.0,22.466666666666665,1288.1517438707851,858.1310316868833,1.4375933712170232,0.6956069915329605,309.75199193012884,10.535385131835938,-2.850067138671875,396.0,3.341907501220703
675.0,22.5,1278.4340587415193,862.557173879523,1.4358384108090572,0.6964572005261556,310.8722277948353,10.737060546875,-4.193561553955078,381.0,3.1564626693725586
676.0,22.533333333333335,1268.8584634560034,865.6998688065378,1.437585837120544,0.6956106370684482,300.18203810724185,10.593505859375,-2.90582275390625,369.0,3.165816307067871
677.0,22.566666666666666,1259.910492682206,870.1310158819902,1.4376180553547706,0.695595047846852,271.2566831619033,9.965576171875,-4.19805908203125,357.0,2.3981716632843018
678.0,22.6,1252.4397557951274,873.2793870785362,1.4376077727091492,0.6956000231659264,271.30451670114275,8.48486328125,-2.910400390625,345.0,3.2228598594665527
679.0,22.633333333333333,1243.4897098260176,877.7136469469572,1.4376315940011213,0.695588497201057,281.80528304737294,9.967269897460938,-4.200981140136719,336.0,2.6948695182800293
680.0,22.666666666666668,1235.9545808490952,882.2899966591283,1.4376447901872749,0.6955821123726501,262.78914400400583,8.549980163574219,-4.3427276611328125,326.0,4.2464213371276855
681.0,22.7,1228.4694396651416,886.7312145353618,1.437621396733455,0.695593431116278,262.43131864745993,8.499542236328125,-4.2070770263671875,316.0,3.5089640617370605
682.0,22.733333333333334,1220.9281461374383,891.2508015522204,1.4376851492844844,0.695562585798209,244.7958443241128,8.55572509765625,-4.2856292724609375,308.0,3.634495496749878
683.0,22.766666666666666,1214.85438190661,895.7291898386102,1.4377010881290322,0.6955548745541821,247.87648950550312,7.0856781005859375,-4.2435455322265625,302.0,3.1636550426483154
684.0,22.8,1208.08939453125,901.6549047851563,1.4360035823655761,0.6963770928430881,240.61976663358166,7.7787628173828125,-5.695587158203125,294.0,3.8505172729492188
685.0,22.833333333333332,1202.6668143824527,906.1592940481086,1.4378270446324215,0.6954939425664014,232.5543707542306,6.433258056640625,-4.269073486328125,289.0,3.5671768188476562
686.0,22.866666666666667,1196.5986043508428,912.0627921977796,1.4377648255828246,0.6955240399587822,240.3579237241725,7.08050537109375,-5.67266845703125,288.0,3.426799774169922
687.0,22.9,1191.882475618061,918.0109680818257,1.4378116163969126,0.6955014054664215,226.9615321802923,5.726318359375,-5.7166748046875,281.0,3.4273667335510254
688.0,22.933333333333334,1187.1980241313731,923.9189828330592,1.437838183474614,0.695488554618466,218.70097911749284,5.69439697265625,-5.676300048828125,275.0,4.368268013000488
689.0,22.966666666666665,1183.3338241095291,929.821931666324,1.436208134588691,0.696277911200096,213.8227775638002,4.8728485107421875,-5.6707305908203125,268.0,3.9438066482543945
690.0,23.0,1179.2638440583883,935.7616846988076,1.4376904651528644,0.6955600139517331,227.18466645555714,5.078765869140625,-5.707550048828125,261.0,3.0620038509368896
691.0,23.033333333333335,1176.0252238705284,943.0874850945723,1.4377459942359625,0.6955331498116352,213.37310980833004,4.2469482421875,-7.097137451171875,257.0,2.9445862770080566
692.0,23.066666666666666,1174.1496407920436,949.0354168379935,1.4376908057934767,0.6955598491485723,198.7553221024046,2.881134033203125,-5.7144775390625,249.0,2.9160289764404297
693.0,23.1,1171.8023780260587,955.6469228001645,1.4344426107417112,0.6971348958205635,218.0348783176375,3.353729248046875,-6.3800811767578125,246.0,3.4053287506103516
694.0,23.133333333333333,1169.9360722913239,962.9469663599918,1.4344361982835414,0.6971380122703321,221.8826437958115,2.8724365234375,-7.0701904296875,237.0,2.230229616165161
695.0,23.166666666666668,1169.534549271433,970.2642218338816,1.4342858909359706,0.6972110695082073,222.507340871301,1.40557861328125,-7.0866546630859375,236.0,3.4958901405334473
696.0,23.2,1167.7211610171669,977.6144973273026,1.4343501794919493,0.6971798200312581,222.22194149371578,2.8193817138671875,-7.1201324462890625,231.0,3.1427862644195557
697.0,23.233333333333334,1167.2781646086041,984.9061790707237,1.4342034719030379,0.6972511359724326,231.90772345557716,1.4469757080078125,-7.060678482055664,228.0,3.339604616165161
698.0,23.266666666666666,1167.799462633635,993.0748139391447,1.434452575742264,0.697130052893206,241.53357195587407,0.4819183349609375,-7.93939208984375,226.0,3.25262188911438
699.0,23.3,1167.8749293598376,1000.9973550575658,1.4345714207926157,0.697072300135109,250.19141397271738,0.928131103515625,-7.692626953125,225.0,3.4270124435424805
700.0,23.333333333333332,1168.3628106368215,1009.7447252775494,1.432567561436792,0.698047357010549,265.8975880865781,0.5156097412109375,-8.519302368164062,220.0,3.676906108856201
701.0,23.366666666666667,1170.8007041208366,1018.4807429584704,1.4326696851028091,0.6979975987474317,274.7285222691121,-1.4368820190429688,-8.506881713867188,220.0,4.203337669372559
702.0,23.4,1171.7969166966489,1027.7351322214226,1.431219955109228,0.6987046235836489,274.2284838163083,0.006927490234375,-9.026947021484375,217.0,2.1210317611694336
703.0,23.433333333333334,1174.2136614990234,1036.4412426757813,1.4312796702591417,0.6986754725712998,281.7752845599465,-1.4156494140625,-8.4764404296875,215.0,4.251913070678711
704.0,23.466666666666665,1177.4606064967106,1045.6460103567024,1.4278547782125577,0.7003513349248567,281.45380979502477,-2.24658203125,-8.975814819335938,214.0,4.209892272949219
705.0,23.5,1179.8747878225226,1054.330453330592,1.4279875447844377,0.7002862200390938,297.38121441000163,-1.413055419921875,-8.454208374023438,213.0,5.971796989440918
706.0,23.533333333333335,1183.7057477127878,1064.4621008943257,1.4277810565456472,0.7003874966792076,312.0677480397712,-2.8306884765625,-9.904220581054688,209.0,4.911919116973877
707.0,23.566666666666666,1187.538202964381,1073.6721175986843,1.4262256402971776,0.701151326792606,316.42204387741214,-2.83258056640625,-8.980087280273438,209.0,4.72399377822876
708.0,23.6,1192.2195656866775,1083.7625053967927,1.4244349965522785,0.7020327374856792,334.00962578155765,-3.6819305419921875,-9.862044334411621,206.0,4.381589889526367
709.0,23.633333333333333,1196.881366641396,1093.8844483706825,1.4227480599981746,0.702865129896071,332.23632650369393,-3.6622314453125,-9.893363952636719,206.0,3.0272109508514404
710.0,23.666666666666668,1201.276688103927,1103.9751413445724,1.4244661564747034,0.7020173806549532,327.1160298972251,-3.3953399658203125,-9.861862182617188,206.0,3.202735424041748
711.0,23.7,1207.2905703574734,1113.0475848067433,1.4212922452690935,0.7035850672714181,332.960553137934,-5.016204833984375,-8.840316772460938,201.0,2.8992347717285156
712.0,23.733333333333334,1212.4659821520354,1123.146029245477,1.4211671202992378,0.7036470135823591,350.59316801563796,-4.1760711669921875,-9.868795394897461,196.0,2.893636703491211
713.0,23.766666666666666,1219.0962889661287,1133.2197544459293,1.4211945657435223,0.7036334250805644,360.50193184125635,-5.632537841796875,-9.843215942382812,189.0,3.7863521575927734
714.0,23.8,1225.0917386024876,1143.5959088456002,1.4179655129822313,0.7052357697309745,360.2037078520454,-4.996551513671875,-10.146224975585938,179.0,2.863095283508301
715.0,23.833333333333332,1231.676421637284,1153.67439478824,1.4179066889200607,0.7052650275326957,377.82412764327415,-5.5865020751953125,-9.84744644165039,178.0,3.654690980911255
716.0,23.866666666666667,1238.2830773283306,1165.0537230160362,1.4179148022472143,0.7052609919969292,384.40589805703667,-5.607574462890625,-11.150856018066406,174.0,3.555980682373047
717.0,23.9,1245.6407706170335,1175.1626044664886,1.4157963666001363,0.706316263829225,388.72998701253783,-6.359954833984375,-9.877029418945312,165.0,2.9612386226654053
718.0,23.933333333333334,1253.6292622455799,1185.9367080849095,1.4142329093922181,0.7070971078093218,403.0563793745242,-6.99090576171875,-10.543243408203125,487.0,2.8390023708343506
719.0,23.966666666666665,1260.8305224288138,1197.3276940275493,1.4125059607962938,0.7079616141486968,403.55488728442856,-6.2021484375,-11.161314010620117,481.0,3.9727182388305664
720.0,24.0,1268.8066849557977,1208.150503700658,1.4109926952974559,0.708720890854213,409.74178024737665,-6.9781036376953125,-10.591400146484375,465.0,2.905824899673462
721.0,24.033333333333335,1276.7909651585628,1219.4960184518914,1.4109869763806058,0.7087237633937279,413.54395020482787,-6.985626220703125,-11.11480712890625,450.0,1.7717190980911255
722.0,24.066666666666666,1285.281531982422,1230.2562060546875,1.4077043314136406,0.7103764460224279,426.44489865774443,-7.492652893066406,-10.52783203125,436.0,3.3527493476867676
723.0,24.1,1294.6770670679996,1241.5942745168586,1.4077672607011076,0.7103446911401903,433.26999007119514,-8.39788818359375,-11.1063232421875,429.0,3.7498583793640137
724.0,24.133333333333333,1303.14498984889,1252.9546818462172,1.4059243570663937,0.7112758200495247,441.8506651571606,-7.4691009521484375,-11.12860107421875,417.0,2.765164375305176
725.0,24.166666666666668,1312.4943213211864,1265.0515393708881,1.404689485838311,0.7119011070287933,432.5466955173093,-8.350570678710938,-11.865936279296875,404.0,4.034757614135742
726.0,24.2,1320.9527836528578,1275.6355795127467,1.401466536508228,0.7135382643466557,439.6026496696116,-7.4597625732421875,-10.350067138671875,384.0,3.443984031677246
727.0,24.233333333333334,1330.2858797735917,1288.3399809827304,1.401527015062741,0.7135074738143623,460.5927334712642,-8.333343505859375,-12.473831176757812,369.0,4.400580883026123
728.0,24.266666666666666,1340.1106140779193,1299.6323951480263,1.3997430713257906,0.7144168244053767,455.22803861158155,-8.826263427734375,-11.058738708496094,352.0,3.1191186904907227
729.0,24.3,1349.8611906674034,1311.5313766961349,1.396463558166535,0.7160945906192743,456.49386709833726,-8.751312255859375,-11.666091918945312,331.0,3.7232143878936768
730.0,24.333333333333332,1359.135143721731,1323.3859246504935,1.3951815616944814,0.7167525915304357,449.1937036382996,-8.27398681640625,-11.621261596679688,314.0,3.720946788787842
731.0,24.366666666666667,1368.9042749987152,1334.642816354852,1.3934047800611542,0.717666549095742,448.5479216134387,-8.769927978515625,-11.022192001342773,304.0,2.9979448318481445
732.0,24.4,1378.1598564710116,1346.456714895148,1.3921746761990184,0.7183006680815712,437.19694043635656,-8.255096435546875,-11.579933166503906,284.0,4.07954216003418
733.0,24.433333333333334,1387.8468954628393,1356.7944171463816,1.3890741256204135,0.7199039860837965,421.56075938080863,-8.687973022460938,-10.100830078125,275.0,3.5734126567840576
734.0,24.466666666666665,1396.1832874820107,1368.0204250616775,1.387004906236965,0.7209779832092054,416.77515764053703,-7.3351898193359375,-10.990608215332031,264.0,2.517538070678711
735.0,24.5,1405.369288876182,1378.3576390316612,1.385719853683398,0.7216465848720349,406.28585027438913,-8.185985565185547,-10.099884033203125,240.0,3.385593891143799
736.0,24.533333333333335,1413.7369308953537,1388.6482221422698,1.3825725582665298,0.7232893449395528,407.47729720170275,-7.3668670654296875,-10.053146362304688,227.0,3.364654302597046
737.0,24.566666666666666,1421.9912306293688,1399.8438345497532,1.3806151270707638,0.7243148219893035,407.81968429859853,-7.2523651123046875,-10.959251403808594,219.0,2.786989688873291
738.0,24.6,1430.4344952071342,1410.1046325041118,1.3776477109343697,0.7258749766453461,394.77856018212697,-7.44207763671875,-10.022758483886719,206.0,3.5153770446777344
739.0,24.633333333333333,1439.0476816598994,1419.8874031147204,1.3797311124785727,0.7247789014510101,380.77464340585027,-7.612434387207031,-9.543724060058594,194.0,3.890270709991455
740.0,24.666666666666668,1446.0580238743833,1430.1121903268913,1.3767445433671794,0.7263511628339164,378.69591037072774,-6.007659912109375,-9.986442565917969,190.0,3.1671271324157715
741.0,24.7,1454.4654608154297,1439.8792138671874,1.374679658290612,0.7274422036938271,366.83747774530974,-7.4061279296875,-9.527454376220703,185.0,4.005598068237305
742.0,24.733333333333334,1461.4507175806948,1449.1162081106086,1.3706005740475122,0.7296071655996073,348.443719008391,-5.9832305908203125,-8.99676513671875,180.0,3.4811506271362305
743.0,24.766666666666666,1467.8830568654914,1458.8418498149672,1.3706048221438503,0.7296049042318677,354.0723660429014,-5.429107666015625,-9.48600959777832,170.0,4.4551801681518555
744.0,24.8,1474.8392608963816,1468.5567493318256,1.3683941713131516,0.7307835863115161,351.40322173629744,-5.953399658203125,-9.474868774414062,167.0,3.9998583793640137
745.0,24.833333333333332,1481.8019956889907,1477.6854672080592,1.3644690504170343,0.7328858061634754,338.19068829472843,-5.960235595703125,-8.887619018554688,162.0,3.443593978881836
746.0,24.866666666666667,1488.2259121222246,1486.6984624280428,1.3662779632080109,0.7319154864007373,335.3931171403343,-5.4210205078125,-8.771759033203125,495.0,5.7098212242126465
747.0,24.9,1494.0883661531147,1496.3668531558387,1.3613991017344629,0.7345384602692703,329.24048673589994,-4.8583831787109375,-9.427734375,480.0,3.0286636352539062
748.0,24.933333333333334,1499.8845970394736,1505.2954977898848,1.358391354852925,0.7361648735671403,319.09344894907906,-4.7927093505859375,-8.6868896484375,468.0,3.6125636100769043
749.0,24.966666666666665,1505.657512496145,1514.218771330181,1.3553737358513356,0.7378038791432544,308.34191527293694,-4.769195556640625,-8.681320190429688,462.0,3.508007526397705
750.0,25.0,1510.1064533434417,1523.1299599095396,1.3523890760203465,0.7394321780109936,304.3552793871275,-3.4442291259765625,-8.669189453125,444.0,3.5927224159240723
751.0,25.033333333333335,1515.1113634290193,1532.1721299342105,1.3542661295210114,0.7384073028199329,302.64590837951965,-4.000358581542969,-8.800003051757812,438.0,2.4250636100769043
752.0,25.066666666666666,1519.5014053505347,1540.9855401932566,1.351296258987227,0.7400301698085677,281.16620514318606,-3.3852081298828125,-8.570892333984375,428.0,3.7864937782287598
753.0,25.1,1523.1589643618936,1549.10107447574,1.3476574632306173,0.7420283174945587,269.6694500805875,-2.65289306640625,-7.87225341796875,425.0,4.3107991218566895
754.0,25.133333333333333,1526.9816234709087,1557.3334300472861,1.3455328234869048,0.7432000041504244,275.07136474766594,-2.817901611328125,-7.9888916015625,421.0,2.9696004390716553
755.0,25.166666666666668,1530.0009378533614,1566.1149799547698,1.342586195067283,0.7448311353669814,263.75942124603245,-2.0133209228515625,-8.53851318359375,418.0,3.490859031677246
756.0,25.2,1532.3276863178453,1574.0850064247534,1.3390970523697623,0.7467718625997483,252.98842622211208,-1.3211669921875,-7.7260894775390625,414.0,4.440794944763184
757.0,25.233333333333334,1534.7959753096732,1582.2848912931743,1.336727702413274,0.7480955157842847,253.05600907712568,-1.46246337890625,-7.9560089111328125,403.0,2.8866922855377197
758.0,25.266666666666666,1536.374188617907,1590.462925575658,1.3379370122932464,0.7474193409792762,238.0489670996789,-0.571929931640625,-7.9339752197265625,388.0,3.171095371246338
759.0,25.3,1538.1358125706724,1597.7994071237665,1.3349423431725986,0.7490960228465141,221.9802592578165,-0.7562255859375,-7.091522216796875,385.0,3.445082187652588
760.0,25.333333333333332,1538.50888671875,1605.1068359375,1.3320094385256451,0.750745430983481,220.94645385386013,0.633087158203125,-7.062416076660156,380.0,5.006023406982422
761.0,25.366666666666667,1538.9362821558902,1612.507404399671,1.3291545908923723,0.7523579325175536,202.58258314882568,0.5788421630859375,-7.155448913574219,376.0,4.903628349304199
762.0,25.4,1539.3468929250616,1618.5863175884047,1.3262650617003051,0.7539970921936033,200.63725478796894,0.594146728515625,-5.832672119140625,373.0,3.7169785499572754
763.0,25.433333333333334,1538.4133264481393,1625.8729944490133,1.3234411819496923,0.7556059261559331,200.17024005936602,1.9404296875,-7.041259765625,365.0,3.497661590576172
764.0,25.466666666666665,1538.1032951274672,1631.8729281455592,1.3220928307021989,0.7563765393606084,193.39779697172526,1.3151397705078125,-5.7533721923828125,359.0,4.026431560516357
765.0,25.5,1536.6127218146073,1638.6398296155428,1.3189408733665822,0.7581841007379739,194.67201011817033,2.4970550537109375,-6.520834922790527,352.0,4.355973720550537
766.0,25.533333333333335,1535.7141895173727,1644.6292652652137,1.3160874632453967,0.7598279202007266,184.46972503675883,1.9038238525390625,-5.7427167892456055,348.0,3.5554137229919434
767.0,25.566666666666666,1533.594526849044,1650.5616940789473,1.3131524463488313,0.7615262057200294,171.14279798068097,3.12554931640625,-5.6855926513671875,346.0,3.4290318489074707
768.0,25.6,1531.4235336143092,1655.2012762129934,1.3105079383622389,0.7630629092180202,175.58471556659688,3.1753997802734375,-4.391716003417969,340.0,3.993587017059326
769.0,25.633333333333333,1528.5221326647306,1661.111244089227,1.309290557229435,0.7637724067269537,193.95805515339214,3.907470703125,-5.6629486083984375,331.0,2.7601332664489746
770.0,25.666666666666668,1525.118290308902,1666.490328176398,1.3076986233783765,0.764702189114911,187.98908563420366,4.4095458984375,-5.131683349609375,327.0,3.0897817611694336
771.0,25.7,1521.7197580116674,1671.6371124588816,1.3038012998374777,0.7669880373064919,193.86067450473436,4.403900146484375,-4.89910888671875,321.0,3.5315334796905518
772.0,25.733333333333334,1517.6063209292763,1677.0070412726152,1.3038314523314516,0.766970299889488,192.23602813473644,5.11920166015625,-5.122425079345703,317.0,2.7106008529663086
773.0,25.766666666666666,1513.6980230070417,1681.6318528988486,1.299331321673379,0.7696266405031497,195.90204688361325,4.9131622314453125,-4.376686096191406,310.0,3.973356008529663
774.0,25.8,1508.284170885588,1686.1538813219572,1.2982767370148025,0.7702518049421064,202.50009144919875,6.41912841796875,-4.273801803588867,307.0,5.173327445983887
775.0,25.833333333333332,1503.7240174946032,1690.7296206825658,1.2955203430235427,0.7718906193832169,207.8885002289224,5.5649566650390625,-4.327545166015625,304.0,4.277246475219727
776.0,25.866666666666667,1497.8418426192434,1695.2662975431745,1.2928121944278412,0.7735075553201826,218.4833668785395,6.88739013671875,-4.2883453369140625,301.0,3.4854025840759277
777.0,25.9,1492.003490986071,1699.3774372944079,1.2923521604865285,0.773782898017157,220.30561426413053,6.843017578125,-3.8625946044921875,296.0,3.4543652534484863
778.0,25.933333333333334,1485.383401071649,1703.0442411081415,1.2901849930802598,0.7750826473438852,225.49998298515024,7.62445068359375,-3.417877197265625,283.0,4.061011791229248
779.0,25.966666666666665,1479.125737915039,1707.1340185546874,1.2869742217680775,0.777016340409814,227.56978540179264,7.262237548828125,-3.841094970703125,275.0,3.4647817611694336
780.0,26.0,1472.0789512232732,1710.3353682668585,1.2842891541928285,0.7786408510383293,241.29661946273407,8.050613403320312,-2.9522552490234375,264.0,3.6769771575927734
781.0,26.033333333333335,1464.1931752736946,1713.1166740337171,1.2843213050243347,0.7786213590695301,240.3776670604072,8.88934326171875,-2.5318756103515625,254.0,3.6427154541015625
782.0,26.066666666666666,1457.2199359452097,1716.3367005037007,1.2817699961269675,0.7801711719119876,237.72439803417427,7.976776123046875,-2.9708480834960938,248.0,3.269132614135742
783.0,26.1,1449.3569261089124,1718.6892953330591,1.279135896051814,0.7817777634781449,252.2763097485046,8.86590576171875,-2.1029815673828125,243.0,3.361323595046997
784.0,26.133333333333333,1441.1989333624588,1721.4539995374178,1.2777402019322934,0.7826317106464412,255.07740656445426,9.16119384765625,-2.5152587890625,242.0,3.694444417953491
785.0,26.166666666666668,1433.009568545693,1723.3732447574014,1.2750547505880219,0.7842800472205811,254.53945298205434,9.191741943359375,-1.6693954467773438,236.0,3.4345946311950684
786.0,26.2,1424.8868541195518,1726.1308688836348,1.2736574295638239,0.785140475600617,253.30644889444628,9.125534057617188,-2.5081100463867188,230.0,3.740787982940674
787.0,26.233333333333334,1416.7805581504422,1728.0415691817434,1.270976155939239,0.7867968217397515,263.1805566580096,9.10833740234375,-1.6608428955078125,227.0,3.3999433517456055
788.0,26.266666666666666,1407.7633735094573,1729.9553212376645,1.2699860239436727,0.7874102400707622,279.98144292789914,10.01934814453125,-1.663818359375,221.0,2.7470946311950684
789.0,26.3,1398.425510157535,1731.4313291529606,1.268313043091833,0.7884488813284201,283.5799766706486,10.33953857421875,-1.2259521484375,213.0,3.7392289638519287
790.0,26.333333333333332,1389.1623538368626,1733.333728669819,1.2655977375320921,0.7901404769812514,279.8007533020369,10.264984130859375,-1.652557373046875,206.0,3.892963409423828
791.0,26.366666666666667,1379.9511994693153,1734.0098098273027,1.2629971739818773,0.7917674089857852,292.4627324392469,10.21197509765625,-0.4257659912109375,203.0,3.6961450576782227
792.0,26.4,1369.7415099455181,1735.0611351254113,1.2609552657566339,0.7930495451795048,297.0621204518367,11.210845947265625,-0.801116943359375,198.0,3.6922478675842285
793.0,26.433333333333334,1360.3076993279708,1736.5271332750822,1.2582820178892622,0.7947343964093804,295.28813631567743,10.4349365234375,-1.215972900390625,185.0,3.726473808288574
794.0,26.466666666666665,1350.1723506244862,1737.2016275185033,1.257203300761027,0.7954163017187965,309.2179538432957,11.13592529296875,-0.42420196533203125,176.0,3.363555908203125
795.0,26.5,1339.7358544600638,1737.853050472862,1.254683830940874,0.797013538661856,313.77854742186946,11.43695068359375,-0.401123046875,167.0,3.9120607376098633
796.0,26.533333333333335,1329.3625296823602,1739.3318660053453,1.2531520101126055,0.7979877875391528,328.0583225975141,11.374191284179688,-1.2287445068359375,160.0,3.87691330909729
797.0,26.566666666666666,1317.9861531468441,1740.149060444079,1.2517659941788744,0.7988713582653072,333.89153289359933,12.376781463623047,-0.5669326782226562,490.0,5.9562788009643555
798.0,26.6,1307.1287585449218,1740.400458984375,1.2507244982886896,0.7995365896872215,333.3043144646701,11.85723876953125,-0.0010318756103515625,469.0,2.1850197315216064
799.0,26.633333333333333,1295.7928483179996,1741.2437764699835,1.2491439851637338,0.8005482249261466,342.0653637308821,12.335979461669922,-0.593017578125,461.0,3.9224064350128174
800.0,26.666666666666668,1284.348448100843,1741.447445518092,1.2440430134907488,0.8038307270373465,351.0058532258814,12.443984985351562,0.046722412109375,453.0,3.4860403537750244
801.0,26.7,1272.396876252827,1741.6984778474507,1.2431060447160445,0.8044365999591163,357.855309035128,12.951080322265625,-0.0007476806640625,438.0,2.323944091796875
802.0,26.733333333333334,1260.5147624126234,1742.5023666221216,1.2405482889677966,0.8060951829872373,365.15682206358923,12.881683349609375,-0.5536651611328125,426.0,3.3379392623901367
803.0,26.766666666666666,1248.0577889532792,1742.1768608655427,1.238953054765281,0.8071330839806917,364.307586064307,13.45587158203125,0.576019287109375,415.0,4.1270551681518555
804.0,26.8,1236.2277075837787,1742.4267945620888,1.2381435400408871,0.8076607983327823,363.8812577243991,12.829086303710938,0.0003662109375,404.0,3.0031533241271973
805.0,26.833333333333332,1223.799390130294,1742.0462350945722,1.2364235780791295,0.8087843177121953,381.50794063885115,13.426872253417969,0.63104248046875,392.0,4.020727157592773
806.0,26.866666666666667,1210.805581954153,1741.6542010176809,1.2339584272050663,0.8104000734165854,389.5241266321395,13.992263793945312,0.6425018310546875,376.0,3.1629464626312256
807.0,26.9,1197.8315186510588,1741.901449167352,1.2333140586888152,0.8108234824332899,388.1445828240535,13.97259521484375,0.0030364990234375,371.0,2.4562783241271973
808.0,26.933333333333334,1184.933169459293,1742.103043020148,1.2290409969601312,0.8136425086497248,386.1329031773499,13.896697998046875,0.0487060546875,367.0,3.3069019317626953
809.0,26.966666666666665,1172.0898739784643,1741.733347810444,1.2265203122610489,0.8153146670327324,385.0827016289412,13.84124755859375,0.620147705078125,357.0,3.2878401279449463
810.0,27.0,1159.294002814042,1740.8015188116776,1.2258775616053144,0.8157421518430253,383.47227907832917,13.79345703125,1.182342529296875,351.0,3.4258787631988525
811.0,27.033333333333335,1146.558770077354,1740.4208372738487,1.2233764440817783,0.8174098862517853,393.2610296939007,13.732879638671875,0.631103515625,351.0,3.44394850730896
812.0,27.066666666666666,1133.088185778166,1740.0222114000821,1.2215324704738841,0.8186438135468128,392.2580003117552,14.468048095703125,0.648956298828125,349.0,4.109410285949707
813.0,27.1,1120.4419728168689,1739.0929458778783,1.220888183553383,0.819075828131541,379.28943785919523,13.643402099609375,1.179779052734375,349.0,3.4956774711608887
814.0,27.133333333333333,1107.8371722090872,1738.6932213712994,1.2184180580866466,0.820736358397674,378.0347592824472,13.602020263671875,0.65020751953125,349.0,3.767573595046997
815.0,27.166666666666668,1095.277842792712,1737.7060945209705,1.2142831009535155,0.823531184132226,389.9737102692977,13.5562744140625,1.23760986328125,349.0,3.9071712493896484
816.0,27.2,1081.9109572239927,1736.7592508737664,1.2142803506308257,0.8235330494152311,388.3551544372994,14.363616943359375,1.1972694396972656,343.0,4.28819465637207
817.0,27.233333333333334,1069.4193310546875,1736.42263671875,1.2118233771339795,0.8252027637600523,374.5312991333586,13.488433837890625,0.586944580078125,340.0,3.9231505393981934
818.0,27.266666666666666,1056.9738322047183,1735.5028926809211,1.2112785439665623,0.8255739400165626,387.23555111216143,13.44207763671875,1.1702423095703125,325.0,3.8343963623046875
819.0,27.3,1043.6346108205694,1735.1582218852795,1.2093847227576808,0.8268667374264208,386.70040006793954,14.33563232421875,0.595062255859375,319.0,3.8770549297332764
820.0,27.333333333333332,1031.2638647782176,1733.6035901521382,1.207022210711364,0.8284851688111402,372.5042055314338,13.36700439453125,1.80511474609375,300.0,3.932858467102051
821.0,27.366666666666667,1018.9236363139905,1732.6932455283718,1.2065114073876153,0.8288359263550091,370.96983716339525,13.336471557617188,1.1608734130859375,286.0,3.7844388484954834
822.0,27.4,1006.596209973787,1731.8301421155427,1.202139414977663,0.8318502725564331,369.9570794190228,13.32354736328125,1.113494873046875,270.0,3.9349136352539062
823.0,27.433333333333334,994.3239288972553,1730.9162574527138,1.2018268641868683,0.8320666060968605,383.5383703127637,13.268280029296875,1.164398193359375,251.0,3.6125283241271973
824.0,27.466666666666665,981.1418730404503,1729.4089890008224,1.199956273446157,0.8333637001022527,382.35587261527377,14.177764892578125,1.75762939453125,237.0,3.5307538509368896
825.0,27.5,968.8953640586452,1729.1419549239308,1.1974905191441885,0.8350796803925186,366.8613120329863,13.242279052734375,0.5174560546875,217.0,3.3591978549957275
826.0,27.533333333333335,956.7125147448088,1728.2377138157894,1.1971820320850874,0.8352948617666247,381.52077021764313,13.178497314453125,1.1545848846435547,206.0,3.3076815605163574
827.0,27.566666666666666,943.5752586926912,1726.7300791529606,1.1951614700072957,0.8367070267031748,382.3062541869971,14.13262939453125,1.758087158203125,185.0,3.288832187652588
828.0,27.6,931.3991385048314,1725.2671222245067,1.1927607772142097,0.8383910831940515,365.67822831007095,13.171600341796875,1.7135009765625,171.0,3.690901279449463
829.0,27.633333333333333,919.3103214785928,1724.37923853824,1.1926419079083903,0.8384746447102146,369.87579797160896,13.08416748046875,1.138275146484375,160.0,2.5458121299743652
830.0,27.666666666666668,906.8724443937602,1722.7220677425987,1.190350418551549,0.8400887540467515,384.3630491087458,13.433120727539062,1.9076385498046875,492.0,4.85685920715332
831.0,27.7,893.8122375970138,1721.8400434313323,1.1903599259070057,0.840082044292646,384.3467550312525,14.055084228515625,1.13226318359375,477.0,2.3377268314361572
832.0,27.733333333333334,881.3749784931383,1720.1876333778782,1.188007120441367,0.8417457966316576,375.63447785257466,13.43231201171875,1.9028472900390625,460.0,3.0797901153564453
833.0,27.766666666666666,868.9787044966848,1718.6132262541119,1.1856962826737372,0.8433862993523153,373.3029539064202,13.3912353515625,1.8248748779296875,453.0,3.4029195308685303
834.0,27.8,856.6297270242792,1717.536499794408,1.1821882866878075,0.8458889427857106,371.50259532469875,13.34375,1.3270263671875,443.0,3.3995890617370605
835.0,27.833333333333332,844.2902681752255,1716.6440995065789,1.1810546632573031,0.8467008607730642,382.36864409486725,13.334075927734375,1.1427764892578125,428.0,3.120004177093506
836.0,27.866666666666667,831.3179543876648,1714.5169580078125,1.1810435406350042,0.8467088346821967,375.8780776704428,13.966949462890625,2.3775634765625,415.0,3.0432255268096924
837.0,27.9,819.5087456110904,1712.928390727796,1.1799962640931734,0.8474603101972527,363.12716279903503,12.803985595703125,1.838958740234375,391.0,3.3137047290802
838.0,27.933333333333334,807.2367277486701,1712.0380656352795,1.178880637952278,0.8482622988337525,369.96967378515257,13.266342163085938,1.1406784057617188,378.0,3.4841978549957275
839.0,27.966666666666665,794.9751144730417,1710.3895618318256,1.1766540950756295,0.8498674369851447,370.5691069378787,13.256072998046875,1.8988494873046875,363.0,3.6304564476013184
840.0,28.0,782.7419988933362,1708.8246761924343,1.1743414949320166,0.8515410588109131,380.126725281926,13.22747802734375,1.8152618408203125,345.0,4.100340366363525
841.0,28.033333333333335,769.8341472906816,1707.2055913342929,1.173103961980757,0.8524393680433273,378.726374683925,13.901901245117188,1.8693313598632812,326.0,2.776395797729492
842.0,28.066666666666666,757.6995996736225,1705.6057935855263,1.1708726668403258,0.8540638348818608,367.6192815080274,13.1287841796875,1.8502197265625,311.0,3.6305980682373047
843.0,28.1,745.5365791561729,1704.0012350945724,1.1686297735160154,0.8557029973584663,367.34673417983777,13.15716552734375,1.8548507690429688,288.0,3.363130569458008
844.0,28.133333333333333,733.4175649863795,1702.4226775801808,1.1664126305948648,0.8573295365380301,365.85727623850744,13.113082885742188,1.8289260864257812,280.0,3.365894317626953
845.0,28.166666666666668,721.3499500475432,1700.8543739720394,1.1642031007293057,0.8589566540181504,375.62586469771395,13.061614990234375,1.818603515625,271.0,3.2444727420806885
846.0,28.2,708.5450151624177,1699.516783254523,1.1658321452616476,0.8577564137893712,374.59123315024436,13.798431396484375,1.5877685546875,262.0,3.7287769317626953
847.0,28.233333333333334,696.5509323280736,1697.9138116776317,1.1637437920174891,0.8592956687368276,362.27715161462453,12.987945556640625,1.8532333374023438,254.0,2.8129959106445312
848.0,28.266666666666666,684.5969648501748,1696.3861574835526,1.1614963810727075,0.8609583433023213,355.9881581794398,12.947723388671875,1.7779693603515625,251.0,3.1991212368011475
849.0,28.3,673.0228496671978,1694.8052806332237,1.1596349092591312,0.8623403728324125,360.0419929172444,12.5679931640625,1.831146240234375,244.0,4.228776931762695
850.0,28.333333333333332,660.7982065301193,1693.2631000719573,1.1569827200578249,0.8643171437772389,377.2578154758635,13.2181396484375,1.792510986328125,233.0,3.4464993476867676
851.0,28.366666666666667,648.1292121967516,1691.2198208778782,1.1569661692872553,0.8643295081100308,367.19386580948003,13.662490844726562,2.2935562133789062,228.0,4.151147842407227
852.0,28.4,636.5866979659231,1689.6501744962993,1.1553225633589062,0.8655591362231064,354.57949660791127,12.536178588867188,1.8198318481445312,216.0,4.394734859466553
853.0,28.433333333333334,624.7094059030633,1688.010825966283,1.1531988410527745,0.867153143413744,356.74098028710836,12.870742797851562,1.8896408081054688,208.0,4.580746650695801
854.0,28.466666666666665,613.010931589227,1686.5194266550166,1.1508761138948924,0.8689032537270369,355.74035372229224,12.691864013671875,1.7416839599609375,203.0,4.63095235824585
855.0,28.5,601.2546569824219,1684.5001953125,1.1505140559629246,0.8691766909036573,355.2181888369062,12.749908447265625,2.26947021484375,195.0,4.010416507720947
856.0,28.533333333333335,589.6004636744449,1682.9487374074836,1.1483502094390523,0.8708144882809586,366.07590910131796,12.647491455078125,1.8016891479492188,186.0,3.703444004058838
857.0,28.566666666666666,577.0434230764289,1681.4304826274672,1.1465792115977522,0.8721595419530633,368.2691798899746,13.549774169921875,1.768402099609375,179.0,4.000850200653076
858.0,28.6,565.4061517655222,1678.777340152138,1.1444139495446768,0.8738096913252987,353.583434887256,12.631256103515625,2.903564453125,175.0,3.9559240341186523
859.0,28.633333333333333,553.8292442241468,1677.3375765830592,1.1423050953900826,0.8754228656036177,350.0308790071589,12.5699462890625,1.68994140625,167.0,4.127551078796387
860.0,28.666666666666668,542.2568532843338,1675.8361675061678,1.1401941356708136,0.8770436267957712,355.41696549033026,12.565399169921875,1.7515411376953125,153.0,4.401927471160889
861.0,28.7,530.3953082917866,1673.8335377261512,1.1392563436749235,0.8777655753702268,359.58734823917615,12.854705810546875,2.252908706665039,491.0,5.57157039642334
862.0,28.733333333333334,518.5224717953331,1672.4657956414474,1.1371863285794162,0.8793633680499918,359.1026508511447,12.865432739257812,1.6177825927734375,480.0,3.5767078399658203
863.0,28.766666666666666,506.6917800742701,1670.4757391036185,1.1340247242279995,0.8818149892461662,359.19760164201324,12.82373046875,2.24029541015625,471.0,3.5984976291656494
864.0,28.8,494.9076276598479,1668.4941054173519,1.1330744998538722,0.8825545011638385,367.52722268416215,12.777191162109375,2.2318115234375,466.0,4.034615993499756
865.0,28.833333333333332,482.50909536261304,1666.534078176398,1.133084225110314,0.8825469262028096,358.2661887072153,13.391098022460938,2.2101898193359375,452.0,4.275545597076416
866.0,28.866666666666667,471.2630288856908,1665.1179962479441,1.1318693680660175,0.8834941807009605,347.8954339484807,12.238754272460938,1.666229248046875,445.0,3.744685411453247
867.0,28.9,459.56249463533095,1663.162119397615,1.1309969823973545,0.8841756570210448,357.05353296190617,12.693359375,2.205963134765625,435.0,3.619331121444702
868.0,28.933333333333334,447.7767247892681,1661.2445726254111,1.1279222903645916,0.8865859009460291,353.2734124582959,12.778472900390625,2.16766357421875,419.0,6.195790767669678
869.0,28.966666666666665,436.2292361932052,1659.9628901110198,1.1258493388152342,0.8882183126317156,350.25119895649254,12.539642333984375,1.531829833984375,415.0,6.051162242889404
870.0,29.0,424.6505281147204,1658.0188540810032,1.124971929827652,0.8889110683439027,351.7289889586362,12.5714111328125,2.19415283203125,403.0,3.7860686779022217
871.0,29.033333333333335,413.0820434249075,1656.2153209806743,1.1216195874824302,0.8915678819808991,351.3041580076911,12.561004638671875,2.05364990234375,395.0,3.9033446311950684
872.0,29.066666666666666,401.5304654733758,1654.2809285053454,1.1208202173481048,0.8922037491133331,350.25856624590944,12.544189453125,2.18450927734375,379.0,3.866284132003784
873.0,29.1,390.03073688707855,1652.4888700143915,1.1175467856995023,0.8948171233601405,349.28110109435823,12.492156982421875,2.04217529296875,373.0,3.87570858001709
874.0,29.133333333333333,378.54388671874995,1650.562412109375,1.1167816919926237,0.8954301518103728,348.0850829575189,12.4793701171875,2.176544189453125,363.0,3.858985185623169
875.0,29.166666666666668,367.12295451917146,1648.782560649671,1.1133622286253009,0.8981802815735249,346.6153419524907,12.41326904296875,2.0299072265625,351.0,3.9655611515045166
876.0,29.2,355.7374532277961,1646.8432853618422,1.1125974780062067,0.8987976512332355,358.47326565537736,12.377944946289062,2.189422607421875,338.0,4.0618977546691895
877.0,29.233333333333334,343.6168139969675,1644.471392886513,1.1113638681935971,0.8997953133255924,353.55586249314405,13.113067626953125,2.62200927734375,313.0,3.1201813220977783
878.0,29.266666666666666,332.55873580129526,1642.5642220908717,1.111336443819885,0.8998175175132389,344.69074043759275,12.0506591796875,2.1572265625,300.0,2.4844813346862793
879.0,29.3,320.9281478399979,1640.8277055921053,1.1072790614832175,0.9031147023230841,348.11044255701427,12.62249755859375,1.986541748046875,289.0,3.78054141998291
880.0,29.333333333333332,309.6384412263569,1638.9252955386514,1.1065762383970907,0.9036883002734004,338.80394966081064,12.282012939453125,2.152496337890625,277.0,3.408588409423828
881.0,29.366666666666667,298.63859056974707,1637.1746188836348,1.1039022722705978,0.9058772910604822,326.9281821839703,11.9920654296875,2.000732421875,271.0,2.4621598720550537
882.0,29.4,288.2313302451686,1634.830558439556,1.1013328719760456,0.9079906951344956,327.79429924018217,11.400665283203125,2.5943603515625,265.0,3.620819091796875
883.0,29.433333333333334,277.0879859362151,1633.5520497532896,1.099343973260363,0.9096334034872315,323.30420768606626,12.134735107421875,1.528411865234375,253.0,3.422689914703369
884.0,29.466666666666665,266.98864797491774,1631.182720754523,1.0975454809459004,0.9111239737766197,308.986865734231,11.092926025390625,2.619598388671875,240.0,3.6458334922790527
885.0,29.5,256.9320346229955,1629.3021612870066,1.0970291957090872,0.9115527680679725,306.0557648934246,11.049514770507812,2.1307220458984375,228.0,3.1186580657958984
886.0,29.533333333333335,246.90496228669815,1627.5831008429277,1.0935515330400372,0.9144516465721858,305.25054836695983,11.019775390625,1.96929931640625,215.0,3.1281888484954834
887.0,29.566666666666666,236.90126641524466,1625.711574578536,1.0930576584922074,0.9148648218424511,291.57812972171183,10.99658203125,2.12164306640625,199.0,2.587230682373047
888.0,29.6,227.7996091180098,1623.9994721422697,1.0890415360769965,0.9182386225618661,288.64486366331795,10.094955444335938,1.962371826171875,192.0,3.8660006523132324
889.0,29.633333333333333,218.08540299265007,1621.6797036903783,1.0876476821202863,0.9194153735983478,285.7961043090062,10.707855224609375,2.5700836181640625,186.0,4.150333404541016
890.0,29.666666666666668,209.2117120040091,1619.8150133634867,1.087274981040172,0.9197305349961442,270.6306996372519,9.867294311523438,2.1149139404296875,178.0,2.8960814476013184
891.0,29.7,200.39783546849299,1618.1208552631579,1.0837226699290357,0.9227452998334731,269.7296363290693,9.807327270507812,1.9444427490234375,176.0,3.465667486190796
892.0,29.733333333333334,191.58401996813325,1616.263122944079,1.0835772022034798,0.922869176249257,274.52842990360364,9.807418823242188,2.10797119140625,158.0,3.0520124435424805
893.0,29.766666666666666,182.46179382324215,1614.4797314453126,1.0806843847725844,0.9253395478740415,278.5520915573459,10.115509033203125,2.033721923828125,495.0,5.355867385864258
894.0,29.8,173.3730759791324,1612.6283467824835,1.0798091299376769,0.9260895951655056,262.05056166231316,10.082107543945312,2.101593017578125,480.0,3.280470371246338
895.0,29.833333333333332,165.36638938502256,1610.8812101665296,1.0769454875062796,0.9285521055625102,261.2140022140031,9.000732421875,1.997467041015625,471.0,3.740787982940674
896.0,29.866666666666667,156.33345767372532,1609.0355628083882,1.0760769839091417,0.9293015415748681,260.82054603343,10.026275634765625,2.095855712890625,463.0,3.0870182514190674
897.0,29.9,148.35332137258433,1607.2896468955591,1.0731244006034686,0.9318584121632615,244.7361061415727,8.974166870117188,1.9963226318359375,452.0,3.6748156547546387
898.0,29.933333333333334,140.41713038394323,1605.4475395764803,1.0722610893106448,0.9326086808231554,237.01064316408764,8.93035888671875,2.0924835205078125,445.0,3.1384637355804443
899.0,29.966666666666665,132.9651312898335,1603.702722296464,1.0702104171781752,0.9343956888746242,228.0331731320717,8.446517944335938,1.9952850341796875,440.0,4.300843238830566
900.0,30.0,125.64734850431739,1601.8474313836348,1.0685127231124387,0.9358802926437132,234.02573961275937,8.312423706054688,2.105682373046875,434.0,3.368161678314209
901.0,30.033333333333335,117.78226347270765,1600.1118914473684,1.0657032401949715,0.9383475270442538,224.03861002676257,8.85919189453125,1.985992431640625,427.0,3.4314768314361572
902.0,30.066666666666666,111.0112946520353,1598.8696376439145,1.0638093021417419,0.940018100976109,208.16414977835296,7.7651214599609375,1.492584228515625,420.0,3.7201671600341797
903.0,30.1,104.24642934698807,1597.0509678248354,1.0630225359809573,0.9407138288721225,209.14721388147908,7.75994873046875,2.0691986083984375,418.0,3.1294641494750977
904.0,30.133333333333333,97.52740144428458,1595.320554841694,1.0601751523778347,0.9432403671762447,208.4084046503437,7.7139892578125,1.98089599609375,415.0,3.7894699573516846
905.0,30.166666666666668,90.81282910798723,1593.5043264288652,1.0593949286144635,0.9439350453639196,200.55516841768224,7.709716796875,2.0668182373046875,402.0,3.145549774169922
906.0,30.2,84.51640862715874,1592.2415648129113,1.0583592897918956,0.9448587163595732,139.3591767752073,7.290985107421875,1.51318359375,393.0,3.986607074737549
907.0,30.233333333333334,82.01265172054889,1590.5256781969572,1.0555038950176292,0.9474147890125009,54.383107165890266,3.5023193359375,1.967010498046875,390.0,4.008042812347412
908.0,30.266666666666666,83.6481160053454,1588.7215347450658,1.0547578105247661,0.9480849442607845,67.13164834187324,-0.633209228515625,2.05596923828125,389.0,3.21804141998291
909.0,30.3,85.29145382529805,1587.4795250822367,1.052903756634646,0.9497544231357479,61.42546686355719,-0.6419525146484375,1.49359130859375,388.0,3.8156533241271973
910.0,30.333333333333332,86.90250404759456,1586.2359285053453,1.0510884200457618,0.9513947456070941,65.58699574515845,-0.6097259521484375,1.495330810546875,388.0,4.894026279449463
911.0,30.366666666666667,88.59271686754732,1584.612449115954,1.0482848436480419,0.9539391951141732,71.8276308106481,-0.6882171630859375,1.875274658203125,388.0,4.612209320068359
912.0,30.4,90.24282958984372,1582.8048876953126,1.0475174942758432,0.9546379945580838,67.28999378442349,-0.6478271484375,2.059356689453125,385.0,3.6312358379364014
913.0,30.433333333333334,91.89379680432774,1581.5748409231085,1.0456430134195944,0.9563493344919631,61.54459800853802,-0.649627685546875,1.48175048828125,385.0,3.6507935523986816
914.0,30.466666666666665,93.54543540553038,1580.370306846217,1.0438881233157264,0.9579570623178243,61.024826011396684,-0.65032958984375,1.4561767578125,385.0,3.886054515838623
915.0,30.5,95.16802127235815,1579.1601575349507,1.042123734306676,0.9595789512128318,59.51696914163463,-0.621368408203125,1.46185302734375,385.0,3.942389488220215
916.0,30.533333333333335,96.1697575298108,1577.394344161184,1.042152058935914,0.9595528708363795,59.89539613149554,-3.0517578125e-05,2.0175933837890625,384.0,1.0139951705932617
917.0,30.566666666666666,97.80473353335731,1576.1614897717927,1.0403183620472414,0.961244208005808,61.09769686570932,-0.6336669921875,1.484527587890625,384.0,3.7363944053649902
918.0,30.6,99.44135748612257,1574.9679420230264,1.0385536198764387,0.9628775836523245,60.392846321778435,-0.6353759765625,1.445220947265625,384.0,3.7955641746520996
919.0,30.633333333333333,101.06168505216897,1573.7945358758225,1.0367875381394525,0.9645177659007468,56.66882567912376,-0.6191558837890625,1.42510986328125,384.0,3.991283893585205
920.0,30.666666666666668,102.68585783305923,1573.0325066817434,1.036002958946801,0.965248208380214,56.82145589000101,-0.6236724853515625,1.0136260986328125,382.0,2.9781391620635986
921.0,30.7,104.31234994988688,1571.8495790501645,1.034271472449347,0.966864142188718,52.99132650590325,-0.625274658203125,1.4346160888671875,382.0,3.801126718521118
922.0,30.733333333333334,105.31030202765214,1570.6676279810856,1.0333602624706308,0.9677167163454972,52.61215192206143,0.00272369384765625,1.4336395263671875,382.0,2.5168652534484863
923.0,30.766666666666666,106.92715058979229,1569.5117999588815,1.0316344246108555,0.9693356252407064,48.64166406528934,-0.61572265625,1.4075927734375,381.0,3.7352607250213623
924.0,30.8,107.9230885074013,1568.7469631476151,1.0317042774819372,0.9692699951198058,43.34444486108728,0.0040283203125,1.016326904296875,380.0,2.226828098297119
925.0,30.833333333333332,109.50423150313532,1568.2046605160363,1.0289332798117865,0.9718803149052784,51.9270388805592,-0.5810089111328125,0.7938385009765625,380.0,3.6873583793640137
926.0,30.866666666666667,111.13273778011921,1567.4499555407072,1.0282484166058972,0.9725276342275915,56.503983456205276,-0.62799072265625,1.006256103515625,379.0,2.9320435523986816
927.0,30.9,112.74262833444698,1566.2804556435033,1.026477243665673,0.9742057178285612,48.585129856979236,-0.608795166015625,1.421295166015625,379.0,3.7410006523132324
928.0,30.933333333333334,113.74192318564963,1565.530755550987,1.026486176356149,0.9741972400932174,37.495991503044365,0.0006866455078125,1.001251220703125,379.0,0.7275368571281433
929.0,30.966666666666665,114.74182838841489,1564.7798347553453,1.0264936407241059,0.9741901560097179,43.84274025192608,9.1552734375e-05,1.00244140625,379.0,0.5821995735168457
930.0,31.0,116.37448505602379,1564.260847553454,1.0238775442817591,0.9766792968406109,52.15041683044464,-0.6325531005859375,0.7704925537109375,378.0,3.9078445434570312
931.0,31.033333333333335,117.97839416503905,1563.5101708984375,1.0231411821553311,0.9773822200113358,41.34490524717701,-0.6035003662109375,1.002227783203125,378.0,3.1740362644195557
932.0,31.066666666666666,118.97311137952306,1563.3418917043587,1.022112138700941,0.9783662302171221,41.40305212642522,0.00434112548828125,0.4196929931640625,378.0,2.227855682373047
933.0,31.1,120.57970603541321,1562.5871867290296,1.021400196835684,0.9790481763152364,45.138198080437306,-0.606170654296875,1.0062255859375,378.0,2.9940476417541504
934.0,31.133333333333333,121.57900088661597,1561.8369983552632,1.0214068936572338,0.9790417572172588,32.73541255546344,0.00066375732421875,1.0017242431640625,376.0,0.7264030575752258
935.0,31.166666666666668,122.57347396047487,1561.699725020559,1.0205877452505996,0.9798275598091329,41.77742741515662,0.004486083984375,0.388671875,375.0,2.376133680343628
936.0,31.2,124.21601832339638,1560.9407475842927,1.0198642121780082,0.980522689255282,42.08742368283543,-0.64202880859375,1.0106201171875,375.0,3.310161590576172
937.0,31.233333333333334,125.21543524491153,1560.7548902652138,1.0190267270284352,0.9813285299356979,39.15787527238294,-0.00042724609375,0.43707275390625,375.0,2.0130386352539062
938.0,31.266666666666666,126.77948839689554,1560.4473288445724,1.0192359112010587,0.9811271257324604,39.13312624324084,-0.5643310546875,0.5590972900390625,374.0,3.382901191711426
939.0,31.3,127.77701322856706,1560.2603728926808,1.0184426828553932,0.9818912903338991,30.20178307754369,0.001495361328125,0.438323974609375,373.0,2.0379817485809326
940.0,31.333333333333332,128.77343942742596,1560.167777292352,1.0175559807786918,0.9827469140663327,39.90146182115063,0.002471923828125,0.3438720703125,373.0,2.647037982940674
941.0,31.366666666666667,130.39932119269122,1559.8135850123356,1.0177623156942468,0.9825476779594353,40.03077872611495,-0.6260986328125,0.6055908203125,373.0,4.4441609382629395
942.0,31.4,131.39501496967512,1559.668377107319,1.0167563958372907,0.98351975369332,29.95318725220797,0.0032958984375,0.3966064453125,373.0,2.60282039642334
943.0,31.433333333333334,132.39339429353413,1559.9194094366776,1.0167579715257895,0.9835182295146978,30.88904691341146,-9.1552734375e-05,6.103515625e-05,373.0,0.22980442643165588
944.0,31.466666666666665,133.39311639083053,1559.1701976254112,1.0167698498113418,0.9835067396870065,30.88771565038381,0.000274658203125,1.00079345703125,373.0,0.7315759658813477
945.0,31.5,134.3914346795333,1559.4213520250823,1.0167697286029302,0.9835068569301603,30.882780707527314,1.52587890625e-05,0.0,373.0,0.02005385421216488
946.0,31.533333333333335,135.38975296823605,1559.6725064247532,1.0167697286029302,0.9835068569301603,30.882780707526205,0.0,0.0,373.0,0.0
947.0,31.566666666666666,136.3880712569387,1559.9236608244244,1.0167697286029302,0.9835068569301603,30.85299384020141,0.0,0.0,373.0,0.0
948.0,31.6,137.38504677220396,1560.172007606908,1.0168314236769949,0.9834471837857546,30.85299384020031,0.001312255859375,0.0027923583984375,373.0,2.143636703491211
949.0,31.633333333333333,138.3833650609066,1560.4231620065789,1.0168314236769949,0.9834471837857546,30.882780707526205,0.0,0.0,373.0,0.0
950.0,31.666666666666668,139.38168334960938,1560.67431640625,1.0168314236769949,0.9834471837857546,30.88278070752732,0.0,0.0,373.0,0.0
