frame,tiempo_s,x_mapa_px,y_mapa_px,zoom_relativo,altitud_relativa,rapidez_instantanea_px_s,flujo_x_px,flujo_y_px,puntos_validos,error_LK
0.0,0.0,139.3833770751953,1560.6761474609375,1.0,1.0,397.7933866325467,0.0,0.0,500.0,0.0
1.0,0.03333333333333333,137.6317207529962,1547.5325766386431,0.9983826875686646,1.0016199323680923,203.8692504950057,2.886199951171875,13.55010986328125,485.0,3.504251718521118
2.0,0.06666666666666667,134.7872299581408,1547.8855878475988,0.9950321948255194,1.0049926074757327,70.21334395081881,3.9781951904296875,0.05291748046875,482.0,2.33577823638916
3.0,0.1,133.00606313789478,1546.8156254237422,0.9933879248483466,1.0066560856904545,148.61257562465835,2.9152374267578125,1.4760284423828125,482.0,1.9816467761993408
4.0,0.13333333333333333,130.2590531169652,1539.0734217889478,0.9901101480858757,1.009988638065415,72.12349550151698,3.881195068359375,8.148651123046875,477.0,2.106009006500244
5.0,0.16666666666666666,133.89809045931685,1542.090861708841,0.9884524711536848,1.011682432067611,40.78765681924273,-2.503570556640625,-2.61138916015625,477.0,2.161139488220215
6.0,0.2,128.91504223037944,1536.7096199881091,0.9852759367730867,1.0149441011166238,138.85771369616114,6.1165008544921875,5.78759765625,468.0,2.093785285949707
7.0,0.23333333333333334,125.58815244870765,1538.0116058064398,0.9836317563320746,1.0166406214140158,77.94329866864746,4.46038818359375,-0.896240234375,463.0,2.116284132003784
8.0,0.26666666666666666,128.20598770365694,1531.562004710708,0.9804190032159744,1.0199720698189203,148.17792034408967,-1.4820404052734375,6.8565826416015625,460.0,1.9579436779022217
9.0,0.3,128.92569826378204,1528.7139661149763,0.9788334178116821,1.0216242945971734,28.479137731097655,0.415283203125,3.2545166015625,459.0,2.1618480682373047
10.0,0.3333333333333333,126.96432514470791,1530.1256931442445,0.9756475389618762,1.0249603059154289,50.99741079379677,3.0953216552734375,-1.0059661865234375,458.0,2.1618833541870117
11.0,0.36666666666666664,130.86072485278223,1525.9185236891376,0.9740499563122661,1.02664138889342,128.93290188445013,-2.7604217529296875,4.6140289306640625,458.0,2.0008504390716553
12.0,0.4,133.84728111603232,1524.9771013043433,0.9709218546298327,1.0299490069478903,179.9868159949595,-1.85107421875,1.3477935791015625,458.0,2.4934098720550537
13.0,0.43333333333333335,142.2722147596535,1522.209507044549,0.9693943955191495,1.0315718809829306,218.70994687094694,-7.287933349609375,3.17474365234375,457.0,2.0066609382629395
14.0,0.4666666666666667,148.15083797846998,1522.1479674722548,0.9662620617889592,1.0349159296894856,23.670757784436113,-4.742523193359375,0.468017578125,457.0,2.106292486190796
15.0,0.5,140.73306684914195,1522.557741376523,0.9647158435383956,1.0365746625785566,114.73963130884943,8.55047607421875,-0.00421142578125,457.0,2.1278345584869385
16.0,0.5333333333333333,153.8379702803608,1517.032456687041,0.961642270946327,1.0398877318651207,134.30104334948246,-11.96673583984375,5.933258056640625,451.0,2.1754534244537354
17.0,0.5666666666666667,148.99366259097417,1519.1043399663092,0.9601532549549585,1.0415004009405882,62.93787382844912,5.9776611328125,-1.66656494140625,451.0,1.9620890617370605
18.0,0.6,157.49310490158754,1519.0928492221399,0.9570420825531061,1.0448861322088312,142.44865653017024,-7.362762451171875,0.418243408203125,451.0,1.9751983880996704
19.0,0.6333333333333333,157.7740108352478,1515.486265704533,0.9555280166344743,1.0465417890332125,188.04479928979956,0.8539276123046875,4.0133514404296875,450.0,1.945152997970581
20.0,0.6666666666666666,170.02928200328302,1519.0330024994264,0.9524723825161285,1.0498992079521703,222.1833413558275,-11.117950439453125,-3.14044189453125,450.0,2.1548681259155273
21.0,0.7,171.1932293187792,1521.757351599007,0.9509848483884945,1.0515414642983691,165.57747848829976,-0.029144287109375,-2.3186187744140625,450.0,1.8425452709197998
22.0,0.7333333333333333,180.7455585922832,1516.3853872220252,0.9479114899433494,1.0549508161988452,183.4644879083126,-8.41552734375,5.77972412109375,450.0,2.0093183517456055
23.0,0.7666666666666667,181.8712978999669,1515.7928417903559,0.9464950932574279,1.056529513067449,181.07607594142434,0.009185791015625,0.9988861083984375,450.0,1.9539753198623657
24.0,0.8,192.52474716858805,1513.743875460249,0.9449447952125846,1.0582628795526936,239.4897760164957,-9.516708374023438,2.456329345703125,450.0,2.537379503250122
25.0,0.8333333333333334,197.26034975752174,1511.5396356926424,0.9419601215582724,1.0616160675100694,310.18334700537747,-3.6000823974609375,2.6112213134765625,450.0,1.8752834796905518
26.0,0.8666666666666667,212.960445144307,1516.9059525656605,0.9405184251527797,1.0632433913642447,306.0186429235887,-14.562515258789062,-4.9602813720703125,450.0,2.154017925262451
27.0,0.9,217.25461096566255,1515.5942909230537,0.9375580474002689,1.0666006257136555,89.58669402725974,-3.1588134765625,1.71844482421875,450.0,2.0759634971618652
28.0,0.9333333333333333,218.4173528368228,1514.4785521320093,0.9361311356181045,1.068226407553173,283.660051864797,-0.0279083251953125,1.5222015380859375,450.0,1.961911916732788
29.0,0.9666666666666667,236.0010999570065,1513.1078084581525,0.9331879151730924,1.071595531554344,399.4293608829337,-16.446502685546875,1.7785491943359375,450.0,1.9829578399658203
30.0,1.0,244.97705899125265,1512.5639690811706,0.9317691006725081,1.0732272612155158,268.4832424198403,-7.840087890625,0.9507293701171875,450.0,1.9422123432159424
31.0,1.0333333333333334,253.89218123350665,1513.6362185713765,0.9289131821182091,1.0765268695183021,231.53468331500957,-7.7791900634765625,-0.6656494140625,450.0,2.030399799346924
32.0,1.0666666666666667,260.4041967863075,1513.0763879834572,0.9274811006897118,1.078189085746718,245.11918706193325,-5.376579284667969,0.9666290283203125,450.0,2.1304564476013184
33.0,1.1,269.9878218361787,1516.4589402080378,0.9246217956959707,1.0815232829843595,288.4023038681281,-8.447479248046875,-2.976654052734375,450.0,2.1229095458984375
34.0,1.1333333333333333,279.28093480108896,1516.7286994638685,0.9231918661348846,1.0831984516790503,256.74554290147057,-8.15740966796875,0.13702392578125,450.0,1.903238296508789
35.0,1.1666666666666667,287.07581778553043,1515.473800516574,0.9203262498840891,1.0865712024686305,325.10156793730863,-6.6596221923828125,1.6619110107421875,450.0,2.0250141620635986
36.0,1.2,300.6263465219251,1512.9721974677175,0.9189674737194603,1.0881777958392433,357.97009334782126,-12.415115356445312,2.9095458984375,449.0,2.5538549423217773
37.0,1.2333333333333334,310.2215529926947,1521.2873668797981,0.9175893415169076,1.0898121357282287,369.01592225202296,-8.458389282226562,-7.910736083984375,449.0,2.125354290008545
38.0,1.2666666666666666,324.1853812896362,1520.0562716434413,0.9147561561380427,1.0931875049869502,367.9543700644121,-12.828445434570312,1.638641357421875,449.0,1.9545776844024658
39.0,1.3,334.65552672524956,1519.1157037508344,0.9133162938527093,1.094910938007715,307.9755471436712,-9.335098266601562,1.34783935546875,449.0,2.1045210361480713
40.0,1.3333333333333333,344.35311967062853,1516.20748449104,0.9105642950346017,1.098220087755582,342.5691433661632,-8.563156127929688,3.315948486328125,449.0,2.039257287979126
41.0,1.3666666666666667,356.9172287292888,1524.2135718718707,0.9091701080842252,1.0999041775660319,308.4036872413962,-11.4271240234375,-7.601470947265625,449.0,2.2354025840759277
42.0,1.4,363.85377431138653,1522.722711010514,0.9064847932879028,1.103162466049661,312.501206701178,-5.8020782470703125,1.897979736328125,449.0,2.1522109508514404
43.0,1.4333333333333333,377.7476868368436,1524.5644917507198,0.9050359059268049,1.1049285375876294,345.290282518597,-12.758544921875,-1.43524169921875,434.0,2.1175594329833984
44.0,1.4666666666666666,386.8730446748008,1522.784080108113,0.9037976674619342,1.106442333280438,304.79141714874544,-7.9911346435546875,2.1878662109375,431.0,1.7966978549957275
45.0,1.5,398.06709758111725,1524.590826668631,0.9010446135705352,1.1098229598613747,330.2572899869276,-10.05889892578125,-1.400421142578125,416.0,2.035005569458008
46.0,1.5333333333333334,407.2834893546213,1531.0405175650867,0.8998008797376356,1.1113569929955842,385.0832300620595,-8.079757690429688,-6.044891357421875,400.0,1.8050241470336914
47.0,1.5666666666666667,422.34826980000025,1532.9267318990426,0.8971653343032091,1.1146217556172724,414.15359952155717,-13.929824829101562,-1.47955322265625,383.0,1.9970946311950684
48.0,1.6,434.3363595715511,1536.5602606861232,0.8957879195592503,1.1163356617847946,361.5520916595129,-10.852462768554688,-3.227783203125,373.0,2.4065334796905518
49.0,1.6333333333333333,446.281236452477,1535.7886381060164,0.8943559160610192,1.1181230895237608,393.6149685631733,-10.81097412109375,1.1789093017578125,358.0,1.9190051555633545
50.0,1.6666666666666667,460.2424402376997,1532.381151268097,0.891827262148573,1.1212933742245323,363.0796130392679,-12.828720092773438,3.81573486328125,341.0,2.0958757400512695
51.0,1.7,469.9304201459694,1540.9474193129902,0.8905471872958799,1.122905124248913,381.67585391507254,-8.550395965576172,-8.16229248046875,336.0,2.2363946437835693
52.0,1.7333333333333334,482.15401406791085,1545.3169100141333,0.8879948525727688,1.1261326539255505,392.6873700617039,-11.087913513183594,-3.963836669921875,325.0,2.1157171726226807
53.0,1.7666666666666666,495.7676226382899,1545.1649163402767,0.8867291705365136,1.127740050995449,451.7025848252711,-12.4801025390625,0.558990478515625,315.0,2.3633077144622803
54.0,1.8,512.0725153883564,1548.7383865336074,0.8852701585793056,1.1295986770917643,389.55270653701433,-15.170074462890625,-3.16741943359375,287.0,1.9644274711608887
55.0,1.8333333333333333,521.4296237145948,1549.153897742563,0.8827140049068454,1.1328697567288877,391.9946514075688,-8.22314453125,-0.0089111328125,281.0,2.159296989440918
56.0,1.8666666666666667,537.7517588963018,1553.5869870765187,0.8814346464159423,1.1345140607601072,379.5558682183564,-15.1871337890625,-4.02740478515625,263.0,2.062570810317993
57.0,1.9,546.4442859237121,1552.9677082464118,0.8802270697031033,1.1360704918303588,330.1632361493018,-7.559200286865234,1.02618408203125,256.0,2.317495822906494
58.0,1.9333333333333333,558.1232021112786,1561.9226481663052,0.8776022146438821,1.1394684098487435,435.9927694057942,-10.540908813476562,-8.5509033203125,245.0,2.2032313346862793
59.0,1.9666666666666666,570.9204654668138,1568.6444337893233,0.8762837620579406,1.1411828488656615,429.84607265891583,-11.660476684570312,-6.3169708251953125,237.0,2.3473639488220215
60.0,2.0,585.8671734024272,1569.096321951404,0.8750674162559431,1.1427690957556076,439.8540837685832,-13.81386947631836,-0.0450897216796875,210.0,2.4129109382629395
61.0,2.033333333333333,599.8157734278843,1573.6379317931721,0.872653853146317,1.1459297365095469,363.66771358597805,-12.813278198242188,-4.13604736328125,195.0,2.1610686779022217
62.0,2.066666666666667,609.5099789220915,1574.4642096036903,0.8713901676002652,1.14759155792854,291.02858818818214,-8.560588836669922,-0.4199371337890625,186.0,2.365859031677246
63.0,2.1,618.6462620530173,1578.3119717892084,0.8702210229297381,1.149133350781782,405.09786200409053,-8.000633239746094,-3.442169189453125,176.0,1.8340773582458496
64.0,2.1333333333333333,633.6197033870682,1586.6327564356643,0.8632477256721554,1.1584160262007808,490.97499749555385,-13.835887908935547,-7.916412353515625,153.0,2.1352040767669678
65.0,2.1666666666666665,650.4068043890878,1586.2258799493075,0.8620060480233773,1.1600846679591745,414.92612357775545,-15.65582275390625,0.8139190673828125,492.0,2.950078010559082
66.0,2.2,661.0283170122011,1590.3663667442006,0.8607402096980465,1.1617907339902322,432.70201183179313,-9.4859619140625,-3.73504638671875,487.0,2.350694417953491
67.0,2.2333333333333334,677.2422978970333,1596.8086113515938,0.8595534429227523,1.1633947932308726,364.9470033477924,-15.07794189453125,-6.0372314453125,467.0,1.9547902345657349
68.0,2.2666666666666666,684.6401777076467,1596.2331557636744,0.8570580700318629,1.1667820827622835,385.0149238357668,-6.2651519775390625,0.9821319580078125,462.0,2.1811933517456055
69.0,2.3,700.6558553698226,1607.3268896288803,0.8558445032808788,1.1684365514605763,534.7844789772341,-14.87603759765625,-10.68994140625,453.0,2.076247215270996
70.0,2.3333333333333335,717.4684690671546,1610.139617634711,0.8546315326307415,1.1700949026790326,363.49135190896345,-15.679473876953125,-2.4066925048828125,440.0,2.1815829277038574
71.0,2.3666666666666667,723.4602819832368,1615.523512632729,0.8534319973007805,1.1717395213242323,390.7089340944859,-4.8541259765625,-4.978912353515625,431.0,2.0128259658813477
72.0,2.4,739.9852369891627,1623.2337015760597,0.8509960060441417,1.1750936466182773,455.97086603045324,-15.3878173828125,-7.30535888671875,417.0,2.517219305038452
73.0,2.433333333333333,752.0231314482135,1625.9257020428279,0.8497853419701821,1.1767677678242288,446.34131897172483,-10.903839111328125,-2.2861328125,405.0,1.9439483880996704
74.0,2.466666666666667,767.3559477822644,1634.9071312205335,0.8485124278329943,1.1785331212577381,426.28856335298354,-14.194122314453125,-8.57684326171875,385.0,2.069302797317505
75.0,2.5,779.3376898975653,1633.772227390427,0.8473473756403325,1.1801535341326919,363.73683107453854,-10.85107421875,1.541473388671875,382.0,2.0882582664489746
76.0,2.533333333333333,789.9548079894287,1643.69982356032,0.844975520413886,1.1834662375901492,464.47761312215135,-9.476287841796875,-9.523101806640625,375.0,1.9513180255889893
77.0,2.566666666666667,808.8127708078545,1643.2623074255257,0.8437647586575404,1.1851644545939977,463.25877421394506,-17.728782653808594,0.84393310546875,360.0,2.100552558898926
78.0,2.6,819.0059997395616,1654.1805041813564,0.842679652020492,1.1866905740542104,360.04653064031146,-9.051025390625,-10.513916015625,347.0,2.040462017059326
79.0,2.6333333333333333,826.3155616790813,1659.6879343356245,0.8414744904745848,1.1883901548055344,412.01727104729196,-6.17156982421875,-5.1021575927734375,340.0,1.9985827207565308
80.0,2.6666666666666665,841.5093399271946,1669.9310822633304,0.840384454731975,1.1899315775884163,514.5284345496051,-14.053230285644531,-9.838394165039062,318.0,1.8756731748580933
81.0,2.7,856.503167003433,1675.9768424957235,0.8380339431489866,1.1932690891283133,341.5155735855039,-13.857284545898438,-5.640380859375,303.0,2.16269850730896
82.0,2.7333333333333334,863.7355194702964,1674.8672072203042,0.8368239370169298,1.194994497366737,338.0514743989225,-6.1008148193359375,1.515899658203125,299.0,2.12046480178833
83.0,2.7666666666666666,876.3498909801284,1686.6545446011348,0.8356952842030888,1.1966084036881823,407.2386106577159,-11.471107482910156,-11.382537841796875,286.0,2.337266206741333
84.0,2.8,885.3087449118356,1691.3498409663405,0.8345666593019447,1.1982266351694764,400.57485106196793,-7.8218841552734375,-4.289764404296875,279.0,2.47137188911438
85.0,2.8333333333333335,900.1350304841677,1698.7963580346711,0.8333941423166233,1.1999124414532778,455.10496747466453,-13.687973022460938,-7.04119873046875,265.0,2.0586025714874268
86.0,2.8666666666666667,911.3364991619685,1706.9412393608145,0.8322597831575148,1.2015479063593517,347.31771148136187,-10.061203002929688,-7.7394256591796875,255.0,1.8769841194152832
87.0,2.9,917.7808267264882,1713.7882691244577,0.8299569479520946,1.20488177425044,388.06667758777996,-5.303955078125,-6.4413299560546875,249.0,2.2288832664489746
88.0,2.933333333333333,933.0712236269453,1720.9739219349758,0.8287240743301026,1.206674248975267,445.39768014242526,-14.152214050292969,-6.780029296875,234.0,2.045032501220703
89.0,2.966666666666667,943.341723066465,1728.8987104876815,0.8277554226123437,1.2080863171443363,435.0710186583281,-9.129806518554688,-7.5190887451171875,220.0,2.108205795288086
90.0,3.0,956.109170748172,1738.595715837262,0.8265349468260653,1.209870198277821,365.7627577679268,-11.6253662109375,-9.291259765625,209.0,2.34304141998291
91.0,3.033333333333333,963.3340158908167,1742.8592495071555,0.8255328901786191,1.2113387751075935,379.41041216837806,-6.0872955322265625,-3.8574981689453125,202.0,1.7926942110061646
92.0,3.066666666666667,978.8518908186176,1749.6662402082986,0.8243550558590153,1.213069529801033,408.50723331985944,-14.379714965820312,-6.40130615234375,195.0,2.4002976417541504
93.0,3.1,984.3546290276684,1760.1744027844418,0.8232572729695298,1.2146871128061225,436.06810199518975,-4.357093811035156,-10.101524353027344,190.0,2.163088321685791
94.0,3.1333333333333333,997.5448672367193,1771.9307343058974,0.8222394639149206,1.2161907131515068,397.7218008618082,-12.045154571533203,-11.349861145019531,180.0,1.8813066482543945
95.0,3.1666666666666665,1002.6652201918639,1779.351372467978,0.8213015241005674,1.2175796228980955,312.7684502434112,-3.978057861328125,-7.0139617919921875,174.0,1.5598781108856201
96.0,3.2,1014.4891864282584,1784.0824354347462,0.8198788408083328,1.2196924109104736,331.86505573644837,-10.686721801757812,-4.3249664306640625,165.0,2.7064201831817627
97.0,3.2333333333333334,1020.5879939732469,1792.322897815577,0.8187692795390166,1.2213452861385077,455.1414838600581,-4.955596923828125,-7.833526611328125,497.0,3.091553211212158
98.0,3.2666666666666666,1036.7284274947976,1804.7246150792203,0.8176910381632045,1.2229558027764615,423.8858300639182,-14.994583129882812,-11.99462890625,468.0,2.0954861640930176
99.0,3.3,1043.959559258536,1808.208241522551,0.816576444636379,1.2246250875449871,329.5730286953889,-6.093963623046875,-3.077423095703125,463.0,2.033092498779297
100.0,3.3333333333333335,1050.0224170964932,1822.2179910127566,0.8154600120597781,1.2263017011393245,444.369568732057,-4.91168212890625,-13.600982666015625,448.0,2.153982400894165
101.0,3.3666666666666667,1058.0916225907004,1834.2448303467122,0.8143610483894843,1.227956570341427,460.2564778294308,-6.921043395996094,-11.6182861328125,434.0,2.225942611694336
102.0,3.4,1071.8231816005325,1843.8101218291054,0.8132583234619807,1.2296215988827188,304.91366481504826,-12.587821960449219,-9.157806396484375,410.0,2.12117338180542
103.0,3.433333333333333,1074.5706097509897,1846.1466535458737,0.8121980522400399,1.231226789133516,286.4789479309146,-1.610321044921875,-1.9299774169921875,409.0,2.1587302684783936
104.0,3.466666666666667,1085.637923155353,1856.9975895595169,0.8110985950974232,1.2328957367752404,456.21320504770387,-9.920928955078125,-10.442520141601562,388.0,2.1763391494750977
105.0,3.5,1093.6405392940912,1869.83973651066,0.8099907154942011,1.2345820524496607,359.18283884014664,-6.85247802734375,-12.432342529296875,377.0,2.280824899673462
106.0,3.533333333333333,1098.6894200812671,1877.0736070946157,0.8088872941755139,1.2362661735455795,330.3803091852477,-3.9056396484375,-6.825531005859375,369.0,2.101757287979126
107.0,3.566666666666667,1107.3641553606305,1887.0669991629463,0.807746901683152,1.238011557724627,479.95134283661656,-7.528388977050781,-9.584274291992188,360.0,2.284615993499756
108.0,3.6,1117.8975942532752,1902.6634185750272,0.8066968008992906,1.2396231135232203,368.14812807729714,-9.379470825195312,-15.184783935546875,337.0,2.614016532897949
109.0,3.6333333333333333,1120.9115018959199,1907.5325430652329,0.8057043703333039,1.241150025767292,219.99569646985563,-1.8731231689453125,-4.461189270019531,336.0,2.1146187782287598
110.0,3.6666666666666665,1126.562494499502,1914.496516188251,0.8045724992109207,1.2428960733566503,420.70559960724194,-4.5078277587890625,-6.555267333984375,325.0,2.391085624694824
111.0,3.7,1140.0375837827717,1928.0466709518942,0.8034763150652935,1.2445917586490851,449.9828369263186,-12.32403564453125,-13.139022827148438,300.0,2.0749716758728027
112.0,3.7333333333333334,1143.1561056832286,1939.4881831374123,0.8025455071374699,1.2460352604387674,386.29149959267914,-1.9682769775390625,-11.029594421386719,292.0,1.9061436653137207
113.0,3.7666666666666666,1147.8966978961857,1952.5709306744932,0.8013181932567506,1.2479437112687515,377.15751434327353,-3.588104248046875,-12.669677734375,275.0,2.2589993476867676
114.0,3.8,1155.3961402067991,1961.4516518443863,0.8002883428403882,1.2495496266393111,392.4397813986958,-6.353309631347656,-8.470314025878906,266.0,2.316999673843384
115.0,3.8333333333333335,1164.5753310525688,1972.728002897092,0.8002793750707383,1.2495636288410006,369.69446743297283,-8.029609680175781,-10.86446762084961,256.0,1.573944091796875
116.0,3.8666666666666667,1165.062505296776,1984.1232504341726,0.7992731835108429,1.2511366834646644,411.82504882832416,0.663726806640625,-10.9814453125,251.0,2.1221654415130615
117.0,3.9,1178.126095556608,1996.6059003150033,0.7982314786516667,1.2527694368670486,334.79503588825844,-11.912353515625,-12.070045471191406,228.0,1.887542486190796
118.0,3.933333333333333,1177.8492317148775,2002.417163477084,0.797040498552608,1.2546413912667649,332.508521723322,1.4199142456054688,-5.400856018066406,228.0,2.282702684402466
119.0,3.966666666666667,1188.7981979512722,2016.0350672641648,0.7959735792546448,1.2563231067749847,412.886186989496,-9.7955322265625,-13.203369140625,215.0,2.129960298538208
120.0,4.0,1189.8123497345418,2027.207292340308,0.7950438246259476,1.2577922990226107,334.996235078614,0.1368255615234375,-10.75738525390625,213.0,2.5065901279449463
121.0,4.033333333333333,1196.5183960490615,2036.991333822701,0.7950695090871208,1.2577516664526291,322.7875589360638,-5.557624816894531,-9.371101379394531,202.0,2.6437430381774902
122.0,4.066666666666666,1203.0293740042061,2044.1891936644693,0.7939203055723444,1.259572268124684,387.33231010667106,-5.3662261962890625,-6.787010192871094,190.0,2.1117489337921143
123.0,4.1,1205.3515091859133,2061.2557058499874,0.7929289235455683,1.2611470843168602,393.8514112169671,-1.1620941162109375,-16.64544677734375,183.0,2.2672903537750244
124.0,4.133333333333334,1211.462340656683,2069.0548840511306,0.7919132578614051,1.2627645642662202,321.43823170325265,-4.965005874633789,-7.387237548828125,177.0,2.131944417953491
125.0,4.166666666666667,1211.1952424399524,2081.872739010086,0.7910200127311183,1.2641905184514184,356.1236677154474,1.42095947265625,-12.3992919921875,175.0,2.538194417953491
126.0,4.2,1224.8699166841595,2088.6482355706044,0.7909295819716634,1.2643350593957516,382.4467608927411,-12.530158996582031,-6.365928649902344,168.0,2.5421271324157715
127.0,4.233333333333333,1229.9044542096167,2099.194239943623,0.7898634884334562,1.26604155609637,354.39429620047014,-3.884063720703125,-10.1304931640625,161.0,1.8957624435424805
128.0,4.266666666666667,1226.6201440788238,2112.2096046682036,0.7888464763691698,1.267673786923291,336.34958795529974,4.4384613037109375,-12.594512939453125,491.0,3.3331916332244873
129.0,4.3,1235.7070497683435,2120.8537535724718,0.7887969184338072,1.2677534313718497,401.3817477713333,-7.938991546630859,-8.231033325195312,486.0,1.9239654541015625
130.0,4.333333333333333,1238.4730326063006,2136.20005091424,0.7877488386507415,1.2694401450502966,379.68877437322146,-1.6079483032226562,-14.923782348632812,476.0,2.1434950828552246
131.0,4.366666666666666,1240.0710466942578,2145.787315052883,0.786669284015559,1.271182211278789,265.7387323115019,-0.44891357421875,-9.170257568359375,467.0,2.3320577144622803
132.0,4.4,1241.4581232822147,2153.662665129026,0.7856445686794225,1.2728402128215361,306.8665085926343,-0.24060821533203125,-7.4603424072265625,460.0,2.580109119415283
133.0,4.433333333333334,1247.0213473311094,2165.0282495801694,0.785644521851357,1.2728402886887293,453.01834511522134,-4.410858154296875,-10.947357177734375,448.0,2.0672121047973633
134.0,4.466666666666667,1257.823585051879,2179.0454453594375,0.7845896260841603,1.274551646815597,406.8009420397152,-9.644927978515625,-13.596527099609375,435.0,2.304847002029419
135.0,4.5,1259.3582446476487,2189.1798286387057,0.7846064615511049,1.274524298491092,297.31566606842034,-0.3844757080078125,-9.715606689453125,428.0,2.53507661819458
136.0,4.533333333333333,1261.4914149856058,2198.524172855474,0.7836426103869685,1.2760919158112045,300.42084008867744,-0.983978271484375,-8.926719665527344,422.0,1.9991850852966309
137.0,4.566666666666666,1260.677075557938,2209.164415509742,0.7825137068638546,1.27793288632321,310.0383524794899,1.9650726318359375,-10.219528198242188,415.0,1.9978033304214478
138.0,4.6,1263.8441814427702,2219.0590526952606,0.7825199568183595,1.2779226795261434,344.57881165286693,-2.0170059204101562,-9.475799560546875,409.0,1.840915560722351
139.0,4.633333333333334,1269.165340061977,2230.5105746464037,0.7815513927000165,1.2795063886269995,407.9787765385864,-4.1681060791015625,-11.03094482421875,398.0,1.961167812347412
140.0,4.666666666666667,1271.6703365718092,2245.107360269422,0.7805015269930196,1.2812274741506604,378.2997538381454,-1.3472671508789062,-14.169952392578125,388.0,2.229414701461792
141.0,4.7,1275.8308506597664,2254.833784564315,0.780538558119965,1.281166688816294,307.19277722263615,-3.0101852416992188,-9.307342529296875,375.0,1.973356008529663
142.0,4.733333333333333,1280.437531739911,2263.615384640458,0.7795007068963448,1.2828724735627166,337.9389537671674,-3.4576873779296875,-8.363861083984375,366.0,2.4711947441101074
143.0,4.766666666666667,1284.0193104763057,2275.8222776853513,0.779568076597313,1.2827616086651936,312.3169454965453,-2.427459716796875,-11.783126831054688,360.0,2.4944372177124023
144.0,4.8,1282.9963528845753,2284.2786824489945,0.7785433181176417,1.2844500450120042,246.94752390006624,2.1700897216796875,-8.036407470703125,351.0,2.4951813220977783
145.0,4.833333333333333,1288.7713689256575,2291.5846965876376,0.7785429932840562,1.2844505809265485,291.3907107666884,-4.627815246582031,-6.890380859375,345.0,2.24284291267395
146.0,4.866666666666666,1290.9924298886144,2301.9827517419058,0.7776977766474178,1.285846546084915,323.4244069511935,-1.069732666015625,-9.975677490234375,337.0,1.776643991470337
147.0,4.9,1294.011220343759,2312.499947521174,0.7776186033326966,1.285977464677706,298.60924378331714,-1.8671112060546875,-10.09490966796875,327.0,1.7947845458984375
148.0,4.933333333333334,1294.9869199785912,2321.485160878567,0.776604472320679,1.2876567617641475,368.9173289098045,0.1728973388671875,-8.564056396484375,324.0,2.4052579402923584
149.0,4.966666666666667,1302.2333715665484,2335.6793586109607,0.7765843827932516,1.2876900722664002,311.4780921989492,-6.0873565673828125,-13.766334533691406,314.0,2.056866407394409
150.0,5.0,1302.8748426857555,2340.693868843354,0.7756652412569487,1.2892159488538144,322.47013411025256,0.5007171630859375,-4.5998992919921875,311.0,2.5100624561309814
151.0,5.033333333333333,1304.7051565784002,2357.034795091372,0.7756617275298597,1.289221788967929,360.21178472600815,-0.6693477630615234,-15.906158447265625,294.0,2.2058887481689453
152.0,5.066666666666666,1307.0788054319823,2364.33714712064,0.7746093248008394,1.2909733564814896,276.38315518567947,-1.2272262573242188,-6.883880615234375,291.0,2.1057255268096924
153.0,5.1,1306.2941290902518,2375.3916964155333,0.7746588193770663,1.2908908734869107,251.0605856910283,1.936187744140625,-10.627731323242188,284.0,2.0978598594665527
154.0,5.133333333333334,1310.367484975084,2380.7482476635514,0.7737547006995561,1.2923992566324887,177.68579322029973,-2.929351806640625,-4.942138671875,275.0,1.956986904144287
155.0,5.166666666666667,1306.9265586333536,2387.2205215678196,0.7736750064211485,1.2925323833656996,302.6703708059708,4.58380126953125,-6.05255126953125,271.0,2.213860511779785
156.0,5.2,1312.1560424478732,2400.8468482064627,0.773789555146989,1.2923410420163142,351.5269511131425,-4.0714111328125,-13.196098327636719,263.0,2.338081121444702
157.0,5.233333333333333,1313.4403358327054,2409.732208048231,0.7731837037592253,1.2933536947791218,291.09743945621204,-0.1356353759765625,-8.462303161621094,256.0,2.2270760536193848
158.0,5.266666666666667,1314.4270217956625,2420.120009296249,0.7731507988264591,1.2934087393013989,298.25062841703016,0.16424560546875,-9.961265563964844,247.0,1.7984694242477417
159.0,5.3,1321.2564811961195,2428.014890622392,0.773136743395949,1.2934322531452458,218.6716551219767,-5.6796875,-7.475898742675781,235.0,2.6706349849700928
160.0,5.333333333333333,1321.4318878622016,2432.9048891360358,0.7722746312198018,1.2948761484246967,233.25144751240336,0.966339111328125,-4.474212646484375,229.0,2.2009637355804443
161.0,5.366666666666666,1323.5495552704713,2443.394985305929,0.7722108320388846,1.2949831296197682,263.2418784329989,-0.9658203125,-10.063308715820312,225.0,1.3035714626312256
162.0,5.4,1325.676011741241,2449.933421319572,0.7722076101242211,1.294988532732972,261.2644935569342,-0.9810333251953125,-6.1196746826171875,223.0,1.473922848701477
163.0,5.433333333333334,1328.5373314932606,2460.083185458215,0.7715394338382286,1.2961100316353673,277.8333136086596,-1.7097320556640625,-9.723457336425781,215.0,2.3805980682373047
164.0,5.466666666666667,1327.4985047609052,2468.3657620968584,0.7715953544362317,1.296016097363174,210.32920947431379,2.185513496398926,-7.8584747314453125,210.0,2.1427154541015625
165.0,5.5,1325.6324075207374,2473.8009266261265,0.7715977459509163,1.2960120804495106,252.43720921998892,3.0074005126953125,-5.016456604003906,206.0,0.8155115842819214
166.0,5.533333333333333,1333.2632585227568,2484.1767649835197,0.7705946863944805,1.2976990597727571,288.325591606535,-6.475975036621094,-9.950489044189453,198.0,2.1487388610839844
167.0,5.566666666666666,1332.9800470247765,2491.562857247163,0.7705629021268771,1.2977525874134868,153.29090657966526,1.4286651611328125,-6.963554382324219,197.0,2.0828373432159424
168.0,5.6,1334.1773042767961,2494.355199510806,0.7705656578745606,1.2977479463051658,97.39266662221688,-0.058510780334472656,-2.3808212280273438,196.0,2.558248281478882
169.0,5.633333333333334,1334.9493906303783,2497.749836696324,0.7705809063996087,1.2977222660139711,211.04348792726304,0.3675384521484375,-2.9815673828125,193.0,2.1053712368011475
170.0,5.666666666666667,1337.4534105777104,2508.0380285693423,0.7695065071332168,1.2995341699259735,237.83055137199145,-1.3520965576171875,-9.860153198242188,191.0,2.1220946311950684
171.0,5.7,1338.520540876605,2513.197802473611,0.7695871398460304,1.299398012550038,213.5580195133577,0.075439453125,-4.742576599121094,179.0,2.157809019088745
172.0,5.733333333333333,1339.5034426598745,2522.126863487254,0.7696151211365679,1.2993507696719881,217.07894367473224,0.165863037109375,-8.502784729003906,171.0,2.377763509750366
173.0,5.766666666666667,1337.5919352634567,2527.639908875897,0.7696128733774084,1.299354564602784,180.37364086139414,3.052886962890625,-5.093410491943359,167.0,1.5736253261566162
174.0,5.8,1342.9251788436013,2533.6546632489153,0.769638194998475,1.2993118149521952,152.69775448870246,-4.18670654296875,-5.597282409667969,163.0,2.444444417953491
175.0,5.833333333333333,1341.724731017496,2536.9430992625585,0.7686391507821594,1.3010006047472473,198.1282913106415,2.3386993408203125,-2.8742523193359375,498.0,3.1351685523986816
176.0,5.866666666666666,1343.8238437382656,2546.8326094949516,0.7686552774733265,1.3009733092409574,223.9499409630112,-0.9481964111328125,-9.461008071899414,491.0,2.119331121444702
177.0,5.9,1345.9535961074728,2551.2616705085948,0.7686607753242988,1.3009640040212784,150.21893363607956,-0.987640380859375,-4.013702392578125,488.0,0.8826530575752258
178.0,5.933333333333334,1344.37387582043,2556.832088944113,0.7687425106266981,1.3008256811305714,134.92444044385363,2.721282958984375,-5.150177001953125,487.0,2.2757935523986816
179.0,5.966666666666667,1348.2170070958869,2559.967204645256,0.7687487422315987,1.3008151364216904,106.28659745400823,-2.701995849609375,-2.7236480712890625,484.0,2.553677558898926
180.0,6.0,1346.483722355719,2563.596460971399,0.7687546073190487,1.3008052120655191,152.6459295672608,2.8716278076171875,-3.213775634765625,481.0,2.3888180255889893
181.0,6.033333333333333,1349.4571026546137,2570.0677583131674,0.7687843911934863,1.3007548168967986,179.07836979074733,-1.8274078369140625,-6.050895690917969,473.0,1.7253401279449463
182.0,6.066666666666666,1343.5576802191333,2575.170891592436,0.7687569431442792,1.3008012596412042,141.26422161068592,7.03704833984375,-4.68157958984375,467.0,1.9440901279449463
183.0,6.1,1350.659478486778,2579.408302215454,0.7687514445661374,1.300810563763393,206.97881068262467,-5.956512451171875,-3.82464599609375,463.0,1.8724489212036133
184.0,6.133333333333334,1353.7790990200476,2584.4403905728473,0.7687820530988624,1.300758772878643,127.66385523615425,-1.9757232666015625,-4.615180969238281,462.0,1.9750566482543945
185.0,6.166666666666667,1356.8346326392548,2585.2652035396154,0.7687465861114254,1.3008187848460322,32.86344943044317,-1.9185676574707031,-0.418609619140625,462.0,1.980371356010437
186.0,6.2,1353.8125295397117,2586.6310321313836,0.7687339395520817,1.3008401848143587,86.79187695184987,4.155555725097656,-0.9550552368164062,462.0,1.879180908203125
187.0,6.233333333333333,1354.4959928464189,2590.5576517387767,0.7687879156456596,1.3007488536811338,117.19604405640301,0.4568634033203125,-3.5113449096679688,459.0,2.8581349849700928
188.0,6.266666666666667,1357.1939825203135,2593.674456893045,0.7687957056118649,1.3007356736002127,120.92053549460793,-1.5576171875,-2.704498291015625,455.0,2.610827684402466
189.0,6.3,1362.2302290301457,2592.830812828563,0.7687869990908267,1.3007504044457145,87.24897330559155,-3.9005126953125,1.2444610595703125,455.0,2.246527671813965
190.0,6.333333333333333,1361.3774374540403,2597.715684389081,0.7688396042116618,1.300661405216451,109.3860331364262,1.9935150146484375,-4.466182708740234,452.0,1.8286919593811035
191.0,6.366666666666666,1359.6710081826225,2599.6593938402243,0.7688303014501277,1.3006771430754642,53.36710500223772,2.8418731689453125,-1.5320281982421875,451.0,2.134141206741333
192.0,6.4,1362.1887000049544,2601.1797634476175,0.7688107796350412,1.3007101701600823,55.203632625620905,-1.38006591796875,-1.1122207641601562,449.0,2.775084972381592
193.0,6.433333333333334,1363.3313918272866,2600.041197508136,0.7688437734143033,1.3006543521308256,32.0379274171711,-0.01031494140625,1.540802001953125,449.0,1.8042092323303223
194.0,6.466666666666667,1363.8367545480562,2602.538373756154,0.7688424902678233,1.3006565228355862,76.70984592823216,0.6324386596679688,-2.085418701171875,447.0,2.3796768188476562
195.0,6.5,1364.1909942219509,2605.0824250041724,0.7688673282760914,1.300614505550835,30.347075957990064,0.7835693359375,-2.1319122314453125,445.0,2.139455795288086
196.0,6.533333333333333,1365.849066903658,2602.3293571115655,0.7688405646867263,1.3006597803635171,30.36456528190587,-0.528045654296875,3.1505966186523438,445.0,2.3019416332244873
197.0,6.566666666666666,1365.9950546244277,2604.1641798439587,0.7688198052963839,1.3006949003017618,7.484294637549697,0.990478515625,-1.42449951171875,445.0,1.807327151298523
198.0,6.6,1366.2764183217598,2602.586893201352,0.7688223715093419,1.3006905587786335,35.4842406399427,0.849761962890625,1.978668212890625,445.0,1.7993905544281006
199.0,6.633333333333334,1364.8612488159667,2602.08797569937,0.7688689300998406,1.300611795914482,61.93462819044129,2.54669189453125,0.904205322265625,445.0,2.3012330532073975
200.0,6.666666666666667,1369.9352150523614,2604.500435150513,0.7698269219451388,1.2989932821175931,87.56770552524978,-3.932891845703125,-2.003173828125,445.0,1.954506754875183
201.0,6.7,1369.908351210631,2605.0217813204063,0.7698672092036128,1.2989253056178967,39.53083573754103,1.16094970703125,-0.11450386047363281,445.0,1.976544737815857
202.0,6.733333333333333,1372.5235772126507,2604.0047974121744,0.7698600507284143,1.2989373835593045,24.31185634507802,-1.481536865234375,1.418670654296875,445.0,2.3812358379364014
203.0,6.766666666666667,1370.6569916912329,2603.5842490508176,0.769860784924172,1.2989361447972645,49.31784506745383,2.997955322265625,0.826171875,445.0,1.951601505279541
204.0,6.8,1375.3251962088775,2602.2840620175857,0.7698635381608887,1.2989314994562278,80.6898246501985,-3.533599853515625,1.69989013671875,445.0,2.9277210235595703
205.0,6.833333333333333,1375.0588304140222,2600.4921757656043,0.7698515156508967,1.298951784428867,100.16164269068942,1.396759033203125,2.19317626953125,445.0,2.423823595046997
206.0,6.866666666666666,1376.001571064479,2595.6409633417475,0.7708568020467373,1.297257801117995,44.11829467053609,0.1833038330078125,5.243743896484375,445.0,2.274376392364502
207.0,6.9,1377.5853029258737,2598.9862841210156,0.7708708617203701,1.2972341408368675,23.37457140927509,-0.44366455078125,-2.9318466186523438,445.0,2.1529903411865234
208.0,6.933333333333334,1376.1814859591434,2594.0930795096588,0.770800148542678,1.2973531490499337,132.38256430913674,2.528228759765625,5.2871856689453125,445.0,2.548823595046997
209.0,6.966666666666667,1384.066975633038,2592.996505757677,0.77086511232511,1.2972438160857551,73.01252355700737,-6.7483367919921875,1.495361328125,445.0,2.4642856121063232
210.0,7.0,1379.2407953850577,2590.307158568195,0.7718141964735282,1.295648621869186,112.91074634499824,5.951911926269531,3.090789794921875,444.0,2.15171480178833
211.0,7.033333333333333,1389.7962069339524,2588.114149269338,0.7718277215645661,1.295625917624347,94.50774853083861,-9.418212890625,2.58758544921875,443.0,2.675595283508301
212.0,7.066666666666666,1384.7889964125345,2587.3215305954814,0.7718394987209621,1.2956061482434227,92.39313261702179,6.1358642578125,1.198822021484375,443.0,2.0756094455718994
213.0,7.1,1388.0098132348664,2582.2193416091245,0.7728029400202941,1.2939909363876638,132.3916095188546,-2.0936431884765625,5.49346923828125,443.0,2.430272102355957
214.0,7.133333333333334,1386.079629080636,2578.5902971540177,0.772817680066605,1.293966255939972,100.47306803864406,3.0564346313476562,4.026458740234375,443.0,1.2428429126739502
215.0,7.166666666666667,1390.4212955123432,2575.9702859020363,0.7728199832427698,1.2939623996315128,95.82523838152485,-3.20965576171875,3.01708984375,443.0,2.011054515838623
216.0,7.2,1390.1391826471754,2573.6576476969294,0.7738296986826069,1.292273999954296,98.09925216948481,1.411651611328125,2.7127685546875,443.0,2.8150510787963867
217.0,7.233333333333333,1394.5621479070076,2570.9082419136976,0.7738289145772537,1.292275309389679,110.98060508107775,-3.2910003662109375,3.145965576171875,443.0,2.3177437782287598
218.0,7.266666666666667,1388.7731991043397,2566.3861310523407,0.7738374936036018,1.2922609827849074,126.79526473733095,6.9111328125,4.9195556640625,443.0,1.6605017185211182
219.0,7.3,1401.0216038172969,2565.455817065984,0.774836915129283,1.290594163073849,183.63431763084233,-11.108497619628906,1.32769775390625,442.0,2.2585742473602295
220.0,7.333333333333333,1394.0423473974413,2555.335805814002,0.7748530794869628,1.2905672397431898,165.36103330701854,8.091611862182617,10.504745483398438,442.0,2.109764575958252
221.0,7.366666666666666,1401.2219044541484,2554.43356799952,0.7758604632727929,1.2888915563266685,101.41118261062303,-6.0428924560546875,1.3022308349609375,442.0,2.1845593452453613
222.0,7.4,1398.7510708858556,2550.4844551850383,0.7758718395150708,1.2888726579186223,98.44797459503532,3.59625244140625,4.3465576171875,435.0,2.6575255393981934
223.0,7.433333333333334,1401.8142949347503,2547.8971587768065,0.7768375394114513,1.2872704384981464,129.45451066199362,-1.9321136474609375,2.9852142333984375,434.0,2.0085742473602295
224.0,7.466666666666667,1402.842362733645,2542.8855459623246,0.7768707850556211,1.2872153506562918,150.0628241926741,0.097900390625,5.4051513671875,429.0,2.107426404953003
225.0,7.5,1406.015327993477,2538.8177808040928,0.7768756007867678,1.2872073714083268,143.45656271117835,-2.0442886352539062,4.46234130859375,427.0,1.8955498933792114
226.0,7.533333333333333,1403.1246946204965,2533.3259433802364,0.7778720928703727,1.2855583959953727,132.2959561253,4.01336669921875,5.886016845703125,415.0,2.0286989212036133
227.0,7.566666666666666,1407.1523962084536,2530.0716547845045,0.7778876714397376,1.2855326504264688,139.0696262144481,-2.89703369140625,3.650623321533203,414.0,2.174921989440918
228.0,7.6,1403.6716749448483,2524.0707841575227,0.7789097573346332,1.2838457736386817,167.78124605368384,4.6024169921875,6.3944549560546875,412.0,2.7649872303009033
229.0,7.633333333333334,1407.814488837493,2518.905851030541,0.7789100358944696,1.283845314499818,191.80639684952607,-3.0153961181640625,5.5570068359375,409.0,1.714143991470337
230.0,7.666666666666667,1413.5771757770126,2515.984326106684,0.779958814053543,1.2821189811329596,160.02942709531789,-4.6308135986328125,3.31793212890625,405.0,2.2726049423217773
231.0,7.7,1415.2807806852823,2511.285213292202,0.7799318968252413,1.2821632299827188,176.8159872817155,-0.5767612457275391,5.093505859375,400.0,2.2605583667755127
232.0,7.733333333333333,1416.872813327927,2504.6666668839703,0.78091111086616,1.2805554769105973,147.34378503938518,-0.468414306640625,7.008697509765625,389.0,2.141085624694824
233.0,7.766666666666667,1418.5450461658838,2502.0205325851134,0.7819515985711704,1.2788515322780347,125.74325472570995,-0.5421142578125,3.045166015625,389.0,2.2613377571105957
234.0,7.8,1422.4053893554035,2498.3687830518816,0.781969682454709,1.2788219574713744,194.36024266460728,-2.730926513671875,4.04779052734375,381.0,2.1138038635253906
235.0,7.833333333333333,1424.8702247324231,2490.7119065655247,0.7830178262122336,1.2771101327761525,120.0928094746903,-1.3425750732421875,8.044830322265625,377.0,2.18820858001709
236.0,7.866666666666666,1425.9272231953803,2491.178809376043,0.7830480693438345,1.2770608078223897,147.07063623202149,0.07796192169189453,-0.0606689453125,376.0,1.4453656673431396
237.0,7.9,1423.9744560333374,2480.9482024209365,0.7840848700748023,1.2753721416721115,213.287533732269,3.068450927734375,10.615432739257812,372.0,2.2692389488220215
238.0,7.933333333333334,1429.7650970744196,2477.4873708564546,0.7851394008746899,1.2736591729901,167.27909263689975,-4.6598358154296875,3.85662841796875,365.0,2.1046626567840576
239.0,7.966666666666667,1426.5307137014393,2470.0931896825978,0.7851144575646278,1.2736996375049985,164.03904164787085,4.354255676269531,7.78570556640625,355.0,2.537769317626953
240.0,8.0,1425.8413742737712,2467.279574914991,0.7861644767214913,1.2719984552981305,189.27823246232313,1.8179168701171875,3.213897705078125,353.0,2.5855300426483154
241.0,8.033333333333333,1435.0376549632908,2460.773333194259,0.7861668196742098,1.271994664458624,261.02514759158237,-8.06915283203125,6.8945770263671875,345.0,1.5528627634048462
242.0,8.066666666666666,1439.2087891684355,2456.138185223527,0.7871311818871595,1.2704362665476983,134.1747799206438,-3.0433349609375,5.0296630859375,338.0,2.0928640365600586
243.0,8.1,1439.3173013032676,2452.9185645965454,0.7881921555640315,1.2687261512827395,174.84910071437758,1.019866943359375,3.6187744140625,336.0,2.2817459106445312
244.0,8.133333333333333,1442.0483720318498,2444.8327330320635,0.7892377405177112,1.2670453383843965,167.71918227762214,-1.6096954345703125,8.47430419921875,325.0,2.357922315597534
245.0,8.166666666666666,1442.1521234244942,2442.1026143582067,0.78923035488679,1.2670571954159613,157.65636579901985,1.0254249572753906,3.13043212890625,324.0,1.6077806949615479
246.0,8.2,1444.190445129639,2434.5429058406,0.7902332859551023,1.265449099364837,147.82553187435872,-0.916290283203125,7.94970703125,317.0,1.9943311214447021
247.0,8.233333333333333,1447.0986398816585,2433.578900447993,0.7913608976438214,1.2636459584715083,120.79960427063965,-1.7749481201171875,1.3665771484375,315.0,2.205073595046997
248.0,8.266666666666667,1444.1614977196157,2426.489650914761,0.7913510865365012,1.2636616250527821,179.02723743826488,4.057899475097656,7.4825439453125,311.0,1.9479166269302368
249.0,8.3,1452.2496241122603,2422.8125107565297,0.7923630331080036,1.2620477713069866,226.89883201505774,-6.95758056640625,4.072509765625,305.0,1.9316893815994263
250.0,8.333333333333334,1453.0021792158425,2414.215448723298,0.7934364428451423,1.2603403952736936,198.91604015701714,0.36712646484375,8.986328125,295.0,2.092616319656372
251.0,8.366666666666667,1457.0029032647371,2410.432595674441,0.7945777999756474,1.2585300017577241,173.3072956533487,-2.8719253540039062,4.180145263671875,286.0,2.0066256523132324
252.0,8.4,1459.708583368319,2404.807213328709,0.79455279361712,1.258569610519652,65.39573061335678,-1.5803604125976562,6.0196380615234375,280.0,2.667375326156616
253.0,8.433333333333334,1458.252520307839,2406.2558055923523,0.7955631513128799,1.256971238989322,192.24279346802916,2.5918197631835938,-1.0394439697265625,280.0,2.0366709232330322
254.0,8.466666666666667,1460.9094943567334,2392.0474154341205,0.7966751329371426,1.2552167861864212,315.54491049068787,-1.5463027954101562,14.587326049804688,264.0,2.333864688873291
255.0,8.5,1467.552552390003,2387.3868768383886,0.7976476367615288,1.253686407271295,111.24262540964031,-5.5150146484375,5.05535888671875,257.0,2.0943877696990967
256.0,8.533333333333333,1467.1849903060852,2388.0954788676568,0.7987758441125191,1.2519156749301192,112.24974722644242,1.5023956298828125,-0.30145263671875,257.0,2.299178123474121
257.0,8.566666666666666,1472.5173793940423,2381.78772347505,0.7987202823667515,1.252002762515083,140.9547180983992,-4.207637786865234,6.7004241943359375,252.0,2.4087655544281006
258.0,8.6,1473.2958134038745,2380.956774723068,0.799915609937766,1.2501318733832445,152.9093999709246,0.354217529296875,1.2350921630859375,252.0,2.2447562217712402
259.0,8.633333333333333,1476.392972999644,2372.3592244085867,0.8006835228509488,1.2489329072732211,186.1810079341528,-1.9769744873046875,8.987213134765625,247.0,1.7628259658813477
260.0,8.666666666666666,1479.0877888454138,2369.978959250355,0.8018645122628076,1.2470934736568742,115.83584150473621,-1.564361572265625,2.781005859375,245.0,2.2502126693725586
261.0,8.7,1479.8613400427457,2365.459533935873,0.8028986016246731,1.245487285662835,139.91906581252957,0.3528594970703125,4.9172515869140625,244.0,2.0898172855377197
262.0,8.733333333333333,1481.0065953416404,2360.850509012016,0.8038821481237222,1.243963437095874,198.13794583484287,-0.0189208984375,5.0067138671875,239.0,1.9464285373687744
263.0,8.766666666666667,1487.69115728116,2354.8210739319093,0.8050838590795174,1.2421066311568307,165.99296673178628,-5.559356689453125,6.42266845703125,235.0,2.3923611640930176
264.0,8.8,1486.9732534003672,2351.5306525236774,0.8061292021677978,1.240495937017113,97.6878590343068,1.8460235595703125,3.6912689208984375,232.0,2.600977897644043
265.0,8.833333333333334,1491.9186795976993,2349.8671842404456,0.8061268958136504,1.2404994861146112,161.36004709491002,-3.813262939453125,2.064849853515625,229.0,1.843962550163269
266.0,8.866666666666667,1493.4679876309688,2342.9551808009637,0.807272189567311,1.2387395638340881,220.4255562178585,-0.427001953125,7.306121826171875,225.0,2.3421201705932617
267.0,8.9,1501.6476667579886,2338.853968377107,0.8082634033124929,1.2372204356917758,174.11113153923327,-7.0511474609375,4.497589111328125,212.0,2.2601685523986816
268.0,8.933333333333334,1502.546340025633,2335.722238375125,0.8094137558825675,1.2354620770061182,115.0523913426941,0.22998809814453125,3.532318115234375,212.0,2.2729945182800293
269.0,8.966666666666667,1502.8320982542152,2331.275811107518,0.8105114220134584,1.2337889051776931,153.42229251760608,0.840576171875,4.84521484375,211.0,2.1778628826141357
270.0,9.0,1509.8538183968599,2328.5657119649113,0.8117419805841728,1.23191854544759,209.98197126452018,-5.891212463378906,3.1091766357421875,204.0,1.997165560722351
271.0,9.033333333333333,1516.1628920551295,2327.003073759805,0.8127407146985347,1.2304047058488072,111.1185984712812,-5.1769256591796875,1.96405029296875,201.0,1.920351505279541
272.0,9.066666666666666,1511.8856620024617,2321.441900398448,0.8138843599131282,1.2286757790833298,110.34898171238103,5.4011077880859375,5.9599609375,197.0,2.046485185623169
273.0,9.1,1516.7632171060436,2319.671010240216,0.815065803824998,1.2268948044527568,163.7134699008874,-3.7459869384765625,2.1725006103515625,196.0,2.166985511779785
274.0,9.133333333333333,1519.4253181080635,2313.5505107069844,0.8161588922483731,1.2252516139904783,132.20101818647703,-1.5384674072265625,6.516082763671875,193.0,2.446286916732788
275.0,9.166666666666666,1525.568376141333,2320.0520814862525,0.8172641489269474,1.223594600733412,204.02591719961305,-4.9968414306640625,-6.087921142578125,191.0,1.9698837995529175
276.0,9.2,1532.98084335429,2312.4303612498957,0.818373435425933,1.2219360462006408,193.46826680370054,-6.290977478027344,8.013748168945312,186.0,2.463895797729492
277.0,9.233333333333333,1527.3023681844347,2307.271287497914,0.819416522523527,1.2203805665528158,42.33782990819072,6.8028564453125,5.55938720703125,186.0,2.3203301429748535
278.0,9.266666666666667,1532.4416420380169,2309.659821167807,0.8203728299055748,1.2189579707498361,200.9031478860231,-4.00054931640625,-1.9808502197265625,186.0,1.8900227546691895
279.0,9.3,1540.688093625974,2306.813735697075,0.8217729761283757,1.2168810961773242,176.71851253829107,-7.116722106933594,3.24505615234375,180.0,2.1746387481689453
280.0,9.333333333333334,1540.8577629873685,2301.4156482732183,0.8229051342033645,1.215206903488428,85.43880946259308,0.9548187255859375,5.7959747314453125,180.0,2.2040107250213623
281.0,9.366666666666667,1546.264248755013,2305.651838193112,0.8240436588534095,1.213527935390486,198.57856106910862,-4.264335632324219,-3.825836181640625,178.0,2.1586592197418213
282.0,9.4,1554.0330392101578,2300.12264725363,0.8251643084367729,1.2118798520193432,181.9819206880381,-6.644081115722656,5.9245147705078125,170.0,2.064873695373535
283.0,9.433333333333334,1554.77436384499,2297.005077407898,0.8274303947974012,1.2085608726578783,72.65758254269956,0.38720703125,3.518829345703125,168.0,2.2317886352539062
284.0,9.466666666666667,1558.3383203157596,2297.9028884215413,0.8285825781443437,1.2068803114827191,113.02425142946566,-2.427978515625,-0.4918060302734375,166.0,2.319373607635498
285.0,9.5,1562.0971010052792,2295.2294103726845,0.8297412058501124,1.2051950571448946,131.26620715691658,-2.62921142578125,3.074462890625,165.0,2.1556830406188965
286.0,9.533333333333333,1566.4220438041739,2294.5510495113276,0.8308534809569935,1.203581645765244,86.63522125969425,-3.1919708251953125,1.0818634033203125,500.0,2.7973709106445312
287.0,9.566666666666666,1567.3684465640058,2292.8690265405958,0.8319965645322094,1.2019280398858987,146.592176354764,0.184783935546875,2.085296630859375,499.0,2.167729616165161
288.0,9.6,1575.5586237379005,2291.082511382364,0.8331694875454385,1.2002359843326151,142.3197144603469,-7.05914306640625,2.187469482421875,489.0,2.6183390617370605
289.0,9.633333333333333,1576.6997286461701,2294.586279427257,0.8343373102443368,1.1985560129237762,97.13353331026762,-0.000640869140625,-3.093597412109375,489.0,2.1727607250213623
290.0,9.666666666666666,1579.6981333591273,2296.0622154409,0.8354800148929981,1.1969167211355407,126.77453219482426,-1.8614501953125,-1.068878173828125,485.0,1.95634925365448
291.0,9.7,1584.7468310408344,2297.1697432514184,0.8367023686163788,1.195168123706474,160.16460439252023,-3.9124755859375,-0.70159912109375,481.0,2.179563522338867
292.0,9.733333333333333,1589.763180089729,2299.626880436937,0.8390686643108558,1.1917975757339483,158.9612582055115,-3.8775634765625,-2.049407958984375,469.0,2.3354592323303223
293.0,9.766666666666667,1594.4752078495612,2301.372591841205,0.8402391542788893,1.1901373494766747,126.64377303458836,-3.574615478515625,-1.33905029296875,464.0,2.16804838180542
294.0,9.8,1597.9758098281432,2301.5853442610983,0.8414396235658118,1.1884393983756656,57.834708648608434,-2.36602783203125,0.192352294921875,461.0,2.2011053562164307
295.0,9.833333333333334,1596.5527057520378,2298.1245126966164,0.8426527414999678,1.1867284715883621,220.318690642258,2.550811767578125,3.862396240234375,461.0,2.0911989212036133
296.0,9.866666666666667,1612.348962027495,2298.5608979290096,0.8437968901746568,1.1851193239086375,210.79859925889667,-14.661178588867188,-0.034820556640625,450.0,2.012967586517334
297.0,9.9,1610.6000522873271,2298.5314628489027,0.8462112136187815,1.1817380624437108,81.6036884494086,2.8829345703125,0.4358673095703125,448.0,2.090773820877075
298.0,9.933333333333334,1613.4931103205968,2303.879469175046,0.8473995356975375,1.1800808920397263,120.57062347535276,-1.748870849609375,-4.935699462890625,447.0,2.0437216758728027
299.0,9.966666666666667,1615.656065814804,2304.780209876189,0.8486284184098731,1.178372039288716,203.8184205204634,-1.027252197265625,-0.494293212890625,443.0,2.1708474159240723
300.0,10.0,1626.9792996293236,2305.538860733582,0.8498402666478801,1.1766917140139896,208.73664457760614,-10.187606811523438,-0.35552978515625,424.0,2.4945790767669678
301.0,10.033333333333333,1629.5687687954055,2305.0726580753503,0.8510715744644856,1.1749893076022704,116.10230744458147,-1.4562530517578125,0.8707275390625,424.0,2.0599136352539062
302.0,10.066666666666666,1634.7121930396127,2305.8740335421185,0.8534630867574997,1.1716968378787505,225.4980937916159,-4.0078887939453125,-0.3960113525390625,420.0,2.1896612644195557
303.0,10.1,1640.1522481431948,2315.749139477637,0.8547008644571481,1.16999998664461,234.4200904286568,-4.2871856689453125,-9.457260131835938,404.0,2.1122803688049316
304.0,10.133333333333333,1643.9493589108395,2318.47995830378,0.8559363617747492,1.1683111556641206,143.6109268298432,-2.6578369140625,-2.3221893310546875,400.0,2.1438138484954834
305.0,10.166666666666666,1649.7253515144216,2315.8846052549234,0.8571140562727642,1.1667058691682037,163.0881920910012,-4.646820068359375,2.9955902099609375,398.0,2.05605149269104
306.0,10.2,1654.6149915789413,2320.5910100185665,0.859655581044899,1.1632565669899035,200.23436638557897,-3.746673583984375,-4.2953948974609375,390.0,2.1758432388305664
307.0,10.233333333333333,1660.9944998075234,2323.0400905634597,0.8609094107665983,1.161562398428829,245.27735906569694,-5.24072265625,-2.042022705078125,379.0,1.9601757526397705
308.0,10.266666666666667,1669.8909758095429,2326.424229702103,0.8621587062703651,1.1598792574118124,152.65611231435994,-7.755889892578125,-2.976318359375,365.0,2.064838409423828
309.0,10.3,1671.1612311084375,2323.498798528246,0.8634008730427287,1.1582105499567998,108.66440561546067,-0.141876220703125,3.32672119140625,365.0,1.9943311214447021
310.0,10.333333333333334,1677.0435469542072,2327.573367354389,0.865965979977988,1.1547797755581797,224.27070075349678,-4.7403564453125,-3.665008544921875,361.0,2.173398494720459
311.0,10.366666666666667,1683.6032309640393,2331.7897818836573,0.867255956918835,1.1530621289160985,194.82035261702637,-5.41748046875,-3.806549072265625,354.0,2.1574902534484863
312.0,10.4,1687.7278563801215,2334.9581007098004,0.8684365098511041,1.1514946558055843,178.3190369257774,-2.98455810546875,-2.759246826171875,347.0,2.461167812347412
313.0,10.433333333333334,1694.1957435149536,2337.1862339890686,0.8709600522986867,1.1481582850565233,242.61629760614588,-5.3293914794921875,-1.8213348388671875,340.0,1.9850127696990967
314.0,10.466666666666667,1702.7166091654105,2341.0366817214617,0.8723307701353584,1.1463541516996256,254.7609474544279,-7.379364013671875,-3.441986083984375,331.0,2.208404302597046
315.0,10.5,1706.0570548939927,2349.3422075788553,0.8735289421245013,1.1447817602561738,200.7309070950273,-2.1900177001953125,-7.888641357421875,324.0,1.9337443113327026
316.0,10.533333333333333,1715.3445221069499,2345.4656045299985,0.8761225768922118,1.141392798650626,223.97321091978267,-8.16119384765625,4.273712158203125,321.0,2.046485185623169
317.0,10.566666666666666,1719.7441719370945,2355.3099487467666,0.8774276834987961,1.139695064113363,135.37625229092436,-3.24615478515625,-9.42547607421875,320.0,2.0737314224243164
318.0,10.6,1721.7827377828642,2351.7902792916598,0.8787008446434755,1.1380437450310412,203.76750418545112,-0.911529541015625,3.919647216796875,320.0,1.9392006397247314
319.0,10.633333333333333,1732.2066796051963,2360.715922336553,0.8812500236914468,1.1347517425430802,347.7362691085724,-9.272171020507812,-8.510208129882812,312.0,1.939377784729004
320.0,10.666666666666666,1740.113653654091,2365.981897412696,0.8826529039805693,1.1329481787124036,268.6818865847775,-6.76239013671875,-4.855224609375,306.0,2.117701292037964
321.0,10.7,1749.472409929548,2365.484444754464,0.8839256502486688,1.1313168700542595,181.01152058917583,-8.225860595703125,0.89935302734375,299.0,1.987457513809204
322.0,10.733333333333333,1751.3527726503175,2370.3756639712324,0.8865524725456516,1.1279648198697079,163.0857468545731,-0.736419677734375,-4.478515625,295.0,2.1767289638519287
323.0,10.766666666666667,1756.8361627148372,2373.4834359223755,0.8879301859913276,1.126214668424131,274.30812537405006,-4.34307861328125,-2.699310302734375,283.0,2.1698553562164307
324.0,10.8,1767.2436250449819,2379.4256805297687,0.8904757612575583,1.1229951937015872,221.47902056853866,-9.261474609375,-5.530975341796875,267.0,2.512259006500244
325.0,10.833333333333334,1769.9889780001265,2380.1928763090373,0.8918075565805413,1.1213181505596355,232.84895978587426,-1.609710693359375,-0.3612060546875,267.0,2.1991922855377197
326.0,10.866666666666667,1782.0157030255837,2384.1961560726804,0.8931322009261817,1.119655073418018,308.5747318474085,-10.884796142578125,-3.595672607421875,254.0,1.9096159934997559
327.0,10.9,1789.714180980728,2386.0331760706986,0.8957639178621136,1.1163655736286664,170.59997326556993,-6.560943603515625,-1.431121826171875,251.0,2.124574899673462
328.0,10.933333333333334,1791.5231325686852,2390.4380671624667,0.8971182514738696,1.114680253530799,240.08055341738685,-0.665618896484375,-3.992828369140625,251.0,2.036918878555298
329.0,10.966666666666667,1801.26262614883,2397.114930910485,0.8984693924485249,1.1130039692000884,295.8683701751516,-8.591804504394531,-6.2642669677734375,246.0,2.223001718521118
330.0,11.0,1809.377974221162,2398.820359111628,0.9011418988143457,1.1097031458816022,252.46734078741773,-6.9779205322265625,-1.29974365234375,242.0,2.1066112518310547
331.0,11.033333333333333,1815.9471797153692,2405.339996297146,0.9024547334521557,1.108088819230528,269.70344292659223,-5.42156982421875,-6.106170654296875,241.0,2.1739654541015625
332.0,11.066666666666666,1825.4995395064514,2406.7817526232893,0.90527389323291,1.1046380631046417,235.81666317905191,-8.41552734375,-1.037139892578125,241.0,2.0927579402923584
333.0,11.1,1829.4347117975335,2413.4171124650575,0.9067102692703801,1.1028881373591248,325.1167621113396,-2.787139892578125,-6.2203521728515625,238.0,2.015270709991455
334.0,11.133333333333333,1845.1823840886154,2415.8574039474506,0.9094020999705285,1.0996235878852794,308.2591268750823,-14.608963012695312,-2.036590576171875,237.0,2.072774887084961
335.0,11.166666666666666,1849.80615501251,2416.1248438673438,0.9107212228515167,1.0980308517121702,208.81958436606877,-3.4894561767578125,0.137054443359375,237.0,2.2189626693725586
336.0,11.2,1856.3216495692172,2424.207225193487,0.91218317839729,1.0962710381888476,307.38595306810316,-5.3641204833984375,-7.6660308837890625,234.0,2.5782313346862793
337.0,11.233333333333333,1869.5453960790494,2421.6294502696305,0.9149551965418622,1.092949691722142,294.20971512327424,-12.096115112304688,2.974395751953125,231.0,1.9533730745315552
338.0,11.266666666666667,1874.9642109482566,2430.3033843301487,0.9164695405127317,1.0911437377837305,223.85293641818657,-4.266021728515625,-8.25616455078125,229.0,1.978458046913147
339.0,11.3,1880.6971127315262,2431.546654328167,0.9191952607473942,1.0879081330194238,245.18017951864712,-4.5965118408203125,-0.837432861328125,229.0,2.154407501220703
340.0,11.333333333333334,1889.1176365851084,2438.47962159181,0.9206679704394486,1.0861679042909302,272.05007238122016,-7.27142333984375,-6.519134521484375,225.0,2.135345697402954
341.0,11.366666666666667,1896.7705823136903,2439.947989246078,0.9234837722327371,1.0828560610028555,413.11007964203225,-6.5161590576171875,-1.0632781982421875,224.0,2.1046981811523438
342.0,11.4,1915.3290456203974,2446.9324701815963,0.9248226605963243,1.081288383823988,447.51824267152506,-17.410049438476562,-6.574348449707031,220.0,2.3427934646606445
343.0,11.433333333333334,1923.816586075542,2452.5421952577394,0.9263608330512346,1.0794929624844065,271.28540049759295,-7.341316223144531,-5.197967529296875,220.0,2.163796901702881
344.0,11.466666666666667,1932.2682378588117,2453.2693519745076,0.9292315925641359,1.0761579868809503,256.47244530222645,-7.3165740966796875,-0.323516845703125,219.0,2.0778770446777344
345.0,11.5,1940.8175458920814,2450.7216063475257,0.9304675981218912,1.0747284505322452,267.73848252359414,-7.421966552734375,2.946136474609375,217.0,2.2444727420806885
346.0,11.533333333333333,1949.971346112851,2455.548616579919,0.9334413735451376,1.071304560030458,374.84273511134944,-8.009559631347656,-4.4170989990234375,212.0,2.0912344455718994
347.0,11.566666666666666,1964.5912107867457,2458.4215252498125,0.9348372056772088,1.069704964593901,333.1917612039055,-13.480567932128906,-2.4680938720703125,206.0,2.3915462493896484
348.0,11.6,1970.8650061247026,2463.0893557947056,0.9378275095202226,1.066294163744017,279.14727104987713,-5.1295623779296875,-4.256622314453125,204.0,2.4688916206359863
349.0,11.633333333333333,1980.3388747048473,2468.337996886474,0.9393690887105691,1.064544290437166,309.04847581347343,-8.328445434570312,-4.83795166015625,201.0,2.0093536376953125
350.0,11.666666666666666,1991.1744376209294,2466.556364540742,0.9423115151745258,1.0612201845106284,370.36935636433896,-9.707168579101562,2.1802978515625,195.0,2.0768849849700928
351.0,11.7,2004.9094145995116,2470.776929460635,0.9438331683241967,1.0595092793523342,337.65210707872006,-12.592552185058594,-3.8134613037109375,188.0,2.1222009658813477
352.0,11.733333333333333,2010.5680976327812,2477.984066646153,0.9468720503464904,1.0561089004940725,332.7024967694416,-4.508087158203125,-6.7912445068359375,182.0,2.1606435775756836
353.0,11.766666666666667,2026.813450587926,2474.2659108629214,0.9483372929809712,1.054477143735046,346.08944426642813,-15.122665405273438,4.1109466552734375,173.0,1.93296480178833
354.0,11.8,2033.602626785258,2479.3094738296895,0.95133709104869,1.051152119904909,373.2771650125246,-5.6439361572265625,-4.6320037841796875,165.0,2.2281036376953125
355.0,11.833333333333334,2050.36250610759,2482.3103121870827,0.952840090171747,1.049494044504102,302.7782940059567,-15.62103271484375,-2.5970458984375,479.0,2.846796989440918
356.0,11.866666666666667,2053.66816179711,2477.114617341351,0.9559033149107921,1.0461309050835577,253.2243164260062,-2.1850433349609375,5.591705322265625,476.0,2.1298186779022217
357.0,11.9,2067.167054791317,2483.921608042494,0.957435520965991,1.0444567577679424,441.58218526724966,-12.350372314453125,-6.3955078125,468.0,2.050630569458008
358.0,11.933333333333334,2081.654595246461,2486.247153431137,0.9604852137302985,1.0411404420441157,447.38285795131895,-13.3504638671875,-1.921661376953125,447.0,2.0680272579193115
359.0,11.966666666666667,2096.701950154731,2488.0751402260307,0.9620419388706171,1.0394557239094415,378.4517145977675,-13.911697387695312,-1.425506591796875,439.0,1.9654903411865234
360.0,12.0,2106.417395883313,2491.080617255299,0.9651748855628535,1.036081662461449,307.69317078042616,-8.575912475585938,-2.5985870361328125,426.0,2.439342498779297
361.0,12.033333333333333,2117.2112107525204,2488.460361862692,0.9667518679396107,1.0343915881241061,270.2818680861236,-9.668792724609375,3.0172805786132812,422.0,1.9508219957351685
362.0,12.066666666666666,2124.3836877311023,2492.45509670446,0.9698545154573717,1.0310824809929477,362.6450797072598,-6.0297698974609375,-3.5852813720703125,421.0,2.003117799758911
363.0,12.1,2139.8090943971847,2497.0528588899783,0.9715052759615818,1.0293304882057532,415.09345247363245,-14.283065795898438,-4.1907501220703125,401.0,1.9939767122268677
364.0,12.133333333333333,2151.8314248913916,2495.9780136536215,0.9746133347826617,1.026047935433799,444.36304723425286,-10.894218444824219,1.4738388061523438,388.0,1.9407596588134766
365.0,12.166666666666666,2169.216914565286,2493.4788520110146,0.9761502030202173,1.024432507319049,464.2119201400143,-16.262649536132812,2.8936614990234375,365.0,1.9754818677902222
366.0,12.2,2182.7758661532434,2496.410354430908,0.9793958882951329,1.0210375721923168,422.74535808402396,-12.421043395996094,-2.5265960693359375,348.0,2.098356008529663
367.0,12.233333333333333,2197.3829134443254,2494.458311928926,0.9810276294534768,1.0193392825817684,339.2533345572793,-13.482650756835938,2.3485641479492188,326.0,2.161635398864746
368.0,12.266666666666667,2204.9570017510327,2491.992109270694,0.9843042674990294,1.015946016916955,353.2908427964571,-6.4489898681640625,2.865142822265625,317.0,1.9640731811523438
369.0,12.3,2220.925987518677,2493.7842073937127,0.9859371460632104,1.0142634385903218,383.1846356501177,-14.835296630859375,-1.3901519775390625,304.0,1.9536919593811035
370.0,12.333333333333334,2230.0635523878846,2496.708141454231,0.9891563712827786,1.0109625020189266,401.7706120180802,-7.9987030029296875,-2.5170440673828125,295.0,1.9741355180740356
371.0,12.366666666666667,2247.631415108654,2495.843501295999,0.9908083832449148,1.0092768863389936,409.39275923483603,-16.44232177734375,1.2618255615234375,263.0,2.0772392749786377
372.0,12.4,2256.8147563450484,2491.297708794017,0.994025796713227,1.006010108899112,455.8206447548506,-8.065299987792969,4.9404449462890625,258.0,2.3989157676696777
373.0,12.433333333333334,2276.928151292381,2487.7729123857853,0.9954071175130886,1.004614074388363,439.21661594302526,-18.997177124023438,3.9168548583984375,233.0,1.5839002132415771
374.0,12.466666666666667,2286.09269370065,2491.7285847275534,0.9988376294367955,1.0011637232408432,505.88580668281344,-8.023178100585938,-3.5473709106445312,222.0,1.8240150213241577
375.0,12.5,2310.6470066167326,2487.0924601943216,1.000410910915409,0.9995892578630186,431.6407554253887,-23.444000244140625,5.0245819091796875,203.0,1.9330357313156128
376.0,12.533333333333333,2313.350611525002,2482.5054079267147,1.0038869318262027,0.9961281179154988,369.44413371290943,-1.583892822265625,4.984832763671875,201.0,2.019061803817749
377.0,12.566666666666666,2334.5699635035844,2481.235006049733,1.0055585193725214,0.9944722069721115,578.4200623490127,-20.099102020263672,1.665740966796875,178.0,1.8413052558898926
378.0,12.6,2351.6220791540413,2477.786137375876,1.0091060088752268,0.9909761622712201,478.28145965150355,-15.936347961425781,3.8427963256835938,170.0,1.816503643989563
379.0,12.633333333333333,2365.5620121873108,2473.740100733269,1.0108339235318045,0.989282192376418,401.7673645007544,-12.8250732421875,4.44024658203125,154.0,1.909828543663025
380.0,12.666666666666666,2378.2748944393306,2475.1335172156623,1.0141631194650673,0.9860346731277925,483.5280255720065,-11.581512451171875,-0.99053955078125,481.0,2.378401279449463
381.0,12.7,2397.7720784491626,2472.467363385556,1.0159151684256682,0.9843341561182403,502.79611582802585,-18.38178253173828,3.0604248046875,446.0,1.679315447807312
382.0,12.733333333333333,2410.58444800587,2466.207947836699,1.01948938531192,0.9808831895724377,529.0102171443822,-11.704536437988281,6.6511993408203125,433.0,1.6263463497161865
383.0,12.766666666666667,2432.117520687577,2464.456344787842,1.0212501496979063,0.9791920229297472,572.2362491990766,-20.417465209960938,2.1466217041015625,379.0,1.6679421663284302
384.0,12.8,2448.0017896583463,2458.7718804108604,1.0246718445377903,0.975922199219869,471.25338888983424,-14.777793884277344,6.0764617919921875,356.0,2.2413549423217773
385.0,12.833333333333334,2460.7582510119287,2451.5439590026285,1.0265324394703463,0.9741533355886579,448.0666245628294,-11.652984619140625,7.619110107421875,334.0,1.735898494720459
386.0,12.866666666666667,2476.8682279905106,2451.0899633756467,1.030041951874737,0.9708342443528063,483.0037593804183,-14.988285064697266,0.8530349731445312,310.0,1.5944231748580933
387.0,12.9,2492.3743231331555,2445.438213842415,1.0317381807989159,0.9692381445316488,531.1546398684029,-14.40069580078125,6.0445709228515625,286.0,1.6946923732757568
388.0,12.933333333333334,2510.8951887836124,2441.289149856058,1.035371141402682,0.965837234602886,593.165975275418,-17.41350555419922,4.5426025390625,255.0,1.6923185586929321
389.0,12.966666666666667,2529.232704824695,2431.112742119701,1.037122801182086,0.9642059733526498,490.6478711756438,-17.24981689453125,10.562957763671875,225.0,1.6981292963027954
390.0,13.0,2541.5287169595267,2429.8208558677193,1.0408800588734604,0.9607254855879316,463.2282693167865,-11.175773620605469,1.6916427612304688,200.0,1.6856576204299927
391.0,13.033333333333333,2559.8283912037336,2426.9181297719874,1.042739932550053,0.9590118962400038,575.3755142687418,-17.189586639404297,3.2985076904296875,180.0,1.6641864776611328
392.0,13.066666666666666,2578.287245135441,2418.858421254381,1.0463714822814805,0.9556835377619683,557.9532693705704,-17.366867065429688,8.449508666992188,162.0,1.723356008529663
393.0,13.1,2594.310063910898,2412.967413908649,1.0483505627126888,0.9538793945151535,528.6298321586173,-14.921977996826172,6.284446716308594,476.0,1.6968183517456055
394.0,13.133333333333333,2610.9569061238553,2405.6413479691673,1.0519440399713997,0.9506209094803065,569.0347534815171,-15.552055358886719,7.7180023193359375,450.0,1.5513746738433838
395.0,13.166666666666666,2631.1996956024373,2404.1204578109355,1.0537596029123197,0.9489830481603754,646.4945319722574,-19.132503509521484,1.9180145263671875,408.0,1.4463577270507812
396.0,13.2,2652.4161178935196,2393.8637278089536,1.0574275209561044,0.9456912934286223,641.7893413526556,-20.137542724609375,10.644760131835938,382.0,2.108205795288086
397.0,13.233333333333333,2669.1684288564766,2384.397036869472,1.059498607621414,0.9438426750224911,518.319740178341,-15.666976928710938,9.857612609863281,360.0,1.3177083730697632
398.0,13.266666666666667,2683.2469116944335,2378.259691633115,1.0631732402291287,0.9405804831811662,465.6949822803913,-12.979934692382812,6.5326385498046875,347.0,1.3299319744110107
399.0,13.3,2698.431107423016,2374.025422568633,1.0650996901540128,0.9388792516270478,586.2017400472829,-14.080520629882812,4.63134765625,337.0,1.3589143753051758
400.0,13.333333333333334,2718.580635182848,2361.562882019776,1.0688168573561219,0.9356139857988854,579.4443721566009,-19.080589294433594,12.850608825683594,312.0,1.4526643753051758
401.0,13.366666666666667,2734.417418802055,2359.9814449865444,1.0707407921193242,0.9339328503780019,539.9950022051299,-14.725944519042969,1.9809722900390625,290.0,1.3311011791229248
402.0,13.4,2753.078177030637,2351.2723224064375,1.0745103230203827,0.9306564847037125,568.0281694641308,-17.578750610351562,9.101959228515625,267.0,1.3484268188476562
403.0,13.433333333333334,2768.1161325248445,2342.706510373206,1.076348437655772,0.9290671728738189,573.7553441121513,-13.951934814453125,8.960403442382812,250.0,1.3011267185211182
404.0,13.466666666666667,2786.2065782534264,2332.1516846680993,1.0802729497219143,0.925691974660128,483.8021847862655,-17.016067504882812,10.947265625,222.0,1.375212550163269
405.0,13.5,2794.2584497632583,2323.8156089629924,1.0824275439909274,0.9238493657626119,625.6750938693101,-6.957588195800781,8.734092712402344,218.0,1.2367842197418213
406.0,13.533333333333333,2826.1779970543407,2320.2290449766356,1.0862546054684965,0.9205944858283981,664.4603796719842,-30.839500427246094,3.9803314208984375,198.0,1.3402777910232544
407.0,13.566666666666666,2837.1563822360476,2312.7691899746537,1.0881806641187206,0.9189650514603336,513.6167920251515,-9.885627746582031,7.857856750488281,196.0,1.2407524585723877
408.0,13.6,2851.594728355255,2297.284676769547,1.0901181806172002,0.9173317331831148,544.2214697377591,-13.380741119384766,15.877456665039062,190.0,1.9934452772140503
409.0,13.633333333333333,2867.694695568212,2293.17955809569,1.094097837213768,0.9139950432098488,639.4160917812602,-15.0030517578125,4.50433349609375,175.0,1.2923753261566162
410.0,13.666666666666666,2889.3217623905443,2277.440406218708,1.0962293995604153,0.912217826306243,613.5771484673863,-20.582443237304688,16.13134765625,155.0,1.346230149269104
411.0,13.7,2903.9551768691263,2274.2478852011013,1.1003871375994814,0.9087710732256666,432.35380475141704,-13.5323486328125,3.5931625366210938,478.0,1.5170068740844727
412.0,13.733333333333333,2914.618376503958,2263.6244559803695,1.1023286790356301,0.9071704465448979,573.4351132592809,-9.58465576171875,11.022087097167969,458.0,1.256129503250122
413.0,13.766666666666667,2932.1331386387906,2248.4126478533876,1.1065199314124061,0.9037342858556195,630.6497798098774,-16.465103149414062,15.60760498046875,413.0,1.216482400894165
414.0,13.8,2952.2257816329975,2244.8275487107812,1.108279840675648,0.902299187712702,655.1272817261486,-19.003097534179688,3.98486328125,384.0,1.123476505279541
415.0,13.833333333333334,2971.156803533455,2228.7995784744244,1.1105871363720925,0.9004246197796395,499.8085446937288,-17.888992309570312,16.424880981445312,363.0,1.2359694242477417
416.0,13.866666666666667,2981.095393793287,2228.1900652693175,1.1145913415917874,0.8971898153917691,483.2884704292236,-8.822097778320312,1.0131301879882812,352.0,1.2535076141357422
417.0,13.9,2999.235155928119,2212.998154603273,1.1167233678668478,0.8954769182543288,700.3898778322133,-17.095130920410156,15.59039306640625,318.0,1.240433692932129
418.0,13.933333333333334,3014.787027437951,2195.862396280979,1.1208991952035463,0.8921408849958252,611.675426436188,-14.511459350585938,17.535873413085938,303.0,1.245393991470337
419.0,13.966666666666667,3034.742219260283,2192.9451438180595,1.1232120514211426,0.8903038377613126,514.1307569999315,-18.866622924804688,3.318572998046875,285.0,1.190192699432373
420.0,14.0,3047.7240224107404,2186.3778669410776,1.1272091539391078,0.8871468054579162,560.0201846950465,-11.896209716796875,6.97003173828125,259.0,1.9339568614959717
421.0,14.033333333333333,3064.3173978268223,2170.159467017221,1.1293459661451306,0.8854682532876657,629.7580366079561,-15.553924560546875,16.620635986328125,247.0,1.1655328273773193
422.0,14.066666666666666,3083.5894841804047,2164.5532497105514,1.131379933980619,0.883876379600993,655.4551069643751,-18.195533752441406,6.008445739746094,234.0,1.0677437782287598
423.0,14.1,3098.5517560808617,2143.003673028882,1.1358285189833295,0.8804145901311684,608.0905023449089,-13.9437255859375,21.954559326171875,219.0,1.0593820810317993
424.0,14.133333333333333,3114.050649075069,2137.803339511275,1.137738083669535,0.8789369138235316,476.3476292379984,-14.4151611328125,5.604248046875,201.0,1.166312336921692
425.0,14.166666666666666,3125.196270584901,2125.7251983764813,1.1399849128328563,0.8772045916949949,511.47997018055383,-10.082168579101562,12.48443603515625,191.0,1.271187663078308
426.0,14.2,3137.232272954108,2112.796715444812,1.1442047800042972,0.8739694305386877,517.6957421691108,-10.978561401367188,13.335357666015625,187.0,1.0114796161651611
427.0,14.233333333333333,3149.5534315733153,2101.273628020955,1.1465123924792289,0.8722103716974143,597.7917384784165,-11.258880615234375,11.930343627929688,179.0,1.1776502132415771
428.0,14.266666666666667,3171.562090192522,2092.5554722377233,1.150996150159606,0.8688126366550681,525.9698362053068,-20.955810546875,9.123443603515625,164.0,1.041560411453247
429.0,14.3,3177.0900359211046,2079.564977587304,1.1532960546811875,0.8670800493429556,633.2423736340902,-4.459014892578125,13.400604248046875,489.0,1.725765347480774
430.0,14.333333333333334,3201.0435187590615,2062.338765163447,1.1554365369012807,0.8654737565092586,592.9765521112749,-22.94275665283203,17.636146545410156,432.0,1.4186861515045166
431.0,14.366666666666667,3207.522880503269,2054.3339882864652,1.1600049186422565,0.8620653101802909,320.98431467723594,-5.3922271728515625,8.413978576660156,418.0,1.2258007526397705
432.0,14.4,3214.218062559976,2045.4761840657334,1.162231004207383,0.8604141486330241,465.35370672760655,-5.6124114990234375,9.267623901367188,409.0,1.9823554754257202
433.0,14.433333333333334,3231.2740844604327,2034.3754599231265,1.1641875894050004,0.8589680985270473,497.91672952278174,-16.006317138671875,11.510894775390625,375.0,1.230938196182251
434.0,14.466666666666667,3239.729764564015,2024.238847108645,1.1690502322603553,0.8553952365814964,495.1165604180521,-7.3830718994140625,10.5479736328125,363.0,1.2276077270507812
435.0,14.5,3255.082905605097,2011.513855387913,1.1714558930218641,0.8536386269058923,556.7945272965906,-14.30804443359375,13.137588500976562,346.0,1.175276279449463
436.0,14.533333333333333,3268.6008415680544,2000.9080042921812,1.1734217238970306,0.8522085279612153,460.84069469021,-12.460205078125,11.017990112304688,327.0,1.2025935649871826
437.0,14.566666666666666,3275.6815216716363,1988.7195115948869,1.178225857751601,0.8487337070570595,575.1656235173198,-6.0150909423828125,12.603042602539062,315.0,1.2588577270507812
438.0,14.6,3296.0456490408437,1974.1297737804052,1.1805638794624895,0.8470528510962911,536.5632742152771,-19.34160614013672,15.005455017089844,284.0,1.192814588546753
439.0,14.633333333333333,3298.9588486756757,1961.5584685831109,1.182791560818921,0.8454575033555677,452.79335485779774,-1.840118408203125,12.988105773925781,280.0,1.2415320873260498
440.0,14.666666666666666,3310.9731225292576,1947.892803034254,1.1874088793587951,0.8421698855241873,503.7560327902517,-10.96868896484375,14.083099365234375,269.0,1.2217971086502075
441.0,14.7,3318.51474013284,1934.2558240088347,1.1897536579068664,0.8405101285919138,577.0481398969638,-6.485145568847656,14.055770874023438,262.0,1.2954931259155273
442.0,14.733333333333333,3333.582724923922,1916.7682590459153,1.1922054677285001,0.8387815918218294,463.94955236721336,-14.048507690429688,17.910369873046875,245.0,1.235473394393921
443.0,14.766666666666667,3336.6358171368793,1909.190117911121,1.194217062046679,0.837368709408803,289.4223553944616,-1.9589385986328125,7.992431640625,240.0,1.0963010787963867
444.0,14.8,3341.807805834211,1899.3143693544519,1.1992057031046757,0.8338852937499018,438.3316893346299,-4.0935516357421875,10.292709350585938,230.0,1.9589356184005737
445.0,14.833333333333334,3359.211239844043,1890.63527607122,1.201731171925134,0.8321328624587749,547.248902692123,-16.35240936279297,9.094451904296875,206.0,1.196641206741333
446.0,14.866666666666667,3367.6237070570005,1873.5351622801757,1.2038382035180604,0.8306764123929862,430.0043688097385,-7.376068115234375,17.526214599609375,199.0,1.360756754875183
447.0,14.9,3372.1453051293324,1865.0519918485063,1.2061019097041514,0.829117334077759,401.468896835269,-3.43603515625,8.899948120117188,194.0,1.3221726417541504
448.0,14.933333333333334,3380.23013562354,1849.9253887996495,1.2110962014788396,0.8256982383223767,514.6705780226208,-7.039520263671875,15.551986694335938,186.0,1.2967686653137207
449.0,14.966666666666667,3382.2864016646217,1832.2735171961053,1.2132726382890104,0.8242170543054748,379.8707876601591,-1.0057220458984375,18.081573486328125,181.0,1.0274943113327026
450.0,15.0,3387.889786846329,1825.7868067253735,1.2151708066269402,0.8229295787443994,344.06611247833035,-4.512123107910156,6.9021759033203125,174.0,1.276856541633606
451.0,15.033333333333333,3394.999519684286,1813.1811997702666,1.2167777347082038,0.8218427831766749,507.6920535349068,-6.050998687744141,13.029754638671875,164.0,0.9795209765434265
452.0,15.066666666666666,3395.728393147243,1792.8608711354723,1.2194437759350603,0.8200460076424659,413.06258659981887,0.312744140625,20.75652313232422,498.0,1.8690121173858643
453.0,15.1,3401.4741123133253,1786.4156645709904,1.2243214882393811,0.8167789339694074,402.19031731358706,-4.6554412841796875,6.861640930175781,486.0,1.5214710235595703
454.0,15.133333333333333,3407.7654857762823,1768.901976561196,1.226809214423158,0.8151226680101168,390.96142682004745,-5.253227233886719,17.947490692138672,470.0,1.607851505279541
455.0,15.166666666666666,3406.8481190048647,1760.9116039810892,1.2293457233427492,0.8134408254830637,271.0040367041597,2.0197677612304688,8.409828186035156,470.0,1.4761195182800293
456.0,15.2,3413.2937893428216,1751.701626908795,1.231866666642632,0.8117761662675973,517.8696182879285,-5.370338439941406,9.6317138671875,468.0,2.1496243476867676
457.0,15.233333333333333,3417.348590540154,1728.0225336255633,1.2344371281700883,0.8100858092970563,388.26038326833634,-3.0386924743652344,24.125755310058594,460.0,1.2927650213241577
458.0,15.266666666666667,3413.513987440611,1725.8185379985814,1.239542571376486,0.8067492178905328,205.4571527317293,4.972434997558594,2.6143951416015625,460.0,1.5132865905761719
459.0,15.3,3412.243837466068,1715.312174207537,1.242124764564534,0.8050721059011987,478.5434917311713,2.3622055053710938,10.931266784667969,458.0,1.503649353981018
460.0,15.333333333333334,3422.4578183509,1695.194970572743,1.244692643247991,0.8034111918509679,441.18092294701523,-9.200607299804688,20.560760498046875,443.0,1.5392574071884155
461.0,15.366666666666667,3418.611984782607,1686.5977864691986,1.2471340700916345,0.8018384101450488,284.91004703506434,4.95477294921875,9.019561767578125,442.0,1.431016206741333
462.0,15.4,3414.8071668393145,1677.8099285375292,1.2498918979696567,0.8000691912831942,405.4718048346055,4.912513732910156,9.210784912109375,442.0,1.4488732814788818
463.0,15.433333333333334,3412.2469778022714,1660.3263918949224,1.2524061024582132,0.7984630528685605,372.03917561194487,3.6247482299804688,17.923660278320312,438.0,1.4758715629577637
464.0,15.466666666666667,3411.996603218354,1653.1670740023155,1.25505674699221,0.7967767213686051,327.85297427130723,1.3551177978515625,7.580108642578125,437.0,1.4916383028030396
465.0,15.5,3408.6912969938107,1638.7606857972087,1.2577731464590096,0.7950559310439131,446.6658772221713,4.386444091796875,14.841583251953125,429.0,1.5114086866378784
466.0,15.533333333333333,3405.2998091286427,1624.152149154602,1.2602018461224511,0.7935236748596479,357.36133707953707,4.472076416015625,15.0447998046875,421.0,1.4246740341186523
467.0,15.566666666666666,3403.4202841541,1615.5270109494952,1.2655601701074908,0.7901639318461363,307.82335930241936,2.9829864501953125,9.049652099609375,417.0,1.5212584733963013
468.0,15.6,3398.102526757682,1604.9340993068884,1.2683145403231038,0.7884479505732462,454.5208612475068,6.42303466796875,11.021453857421875,407.0,2.0413832664489746
469.0,15.633333333333333,3394.8321326425144,1586.4681407892815,1.2711137622440163,0.7867116458833757,462.457313918237,4.334014892578125,18.912063598632812,400.0,1.3440334796905518
470.0,15.666666666666666,3385.2597365742213,1576.9058687951122,1.2735036708269556,0.785235270936161,376.68654700203786,10.6964111328125,9.98883056640625,395.0,1.399022102355957
471.0,15.7,3380.2937858184287,1565.992034300943,1.2763258831940936,0.7834989583517894,488.61271391398384,6.0691680908203125,11.344375610351562,390.0,1.4331774711608887
472.0,15.733333333333333,3363.1898956095106,1552.9475845723987,1.2791849319982695,0.7817477950102627,448.70515479546674,18.237060546875,13.4781494140625,373.0,1.5454223155975342
473.0,15.766666666666667,3359.7483589162175,1544.2500586719793,1.2819053665670144,0.7800887850856211,377.54518240750133,4.550567626953125,9.123748779296875,369.0,1.4549319744110107
474.0,15.8,3350.591001910425,1531.1581235918725,1.2847006590595522,0.7783914431335596,442.6824723335744,10.265396118164062,13.527801513671875,364.0,1.5423043966293335
475.0,15.833333333333334,3334.471974982757,1529.0161396836406,1.2874058697979283,0.7767558183938996,512.1980117088856,17.298065185546875,2.5511474609375,361.0,1.5746173858642578
476.0,15.866666666666667,3327.298260555089,1506.1894633925963,1.2902613463696622,0.7750367805822017,554.3208832196907,8.233146667480469,23.28662109375,332.0,1.4859693050384521
477.0,15.9,3319.865512924296,1495.0705507734272,1.292913665640845,0.7734468484439294,368.70127925216707,8.544754028320312,11.551513671875,324.0,1.6985543966293335
478.0,15.933333333333334,3306.3646500591285,1493.3067406933203,1.2956706951326253,0.7718010477173288,518.8461168907444,14.673797607421875,2.172332763671875,321.0,1.5595946311950684
479.0,15.966666666666667,3290.1975274283354,1477.2868270975885,1.2986187964812634,0.7700489186739012,524.7008464640826,17.28668212890625,16.46319580078125,305.0,1.5831916332244873
480.0,16.0,3281.0843598756674,1469.130072681544,1.3013019187562123,0.7684611738341265,471.50818558263353,10.24432373046875,8.582275390625,294.0,2.1076388359069824
481.0,16.033333333333335,3270.2238778698747,1453.0145780311248,1.3040822649459338,0.7668227893900997,599.7573437504734,11.963165283203125,16.561065673828125,285.0,1.6364086866378784
482.0,16.066666666666666,3248.7918626609567,1445.5525257635181,1.3069237394359423,0.7651555862253997,436.2634267471018,22.606735229492188,7.8833465576171875,272.0,1.5156958103179932
483.0,16.1,3242.711409952039,1443.5829051365363,1.3098145611295098,0.7634668522372028,499.65748404365553,7.228607177734375,2.3802490234375,269.0,1.6668083667755127
484.0,16.133333333333333,3218.888281461871,1430.8772005251794,1.3125675018471203,0.7618655791742083,734.1877863872649,24.98358154296875,13.140106201171875,255.0,1.5182822942733765
485.0,16.166666666666668,3200.9955728935784,1417.98045587476,1.3124944302453287,0.7619079951547544,531.487720947567,19.03338623046875,13.33331298828125,231.0,1.5559806823730469
486.0,16.2,3192.9055987002853,1406.7864700134032,1.3157098711189483,0.7600459812234652,574.7461610193286,9.206588745117188,11.628768920898438,208.0,1.610544204711914
487.0,16.233333333333334,3171.760204585117,1393.2127234098589,1.3182647167012733,0.7585729841137863,672.774263373417,22.294403076171875,14.01190185546875,180.0,1.411600112915039
488.0,16.266666666666666,3153.9165682824496,1384.616149657877,1.3205737128401431,0.7572466347594571,683.0137016053029,19.003250122070312,9.022308349609375,172.0,1.3685870170593262
489.0,16.3,3131.0045726047815,1372.906416726208,1.32423446574675,0.7551532797751864,670.2852922671527,24.075088500976562,12.142669677734375,154.0,1.5729167461395264
490.0,16.333333333333332,3112.2810534896134,1368.3897990289136,1.3271378461757812,0.7535012303970937,511.022048264947,19.902252197265625,4.9308929443359375,490.0,2.6999716758728027
491.0,16.366666666666667,3100.572915233821,1357.5913209800567,1.3301246391452408,0.7518092444649517,611.7377480798348,12.83953857421875,11.232223510742188,468.0,1.9590065479278564
492.0,16.4,3076.728302368653,1348.4094200796374,1.333075500543758,0.7501450589948601,776.7527421608299,25.021469116210938,9.607864379882812,430.0,2.28125
493.0,16.433333333333334,3052.84438286286,1337.5035201557807,1.3330859889326583,0.7501391570401658,684.3216032638015,25.0540771484375,11.336639404296875,409.0,1.6378259658813477
494.0,16.466666666666665,3036.129896950817,1327.5987188647364,1.3360527960986843,0.7484734158111349,508.3473627868967,17.866180419921875,10.334991455078125,397.0,1.8358135223388672
495.0,16.5,3021.6488094762744,1324.261300386192,1.3390821096846568,0.7467801957532627,613.1816098851286,15.651199340820312,3.749542236328125,390.0,1.8779053688049316
496.0,16.533333333333335,2997.5080540329814,1314.2036670638977,1.3421032865006306,0.7450991366002665,863.1518921864322,25.315383911132812,10.486175537109375,374.0,1.8635203838348389
497.0,16.566666666666666,2967.1776013240633,1305.7103647962908,1.345169677442855,0.7434006406544811,761.2222508677747,31.530792236328125,8.915313720703125,324.0,1.8478953838348389
498.0,16.6,2951.8659474432707,1292.0186982708715,1.3451183632919514,0.7434290002202244,607.800575558294,16.44561767578125,14.1336669921875,303.0,1.9299886226654053
499.0,16.633333333333333,2930.414889265603,1288.6699272532649,1.3482205060856363,0.7417184321749828,733.6633666149327,22.642608642578125,3.758575439453125,281.0,1.8613237142562866
500.0,16.666666666666668,2903.238733431685,1286.7585341653455,1.3513656437632569,0.739992173558016,764.5463289686694,28.390228271484375,2.31512451171875,259.0,1.9336025714874268
501.0,16.7,2880.972489707142,1276.2858617805512,1.3544122788014956,0.7383276242038272,773.041953899954,23.434097290039062,10.903076171875,230.0,1.9236819744110107
502.0,16.733333333333334,2857.6854940294743,1262.6571835363818,1.3545005966149521,0.7382794828581924,796.5481992335802,24.446533203125,14.068145751953125,215.0,1.7921626567840576
503.0,16.766666666666666,2830.411681945556,1260.0514545109625,1.3574643610977921,0.7366675904414111,756.4516048993311,28.485092163085938,3.0111236572265625,196.0,1.9437358379364014
504.0,16.8,2809.150076892888,1248.9637918917933,1.3606307392565522,0.7349532618573643,581.878277167047,22.424407958984375,11.52032470703125,173.0,2.3112952709198
505.0,16.833333333333332,2793.2966749652205,1248.7693177491865,1.3605922978983191,0.7349740267857467,613.8196509280754,17.037811279296875,0.59649658203125,167.0,1.5359268188476562
506.0,16.866666666666667,2768.637364834428,1243.1954490753296,1.3637398587490603,0.7332776801854909,792.8494508065196,25.851287841796875,5.988861083984375,151.0,1.7529761791229248
507.0,16.9,2743.51784962551,1230.9959700499103,1.36682235723531,0.731623970522924,769.3953510789868,26.290435791015625,12.634063720703125,465.0,2.535005569458008
508.0,16.933333333333334,2718.8734320728418,1230.7646306729284,1.3699685255740686,0.7299437770520766,832.4178418470473,25.853591918945312,0.630126953125,444.0,1.9654903411865234
509.0,16.966666666666665,2688.570567254549,1223.2217678584466,1.3699871432531776,0.7299338573538694,788.7711273832566,31.5045166015625,7.961521148681641,392.0,1.7114512920379639
510.0,17.0,2668.222780561256,1216.634288344746,1.3731316139992413,0.7282623091660553,687.163843444833,21.522628784179688,7.006805419921875,370.0,1.7992489337921143
511.0,17.033333333333335,2644.036614961713,1212.4808298271394,1.3730870084622064,0.7282859671944267,750.2663446480024,25.38018798828125,4.564002990722656,349.0,2.0680272579193115
512.0,17.066666666666666,2619.4275977996704,1205.6431061728138,1.3763390966136766,0.7265651338833464,799.8562702017933,25.795272827148438,7.25616455078125,324.0,1.8696144819259644
513.0,17.1,2594.7437515360652,1192.1427848622382,1.3795801829195937,0.7248581940947488,800.1662531377491,25.849578857421875,13.938995361328125,285.0,1.812287449836731
514.0,17.133333333333333,2568.206999999022,1190.7408522235376,1.3795693286405437,0.7248638971884224,700.6623975000832,27.74524688720703,1.802947998046875,264.0,2.014455795288086
515.0,17.166666666666668,2548.919760180729,1183.0839147020247,1.382800095826368,0.7231703288264492,712.5806923766801,20.455490112304688,8.079879760742188,240.0,1.96230149269104
516.0,17.2,2520.9127937999365,1186.2665767898866,1.3827382798449876,0.7232026585046198,926.4453145690032,29.23223876953125,-2.79638671875,217.0,2.2536139488220215
517.0,17.233333333333334,2487.662785426956,1175.1938067488422,1.385925534199832,0.7215394877455323,955.6080074061832,34.44671630859375,11.500457763671875,183.0,1.9219813346862793
518.0,17.266666666666666,2460.2977868196003,1166.6597329968604,1.3891285612493176,0.7198757752850798,700.080954097773,28.552886962890625,8.95623779296875,165.0,1.8767006397247314
519.0,17.3,2442.0735352825577,1165.1987183269098,1.3890829392678608,0.7198994183364361,695.8156581064738,19.40692138671875,1.8651123046875,483.0,2.7551021575927734
520.0,17.333333333333332,2415.1577554252026,1155.9734214303967,1.392309988179963,0.7182308598584477,693.9478267151968,28.099945068359375,9.64971923828125,443.0,1.9120606184005737
521.0,17.366666666666667,2396.9784257631595,1154.8684858620088,1.392346336986274,0.7182121096138296,831.1946820158532,19.3623046875,1.507843017578125,431.0,2.1899802684783936
522.0,17.4,2360.1516351636164,1149.2708134772145,1.3955364844573297,0.7165703019142932,882.8454198087395,38.047027587890625,6.00665283203125,335.0,1.7801162004470825
523.0,17.433333333333334,2338.4887849937613,1148.3085170689826,1.39560352790521,0.7165358785678855,701.2302470509809,22.854476928710938,1.3632736206054688,329.0,1.8538832664489746
524.0,17.466666666666665,2315.1953195895308,1136.4501635318445,1.398920258396409,0.7148370280564141,711.7181042071871,24.460357666015625,12.292022705078125,315.0,1.8969671726226807
525.0,17.5,2291.3643785993627,1142.7776010103314,1.398905833285312,0.7148443992484563,788.6376218739077,25.04620361328125,-5.949920654296875,295.0,1.1724773645401
526.0,17.533333333333335,2263.0655421013826,1143.2842987427248,1.3989044991847477,0.7148450809778503,873.5906261272297,29.509536743164062,-0.11313629150390625,270.0,1.8261053562164307
527.0,17.566666666666666,2233.707257361215,1134.5629080962117,1.402281771542389,0.7131234394497521,743.3071048151446,30.547943115234375,9.14251708984375,254.0,1.9115291833877563
528.0,17.6,2214.7255595351094,1132.3835706723548,1.4022149055368947,0.713157445446716,685.8950820711497,20.161102294921875,2.5848541259765625,242.0,2.3085670471191406
529.0,17.633333333333333,2188.1385150293163,1130.7697850063105,1.4055099051623323,0.7114855586055104,773.8176026269631,27.7862548828125,2.0142822265625,222.0,1.7130101919174194
530.0,17.666666666666668,2163.8515193516487,1123.8315364496411,1.405505716416401,0.7114876790040289,785.9234166276688,25.467254638671875,7.3559112548828125,196.0,2.0816681385040283
531.0,17.7,2135.8999728927306,1126.7250750023468,1.408855362779969,0.7097960702131899,804.861357451613,29.163360595703125,-2.507415771484375,171.0,1.6972788572311401
532.0,17.733333333333334,2110.9125377619375,1115.0803445120837,1.4087969166508558,0.7098255172060626,805.5327431136888,26.158050537109375,12.076175689697266,162.0,1.6083829402923584
533.0,17.766666666666666,2083.45415536552,1115.176885994477,1.408819084952557,0.7098143478327991,735.4137244952973,28.6612548828125,0.2980804443359375,470.0,3.1872873306274414
534.0,17.8,2061.95219386754,1112.5135397815577,1.4121626884636902,0.7081337073761046,655.3539173231186,22.683746337890625,3.06890869140625,445.0,1.726190447807312
535.0,17.833333333333332,2040.9891727992467,1125.4513288225446,1.4121213602790834,0.7081544321391512,627.0440224914221,22.176490783691406,-12.578842163085938,422.0,1.9139738082885742
536.0,17.866666666666667,2020.1500530981411,1112.7711979416565,1.4121142059147584,0.7081580199472651,721.7528792374854,21.997047424316406,13.115875244140625,403.0,1.2850056886672974
537.0,17.9,1994.8012898423483,1111.9638697951434,1.415549461752211,0.7064394618625116,835.134542276307,26.5418701171875,1.20550537109375,381.0,1.7689908742904663
538.0,17.933333333333334,1965.1292843990555,1104.257005515818,1.4154467794183272,0.7064907098880443,697.896076199067,30.860397338867188,8.123741149902344,356.0,1.6818311214447021
539.0,17.966666666666665,1948.486209619825,1107.5344552013362,1.4154621342491795,0.7064830459279237,580.6209358102351,17.823471069335938,-2.8877487182617188,338.0,1.7574405670166016
540.0,18.0,1926.6856641374698,1108.7738799845106,1.418803449182766,0.7048192620168793,608.347117637723,22.9879150390625,-0.84588623046875,311.0,2.3373725414276123
541.0,18.033333333333335,1908.0147573269894,1110.1591787911225,1.4188061553355849,0.7048179176833876,658.7503573527351,19.850936889648438,-0.9907341003417969,302.0,1.360473394393921
542.0,18.066666666666666,1882.8469022743216,1106.1587964453906,1.4188247601717014,0.7048086755118252,757.4583870422144,26.3514404296875,4.4078826904296875,279.0,2.1544785499572754
543.0,18.1,1857.5330511279035,1111.4110386113778,1.4188225613895098,0.7048097677701572,557.5582612879319,26.513946533203125,-4.87200927734375,247.0,1.7870606184005737
544.0,18.133333333333333,1845.6763533017981,1106.1702998203334,1.4222656798284936,0.7031035158779805,569.1956248728353,13.008880615234375,5.65765380859375,243.0,1.7167658805847168
545.0,18.166666666666668,1820.1671896553803,1104.798945794914,1.4222656798284936,0.7031035158779805,863.9981300412298,26.696578979492188,1.7708358764648438,220.0,2.0409226417541504
546.0,18.2,1788.1245787433375,1108.5237831757447,1.4222828041038993,0.7030950505163732,645.30252133832,33.25140380859375,-3.343017578125,193.0,2.104379177093506
547.0,18.233333333333334,1777.253720760982,1107.8269896972004,1.4222723768205583,0.7031002052050439,370.3836769233767,12.028228759765625,1.10076904296875,179.0,1.2920209169387817
548.0,18.266666666666666,1763.4458510598768,1107.7068563749062,1.4222805151283786,0.7030961820564191,541.5065005967219,14.971923828125,0.521148681640625,173.0,1.4682539701461792
549.0,18.3,1741.9529227650214,1115.383109771362,1.4222512679172967,0.7031106405441078,599.6982809888717,22.6844482421875,-7.30084228515625,169.0,2.1167092323303223
550.0,18.333333333333332,1723.4962493529783,1109.2626712732863,1.425649300095174,0.7014347777768639,517.3885108843187,19.619537353515625,6.5364990234375,162.0,1.823518991470337
551.0,18.366666666666667,1707.510401136248,1113.5257166619294,1.425657967577825,0.7014305133081727,597.7906464228599,17.159942626953125,-3.875396728515625,485.0,1.9149659872055054
552.0,18.4,1683.6439376851426,1109.4408006247913,1.425656947867784,0.7014310150107306,457.76236547279416,25.042327880859375,4.492708206176758,466.0,2.2094316482543945
553.0,18.433333333333334,1676.9929283355998,1113.4923591970282,1.4256533788851942,0.7014327709740789,513.868262831424,7.8062591552734375,-3.6591796875,459.0,2.213718891143799
554.0,18.466666666666665,1652.6672974040257,1124.0712615192654,1.4256737730203672,0.70142273704134,592.409956396449,25.522750854492188,-10.212202072143555,438.0,2.833049774169922
555.0,18.5,1637.8885414724516,1119.0261404040023,1.4256836303267089,0.7014178873407143,312.0048340805732,15.935104370117188,5.4593658447265625,426.0,1.4463577270507812
556.0,18.533333333333335,1631.866987689315,1124.0941174332704,1.425699096207384,0.7014102784102058,292.82118163892727,7.176025390625,-4.677846908569336,414.0,1.6563208103179932
557.0,18.566666666666666,1619.8760735546157,1126.551864970351,1.4257030052086406,0.7014083552791963,571.1026593086518,13.152313232421875,-2.062957763671875,396.0,1.5145621299743652
558.0,18.6,1593.823513912104,1122.5820612379005,1.4257220403973851,0.7013989905923559,335.5082750530447,27.23004150390625,4.376060485839844,361.0,2.1484551429748535
559.0,18.633333333333333,1597.6375924531862,1124.1555314312313,1.4257234000718775,0.701398321686791,336.66860084647567,-2.682373046875,-1.1693649291992188,360.0,2.4452593326568604
560.0,18.666666666666668,1571.462535252081,1124.5173927378432,1.425744984925027,0.70138770297171,513.2344964991344,27.3577880859375,0.032470703125,329.0,1.4503259658813477
561.0,18.7,1565.7976709220693,1136.682659806174,1.4257531431032702,0.7013836896220456,294.9861036799294,6.82659912109375,-11.793701171875,319.0,1.833829402923584
562.0,18.733333333333334,1556.4686830569012,1137.2423970893483,1.4257409057658832,0.7013897096982129,325.0786350288348,10.48193359375,-0.15850830078125,313.0,1.9581207036972046
563.0,18.766666666666666,1544.4924783948586,1140.6525982397102,1.425752293190434,0.7013841077276336,443.5157207504969,13.136932373046875,-3.0177001953125,296.0,1.4100055694580078
564.0,18.8,1528.8337175804718,1147.7570742924158,1.4257835663673362,0.70136872354886,312.34598869715416,16.829910278320312,-6.7230987548828125,270.0,2.719175100326538
565.0,18.833333333333332,1524.5348200473352,1146.5933008334027,1.4258039623648562,0.7013586905323138,183.16032584339905,5.4407196044921875,1.5717315673828125,265.0,3.1938066482543945
566.0,18.866666666666667,1522.2367159712298,1158.0323105775149,1.425803452457624,0.7013589413578172,363.87276730410474,3.451934814453125,-11.063034057617188,253.0,1.5203373432159424
567.0,18.9,1505.8405283990307,1162.0523750091268,1.4257937642236773,0.7013637070747638,242.73800358157197,17.563522338867188,-3.630441665649414,234.0,1.8049532175064087
568.0,18.933333333333334,1509.423405768238,1167.9163115110512,1.4258100811383985,0.7013556806959717,190.81828926953378,-2.445526123046875,-5.470733642578125,233.0,2.0993480682373047
569.0,18.966666666666665,1501.0435756179136,1173.8345082668818,1.4258454348582144,0.7013382906397844,230.118133432585,9.536209106445312,-5.529895782470703,230.0,2.1424319744110107
570.0,19.0,1494.2052493738397,1169.8554882258377,1.4258286074301059,0.7013465677353651,340.2565467862099,7.9806365966796875,4.392936706542969,224.0,1.4934806823730469
571.0,19.033333333333335,1480.0262248875779,1182.3682284386996,1.4258449247435758,0.7013385415527149,259.33660054256904,15.351318359375,-12.143138885498047,204.0,1.9572349786758423
572.0,19.066666666666666,1482.1380939560038,1182.236803612499,1.4258486641707067,0.7013367022240147,76.89160997076911,-0.9791412353515625,0.539276123046875,204.0,1.5976828336715698
573.0,19.1,1479.6883175166172,1187.483186403486,1.4258614122511764,0.7013304318413257,205.68054840071983,3.5955963134765625,-4.8536834716796875,200.0,1.9486607313156128
574.0,19.133333333333333,1474.6271519170743,1193.7087562061915,1.4258812994345127,0.7013206501807604,201.59839569720677,6.211822509765625,-5.8361053466796875,191.0,1.935374140739441
575.0,19.166666666666668,1477.8023754776877,1200.7900999346784,1.4225180238670692,0.7029787905825843,282.8414771621605,-2.0359954833984375,-6.69061279296875,190.0,1.939023494720459
576.0,19.2,1469.127013100801,1211.744856749103,1.4225758497478516,0.7029502153978276,235.7201182628391,9.83636474609375,-10.577713012695312,177.0,2.2916667461395264
577.0,19.233333333333334,1470.449819669227,1214.6786174697775,1.4224792715138428,0.7029979417104417,182.24561041375156,-0.1854248046875,-2.533538818359375,177.0,1.7548185586929321
578.0,19.266666666666666,1471.9344914720277,1223.5657473310769,1.4224698602265864,0.7030025928568421,133.07636560090228,-0.341064453125,-8.500823974609375,175.0,1.976332187652588
579.0,19.3,1468.1333356381099,1223.242611079095,1.4224700297982078,0.7030025090524125,110.13072389567863,4.942413330078125,0.7290802001953125,170.0,1.7329578399658203
580.0,19.333333333333332,1473.1125753120045,1230.8126633036757,1.4191445603336228,0.7046498488955295,306.37013902720884,-3.8421173095703125,-7.179107666015625,170.0,1.8865859508514404
581.0,19.366666666666667,1468.2598447710554,1243.6668952157565,1.4191778878509398,0.704633301124991,352.43410004778235,6.0096435546875,-12.478912353515625,167.0,1.4434523582458496
582.0,19.4,1466.3273412808876,1253.307198905181,1.4191672295621112,0.7046385930913536,308.2500562704021,3.081634521484375,-9.256072998046875,161.0,1.7686365842819214
583.0,19.433333333333334,1466.5107435524383,1264.1423268133553,1.419178564482563,0.704632965172077,166.8271501225695,0.9639892578125,-10.452423095703125,491.0,2.2684240341186523
584.0,19.466666666666665,1474.4934011950832,1260.8577037449672,1.4158070754319017,0.7063109214191087,161.74741626595505,-6.861114501953125,3.7012939453125,489.0,2.205357074737549
585.0,19.5,1473.8679655760088,1272.0257173953291,1.4158153455223261,0.7063067957008741,195.23639946949552,1.7744140625,-10.786178588867188,483.0,1.9456491470336914
586.0,19.533333333333335,1475.579505054591,1273.8280694245973,1.4158210839859362,0.7063039329692121,143.98116701415023,-0.5759124755859375,-1.39910888671875,483.0,2.001559019088745
587.0,19.566666666666666,1476.5252364277044,1281.2493179382404,1.412492170875442,0.7079685258575377,255.982411002167,0.197021484375,-7.03033447265625,481.0,1.703869104385376
588.0,19.6,1480.6202597930053,1290.1321143034463,1.4124726385416124,0.7079783159782173,305.1164349855544,-2.9549102783203125,-8.493793487548828,468.0,2.0870180130004883
589.0,19.633333333333333,1481.2907226114312,1301.0243100827145,1.4124533590476709,0.7079879796344125,264.22141373348865,0.47644805908203125,-10.50826644897461,454.0,1.7667587995529175
590.0,19.666666666666668,1487.5482215626694,1306.3272724635451,1.4091082020342307,0.7096687100084792,223.03223245930187,-5.1240692138671875,-4.9053497314453125,454.0,1.7310091257095337
591.0,19.7,1491.5125686584392,1311.8222514459383,1.4091322230008667,0.7096566125430125,232.81615066600125,-2.827545166015625,-5.098419189453125,449.0,1.6877834796905518
592.0,19.733333333333334,1493.1227897776462,1320.812713826769,1.4091444856614033,0.7096504369675299,302.38007924977336,-0.46649169921875,-8.60186767578125,443.0,1.982851505279541
593.0,19.766666666666666,1497.3543487874783,1331.1159203482248,1.4058261472470017,0.711325509173576,304.0986671136618,-3.0897216796875,-9.915924072265625,437.0,1.819940447807312
594.0,19.8,1494.6942451996542,1341.024961830618,1.4058209520333782,0.7113281378781564,301.52962614123516,3.8103294372558594,-9.523063659667969,430.0,1.9148242473602295
595.0,19.833333333333332,1509.012901377455,1347.4917425708236,1.405765061796583,0.7113564187759719,401.03387721325385,-13.193679809570312,-6.0683746337890625,420.0,1.698164701461792
596.0,19.866666666666667,1515.7792504263498,1357.4631619829042,1.4024756289850837,0.7130248678357859,240.07464550596708,-5.627799987792969,-9.582099914550781,416.0,1.824475646018982
597.0,19.9,1515.8532776979005,1361.9613147934224,1.4024721180344935,0.7130266528232009,329.138900444216,1.06683349609375,-4.100189208984375,412.0,1.367169737815857
598.0,19.933333333333334,1517.728940711639,1379.3189646742533,1.3991832015055563,0.7147026914874156,405.4700695184745,-0.722564697265625,-16.983230590820312,405.0,1.8648667335510254
599.0,19.966666666666665,1528.7955216941273,1385.692971976959,1.3991910409004202,0.7146986871474469,265.55782080062266,-9.93701171875,-5.97613525390625,393.0,1.0995606184005737
600.0,20.0,1532.3688165438032,1389.273888459352,1.3960200713094515,0.7163220791388845,227.9659074644508,-2.4377517700195312,-3.1799087524414062,390.0,2.1534862518310547
601.0,20.033333333333335,1533.339084049729,1400.1956252542452,1.3960247310291567,0.7163196881639732,340.54145610694854,0.176971435546875,-10.534751892089844,382.0,1.7801162004470825
602.0,20.066666666666666,1543.853113762686,1408.8577184944509,1.3927814720795597,0.717987724597529,287.75722840247266,-9.380905151367188,-8.268096923828125,366.0,1.6855158805847168
603.0,20.1,1544.0890673037684,1416.0845090002817,1.3927670272529484,0.7179951710749283,230.86473352990197,0.907958984375,-6.832916259765625,361.0,1.584041953086853
604.0,20.133333333333333,1555.7549524854753,1418.6162311467374,1.3895561582339115,0.7196542536798031,293.51365023503024,-10.541000366210938,-2.1264801025390625,355.0,1.7504960298538208
605.0,20.166666666666668,1557.3729250695264,1430.452152511943,1.3895505262018295,0.7196571705336837,356.4162700694724,-0.4700927734375,-11.449419975280762,350.0,2.0370960235595703
606.0,20.2,1569.6084513645146,1437.9208863771487,1.386355272010053,0.721315827327664,302.3062877000566,-11.105392456054688,-7.071800231933594,336.0,1.8260345458984375
607.0,20.233333333333334,1570.3105914290343,1445.9050011017293,1.3863775829777034,0.7213042191955888,337.85841334857287,0.442413330078125,-7.590789794921875,329.0,2.000070810317993
608.0,20.266666666666666,1584.3329219232414,1454.9654097716225,1.3832111925453134,0.7229553992834976,346.7345160259843,-12.89202880859375,-8.665435791015625,322.0,1.8334041833877563
609.0,20.3,1590.919156226042,1456.3749395352656,1.3832041022055002,0.7229591051714737,143.10848027674078,-5.45654296875,-1.0036869049072266,316.0,1.6087372303009033
610.0,20.333333333333332,1589.2911571304057,1463.1163784785965,1.3800037370889389,0.7246357188201961,336.3770576273735,2.7739334106445312,-6.346305847167969,310.0,1.7729592323303223
611.0,20.366666666666667,1594.263988112894,1478.5492236719272,1.3769854856025932,0.7262240673236888,267.64990260558466,-3.8238143920898438,-15.049949645996094,298.0,1.864725112915039
612.0,20.4,1594.5587795446013,1480.1644419121328,1.3769574160446834,0.7262388715494955,379.72318757818243,0.842498779296875,-1.211212158203125,297.0,2.163832187652588
613.0,20.433333333333334,1614.2979069138082,1494.0245331992135,1.3738063851421662,0.7279046092776141,443.57588154687187,-18.60851287841797,-13.470542907714844,272.0,1.8492772579193115
614.0,20.466666666666665,1610.0464947322341,1505.3560600331691,1.370663383914733,0.7295737317676887,316.9101398244481,5.406105041503906,-10.943168640136719,268.0,1.8164682388305664
615.0,20.5,1622.148842316285,1513.63900288275,1.3706249858998039,0.7295941707523362,336.33219032668865,-10.969725608825684,-7.886219024658203,256.0,1.3775864839553833
616.0,20.533333333333335,1624.753936482367,1522.2807103807681,1.3674335466840142,0.7312969631503998,222.3951162997356,-1.4612884521484375,-8.247337341308594,248.0,1.7598143815994263
617.0,20.566666666666666,1633.070639535168,1523.6657040115988,1.3675256477756228,0.7312477112415191,221.11330600672946,-7.1884765625,-0.978790283203125,239.0,1.6140873432159424
618.0,20.6,1637.9190808692188,1528.911903697117,1.364449182614538,0.7328964777448247,255.09313674479276,-3.71142578125,-4.8462371826171875,235.0,1.9038406610488892
619.0,20.633333333333333,1644.87933860952,1535.9035867810726,1.361358899933491,0.7345601516608551,367.8423504345558,-5.823272705078125,-6.59375,226.0,1.9509637355804443
620.0,20.666666666666668,1647.0500455685706,1551.6713929119032,1.358405364460223,0.7361572812967805,256.84666966256896,-1.01678466796875,-15.382980346679688,219.0,1.8577805757522583
621.0,20.7,1646.4197881721527,1552.9572654489841,1.3583793739668066,0.736171366530508,195.3524224937314,1.7682037353515625,-0.881256103515625,219.0,1.8308532238006592
622.0,20.733333333333334,1652.2596845843286,1563.6075178688773,1.355354818528413,0.7378141770180577,284.71275534143825,-4.696746826171875,-10.257088661193848,214.0,1.8474702835083008
623.0,20.766666666666666,1658.1763021879106,1567.8588445075204,1.352276973954491,0.7394934760115597,311.6704695023721,-4.7817230224609375,-3.8494338989257812,201.0,1.8470804691314697
624.0,20.8,1669.4146361000867,1575.330752200851,1.3523193706005319,0.739470292107052,390.6136687384123,-10.104705810546875,-7.073219299316406,192.0,2.1266651153564453
625.0,20.833333333333332,1663.4735876880436,1593.3552721988694,1.3491930438542998,0.7411837798564803,222.7383758024834,7.1067047119140625,-17.64206314086914,172.0,1.8428996801376343
626.0,20.866666666666667,1675.0760573424072,1589.058381064075,1.3461997186519334,0.742831829590179,111.00123292547934,-10.484603881835938,4.710662841796875,172.0,1.8864796161651611
627.0,20.9,1667.8301383248954,1599.3370514527182,1.343390364313917,0.7443852707032852,187.75544980405292,8.402587890625,-9.88619613647461,168.0,1.673398494720459
628.0,20.933333333333334,1682.0761016316023,1599.4350577788614,1.340271548016265,0.7461174576749758,256.7936094175126,-13.124900817871094,0.3106498718261719,166.0,1.7274659872055054
629.0,20.966666666666665,1677.6558051726847,1613.356184222192,1.3402526948236178,0.7461279532301957,247.42466584938913,5.579037666320801,-13.532299041748047,162.0,1.9803359508514404
630.0,21.0,1683.8105819559541,1615.8385899623977,1.3372902288855957,0.7477808320138032,161.35627236915957,-5.02215576171875,-2.0779266357421875,500.0,2.5161919593811035
631.0,21.033333333333335,1681.728298192349,1623.3125728510408,1.3342660007553655,0.7494757412943684,187.69304108679376,3.22991943359375,-7.07666015625,495.0,1.7539682388305664
632.0,21.066666666666666,1685.7930481201497,1628.1934160912467,1.3313482609446774,0.7511182681009667,379.4384135863793,-2.92681884765625,-4.479461669921875,491.0,1.7536139488220215
633.0,21.1,1682.3961281260758,1648.5996499564524,1.3284322990117396,0.75276700268725,203.80339929743084,4.563140869140625,-20.02294921875,468.0,1.8252551555633545
634.0,21.133333333333333,1691.8586441671578,1640.3512207357205,1.3254672180173068,0.7544509486216073,113.88107010103082,-8.347259521484375,8.665191650390625,465.0,1.8674886226654053
635.0,21.166666666666668,1689.4099053254272,1645.6933676868637,1.3254522862607983,0.754459447816923,308.85532193277817,3.5937271118164062,-4.9420166015625,464.0,1.7619755268096924
636.0,21.2,1697.3030854290096,1660.2087324114445,1.322518268661743,0.7561332222744269,360.0561719683745,-6.7456512451171875,-14.123291015625,454.0,2.211947202682495
637.0,21.233333333333334,1687.0483773489977,1669.5806645188377,1.3195777391379,0.7578181795134822,180.50583756073007,11.412200927734375,-8.97662353515625,439.0,1.6218820810317993
638.0,21.266666666666666,1686.7951341127364,1666.0733241652933,1.3167166589778256,0.7594648348842988,78.34162187083307,1.38421630859375,3.9172210693359375,439.0,1.7352607250213623
639.0,21.3,1683.393575446787,1673.311589280499,1.3137732539708027,0.761166355744843,215.4745650127136,4.5496826171875,-6.83953857421875,437.0,1.8227040767669678
640.0,21.333333333333332,1693.7918214683382,1678.6191903332046,1.3109337642746437,0.7628150462302821,208.3705300957837,-9.265106201171875,-4.9052734375,433.0,1.9028486013412476
641.0,21.366666666666667,1686.4638712008264,1686.8594085734103,1.3080740792169485,0.7644826970339702,137.08015452916567,8.480758666992188,-7.842658996582031,428.0,1.7017786502838135
642.0,21.4,1688.0014604840958,1685.6893484933034,1.3052337308119526,0.766146304982423,77.18880476158512,-0.405059814453125,1.577728271484375,428.0,1.8419784307479858
643.0,21.433333333333334,1688.5868402947094,1691.5469983741343,1.3024124643983734,0.7678059196568979,155.41275674322773,0.557159423828125,-5.456764221191406,422.0,1.7844033241271973
644.0,21.466666666666665,1686.7530916873538,1695.97471661434,1.2996014105412657,0.7694666933175411,182.66935284911452,2.976593017578125,-4.025726318359375,417.0,1.9234694242477417
645.0,21.5,1677.14816388078,1695.7254329014206,1.2967872058934287,0.771136540717985,284.19311982358704,10.748138427734375,0.6547088623046875,412.0,1.8850977420806885
646.0,21.533333333333335,1672.414390859362,1708.3585954775638,1.2939623996069398,0.772819983257446,359.0221942489845,5.889556884765625,-12.238662719726562,405.0,1.933106541633606
647.0,21.566666666666666,1677.3540187168503,1719.6593605927694,1.2912110777737358,0.7744667136252947,218.75491344137941,-3.793731689453125,-10.903594970703125,397.0,1.812145709991455
648.0,21.6,1662.8657901290262,1719.3816344970378,1.2885335636143098,0.7760760202435246,236.89917321723905,15.63482666015625,0.6828155517578125,387.0,2.269416093826294
649.0,21.633333333333333,1662.3804912287019,1724.6814230497434,1.28581936024838,0.7777142193650213,181.70955427719124,1.62762451171875,-4.897911071777344,384.0,1.8243693113327026
650.0,21.666666666666668,1659.4812518986905,1731.013194024324,1.2830727836761275,0.779379013195887,149.62427211705477,4.044830322265625,-5.9308624267578125,376.0,1.8567531108856201
651.0,21.7,1654.00077477571,1730.0925235926547,1.2803742128140252,0.7810216653787375,303.2924843651039,6.618804931640625,1.3272323608398438,372.0,1.8794643878936768
652.0,21.733333333333334,1640.2742039027298,1724.695168590673,1.2775856933503662,0.7827263605133055,314.14050540746535,14.865509033203125,5.806610107421875,363.0,1.9413974285125732
653.0,21.766666666666666,1634.2124889867805,1736.949669057441,1.27479479433224,0.7844399776701455,294.3921023324318,7.2163848876953125,-11.858444213867188,352.0,1.7826672792434692
654.0,21.8,1625.283708641144,1737.3628609304594,1.2721257912064703,0.7860857840572597,333.3282004861621,10.070892333984375,-0.00795745849609375,350.0,1.785820484161377
655.0,21.833333333333332,1612.9451382564448,1743.392629951915,1.2693756327506778,0.7877888736788232,264.4722369555399,13.489608764648438,-5.629119873046875,338.0,1.7449333667755127
656.0,21.866666666666667,1610.6695561529955,1747.2267202624332,1.2666563877793393,0.789480090771237,235.0687325406122,3.4169158935546875,-3.43072509765625,336.0,1.8587727546691895
657.0,21.9,1598.3470380143904,1749.0920605729514,1.2640202785204668,0.7911265483576719,259.0002848238332,13.468063354492188,-1.4614105224609375,332.0,1.8931405544281006
658.0,21.933333333333334,1593.8335408718785,1751.0590854537822,1.2614528669170673,0.7927367135356821,315.48261487219736,5.65386962890625,-1.5624847412109375,329.0,1.8876134157180786
659.0,21.966666666666665,1577.3203489051484,1749.5723749830504,1.2588062334758885,0.7944034382787748,430.37137254742765,17.657318115234375,1.8925094604492188,310.0,1.8169642686843872
660.0,22.0,1565.4120763720116,1754.985688926381,1.2561654530154462,0.7960734771040576,315.2601991638281,13.056777954101562,-5.0117340087890625,296.0,2.329258918762207
661.0,22.033333333333335,1559.7349439755938,1761.0824745493992,1.253545935895371,0.797737020531066,402.19426295546697,6.822296142578125,-5.694877624511719,288.0,1.7233206033706665
662.0,22.066666666666666,1538.7828482002697,1751.8522338052298,1.251053371430476,0.7993264099169349,497.0815024342934,22.089736938476562,9.640693664550781,260.0,1.9682539701461792
663.0,22.1,1527.8078032061953,1752.2035360298105,1.2458429656471008,0.8026693793471732,449.33047486649525,12.116806030273438,0.0538330078125,248.0,1.9536564350128174
664.0,22.133333333333333,1508.9966376066527,1755.0311566137661,1.2431821520088269,0.8043873525566024,437.73065887048693,19.959503173828125,-2.42474365234375,235.0,1.759920597076416
665.0,22.166666666666668,1499.574449057891,1759.583874853972,1.2406547686312321,0.8060259995641353,424.73259568489004,10.566726684570312,-4.150115966796875,226.0,1.8914753198623657
666.0,22.2,1481.8473288685045,1763.0737268832402,1.238148274503556,0.8076577099790063,426.73984960625677,18.874542236328125,-3.0872039794921875,209.0,1.7059240341186523
667.0,22.233333333333334,1471.6426696166177,1764.9856980531333,1.2355868453420389,0.8093320220831397,421.25060439827774,11.346481323242188,-1.5076141357421875,200.0,2.011763095855713
668.0,22.266666666666666,1454.4488746225434,1756.909265902714,1.233066360167682,0.8109863607535382,502.8148833159205,18.32965087890625,8.48602294921875,188.0,1.9926657676696777
669.0,22.3,1439.1099990620633,1756.9059538694823,1.2281077729907968,0.8142607855699109,418.99394613671933,16.480926513671875,0.40827178955078125,178.0,2.015979290008545
670.0,22.333333333333332,1426.7674003570514,1760.648857656563,1.2255063584273467,0.8159892383449305,594.739527989652,13.486297607421875,-3.3398284912109375,167.0,2.003117799758911
671.0,22.366666666666667,1400.6971405192276,1766.7303844905186,1.2229382847348325,0.8177027512200489,575.5724178603018,27.22088623046875,-5.6807708740234375,155.0,1.9005101919174194
672.0,22.4,1388.8047371267157,1766.2352511682243,1.2204373326967082,0.8193784090415979,499.96982705612373,13.031524658203125,0.900665283203125,491.0,2.726473808288574
673.0,22.433333333333334,1367.3721726013919,1766.0795953849924,1.2179693560439429,0.821038719108727,629.6083885555704,22.575164794921875,0.56024169921875,491.0,2.0218253135681152
674.0,22.466666666666665,1347.0581993846613,1761.8724259298856,1.2130888297475584,0.8243419405717372,497.097695151885,21.45281982421875,4.6138916015625,489.0,1.9305555820465088
675.0,22.5,1335.2135865194932,1758.0749244435287,1.2106537897194984,0.8259999749653403,523.785367309564,12.980850219726562,4.2047576904296875,488.0,1.905505895614624
676.0,22.533333333333335,1312.2694253144819,1758.8592100665471,1.2081962886977147,0.8276800792674803,520.7041169697096,24.086654663085938,-0.380462646484375,484.0,1.8077876567840576
677.0,22.566666666666666,1300.8463822735325,1762.9667378770653,1.2057103615995688,0.8293865855754438,499.28248410543534,12.563796997070312,-3.704345703125,480.0,1.9640376567840576
678.0,22.6,1278.9999383536774,1759.891526429771,1.2009508242706093,0.8326735614735469,567.1548707573946,22.985214233398438,3.4810714721679688,468.0,1.9857922792434692
679.0,22.633333333333333,1264.8003450197593,1751.5516665449766,1.1985161688763477,0.8343650473547939,580.3925434287246,15.33331298828125,8.7490234375,452.0,1.8545210361480713
680.0,22.666666666666668,1240.753705787404,1754.0296777539324,1.196110452069514,0.8360431917217986,721.6919103842878,25.188385009765625,-2.0751991271972656,422.0,1.8411989212036133
681.0,22.7,1216.9377184105174,1756.4516586894506,1.1937613233823892,0.8376883891384685,519.3953981172032,24.956817626953125,-2.019012451171875,390.0,1.818629503250122
682.0,22.733333333333334,1206.1760828402712,1755.8661933359062,1.1890286048751317,0.8410226599258451,518.0449494432883,11.89813232421875,0.990936279296875,373.0,1.966624140739441
683.0,22.766666666666666,1182.4512819868223,1754.595913529237,1.1866634769181517,0.8426988943799553,630.0664005130853,24.862762451171875,1.674957275390625,344.0,1.823731541633606
684.0,22.8,1164.5679423150136,1750.10993548038,1.184318048398032,0.8443677788687339,559.5955246128419,19.01885986328125,4.892578125,318.0,2.2529406547546387
685.0,22.833333333333332,1146.7547320377366,1743.7551830174607,1.1820237043776038,0.8460067224510961,581.6744937973932,18.94793701171875,6.762237548828125,295.0,1.6169925928115845
686.0,22.866666666666667,1126.9252253737404,1740.7942293826663,1.1774185423880974,0.8493156545434994,632.420091449474,20.96551513671875,3.36663818359375,277.0,1.923752784729004
687.0,22.9,1104.618545858182,1745.2113275056847,1.175195392576724,0.8509223285903189,678.195992373815,23.444610595703125,-4.01519775390625,249.0,2.022817373275757
688.0,22.933333333333334,1081.7322764988735,1742.1428299255779,1.1728446818163998,0.8526278163714628,591.3347443441183,24.021469116210938,3.4738616943359375,230.0,1.7796555757522583
689.0,22.966666666666665,1065.8143909286273,1738.257437814221,1.1683177847307509,0.8559315051687404,659.6764543174077,17.052398681640625,4.291656494140625,214.0,1.8099136352539062
690.0,23.0,1038.586538317366,1733.6253416013017,1.1661724029038743,0.8575061436112791,616.649092030789,28.362213134765625,5.037628173828125,184.0,2.1404123306274414
691.0,23.033333333333335,1024.7409488896978,1739.9893391383825,1.16403235082726,0.859082652891318,621.2339197235412,14.98114013671875,-5.962074279785156,164.0,1.644841194152832
692.0,23.066666666666666,997.2505840714051,1731.0581706598382,1.1595856754453302,0.8623769861730635,614.0186534276426,28.62322998046875,9.33831787109375,460.0,2.8729450702667236
693.0,23.1,983.8240467677607,1738.7865480797313,1.1572874071939165,0.8640895889679708,581.6773225993716,14.561080932617188,-7.326873779296875,440.0,1.9156391620635986
694.0,23.133333333333333,958.4836605871631,1732.0051598746245,1.1550953011547969,0.8657294328877092,715.116862791466,26.4727783203125,7.187652587890625,399.0,2.0509495735168457
695.0,23.166666666666668,938.6913395921124,1723.4277511617051,1.1506968799081327,0.8690385951857592,602.5013490322901,20.9251708984375,8.98504638671875,381.0,1.8740787506103516
696.0,23.2,919.284852337296,1723.2403570972233,1.1484756252522528,0.870719393613912,668.2189205097936,20.539031982421875,0.59149169921875,370.0,2.3493480682373047
697.0,23.233333333333334,894.1436620185149,1723.5771329546164,1.1462875461999498,0.8723814572661924,685.3909608500223,26.2723388671875,0.06634521484375,361.0,1.8635203838348389
698.0,23.266666666666666,874.8480069780541,1712.6011646713848,1.1419501297718957,0.8756949834575962,614.46687509951,20.428558349609375,11.3843994140625,345.0,1.9077380895614624
699.0,23.3,853.3837461331499,1719.4885997084655,1.1397717604910078,0.8773686405155408,612.0230958987631,22.59405517578125,-6.486541748046875,339.0,1.874645709991455
700.0,23.333333333333332,834.0475027137827,1712.3104829877336,1.1355243531596808,0.8806504212942908,616.732369541621,20.46832275390625,7.584808349609375,322.0,1.851934552192688
701.0,23.366666666666667,813.1937326678287,1710.8141289623143,1.1334344521309963,0.8822742224924228,658.5085393773129,21.984161376953125,1.90057373046875,313.0,1.8469387292861938
702.0,23.4,790.4398538076352,1707.2475845072076,1.1312625313426152,0.883968108457699,637.0820297767385,23.883926391601562,3.9713897705078125,302.0,1.8279832601547241
703.0,23.433333333333334,771.1008757271658,1705.1507666146008,1.1270238408921103,0.8872926762653371,537.6721686424397,20.469146728515625,2.501373291015625,289.0,1.881873607635498
704.0,23.466666666666665,754.8905936115096,1702.654046378244,1.124951667271648,0.8889270793520454,608.580681480726,17.3411865234375,2.90179443359375,273.0,2.0349347591400146
705.0,23.5,731.5395148344766,1696.1513446965746,1.1207861074208607,0.8922309023808189,569.3619016438253,24.481109619140625,6.908477783203125,247.0,2.0047476291656494
706.0,23.533333333333335,718.0670714639376,1693.4455180149052,1.118833692027539,0.8937878856577962,532.7465491991106,14.60394287109375,3.1111907958984375,226.0,2.1663832664489746
707.0,23.566666666666666,697.6994941212306,1685.3684755129234,1.1166983523610101,0.8954969781102682,633.3966395833979,21.499038696289062,8.483802795410156,208.0,2.1263818740844727
708.0,23.6,676.9526748351643,1683.8185326203165,1.112584386625412,0.8988082270623152,612.0400553845793,21.875076293945312,1.9538726806640625,196.0,2.433744430541992
709.0,23.633333333333333,656.9041740305433,1684.594029180835,1.110458056144076,0.9005292856106357,615.4450051268951,21.175384521484375,-0.3725128173828125,174.0,1.8995181322097778
710.0,23.666666666666668,636.225729378266,1678.843646835103,1.106369462718079,0.9038571957176447,682.9590759846897,21.808135986328125,6.156005859375,161.0,2.0379817485809326
711.0,23.7,612.5490852630982,1674.3148221065587,1.1043453542909913,0.9055138377813136,656.3018299220906,24.804244995117188,4.9332733154296875,486.0,2.7140021324157715
712.0,23.733333333333334,593.0338486186334,1671.8560657373894,1.1003317948522537,0.9088167811548827,482.5176810686566,20.643035888671875,2.863037109375,468.0,2.1256377696990967
713.0,23.766666666666666,580.6111717886218,1670.4755564385327,1.0983369649667574,0.9104673992559891,542.9864220416774,13.55267333984375,1.785430908203125,460.0,1.9892644882202148
714.0,23.8,558.7076294800945,1660.3632356162384,1.0963540002919958,0.9121141526675385,555.0285300975161,23.034988403320312,10.519302368164062,428.0,1.9921698570251465
715.0,23.833333333333332,544.3525643444189,1663.0962517080065,1.092376280269927,0.9154354759084472,484.1553761618632,15.48101806640625,-2.3302459716796875,412.0,1.902848720550537
716.0,23.866666666666667,526.4406602194854,1661.1688674091497,1.0903420917759485,0.9171433511946702,587.1863223857521,19.039093017578125,2.33148193359375,393.0,1.9120606184005737
717.0,23.9,505.5539330965049,1657.8946813524803,1.0864567623139727,0.9204231909516268,490.90430363581777,22.01318359375,3.6783905029296875,374.0,2.1176304817199707
718.0,23.933333333333334,494.5945741375871,1653.6269650223735,1.0845363029395936,0.9220530445034794,555.9380768718243,12.09161376953125,4.6738433837890625,368.0,2.0082907676696777
719.0,23.966666666666665,469.83617343062235,1648.0015826766416,1.0805981623022325,0.9254133820378551,599.9363738567398,25.884323120117188,6.0298919677734375,342.0,2.0451743602752686
720.0,24.0,456.21122609279814,1642.3851114637225,1.078641298102173,0.9270922611246768,472.71940243820444,14.756866455078125,6.022674560546875,321.0,2.3743622303009033
721.0,24.033333333333335,438.3215692823178,1648.0393922039282,1.0748118075430624,0.9303954357236952,601.4341932253033,19.009002685546875,-5.253387451171875,302.0,2.0361039638519287
722.0,24.066666666666666,416.1826143761343,1644.7020957956963,1.0728811815898578,0.9320696617291225,388.20404831846196,23.26336669921875,3.7410888671875,283.0,2.014526605606079
723.0,24.1,413.3878672336227,1641.1040571999645,1.0690754025047011,0.9353877169534847,436.73802815012647,3.931060791015625,4.005035400390625,283.0,2.0564768314361572
724.0,24.133333333333333,387.608256809861,1639.1128301276701,1.0671140436660778,0.9371069624053424,656.5538070351046,26.900115966796875,2.393890380859375,262.0,1.8944514989852905
725.0,24.166666666666668,370.9699732903963,1630.307882352251,1.0633970337880503,0.9403825365562509,442.19815345031816,17.771148681640625,9.211807250976562,244.0,2.0440049171447754
726.0,24.2,360.09081452679095,1628.5367480533941,1.0615722256313955,0.9419990235758344,364.20548404057695,12.008544921875,2.1760406494140625,228.0,1.803713083267212
727.0,24.233333333333334,346.70927539209174,1629.3307993014123,1.0595538280363823,0.9437934850872556,453.49759014021913,14.506439208984375,-0.390625,223.0,2.307114601135254
728.0,24.266666666666666,329.9892963159864,1625.7183564088054,1.0558277857478215,0.9471241555664498,507.2665166110158,17.84716796875,4.016998291015625,209.0,2.0608701705932617
729.0,24.3,315.8038021031623,1615.6015189849486,1.0538922417708911,0.9488636127728446,486.76600644521756,15.32159423828125,10.52471923828125,195.0,2.2234268188476562
730.0,24.333333333333332,299.2545688766662,1615.3045057798417,1.0502236735882045,0.9521781170513803,339.8902538072408,17.672637939453125,0.700225830078125,183.0,2.0405328273773193
731.0,24.366666666666667,293.3134594294671,1612.8391576137976,1.0484812524407192,0.9537604965965185,271.05684725312466,7.0743560791015625,2.8713531494140625,182.0,1.8188066482543945
732.0,24.4,281.1930286932055,1615.8721004633783,1.0448406439296924,0.9570837484259372,351.2416506915808,13.242706298828125,-2.630401611328125,175.0,2.4830641746520996
733.0,24.433333333333334,270.0926174881938,1609.8214251488964,1.0428980886591723,0.9588664615213502,420.63536843801444,12.234100341796875,6.457244873046875,165.0,2.079719305038452
734.0,24.466666666666665,257.66499681052596,1600.614133623477,1.0393213119149587,0.9621663565788824,388.1767884004057,13.564300537109375,9.615081787109375,479.0,2.718395709991455
735.0,24.5,245.86554996098312,1600.7250794027455,1.03752939314438,0.9638281157214814,394.96876005148016,12.925186157226562,0.2928314208984375,474.0,2.15171480178833
736.0,24.533333333333335,232.11584676378402,1594.2442283070136,1.0339446228027214,0.9671697864139885,292.6625595352044,14.882171630859375,6.8871917724609375,456.0,2.0909156799316406
737.0,24.566666666666666,227.01879249236606,1595.6780500628442,1.0321882275968732,0.9688155447463168,221.8012551995706,6.22589111328125,-1.02935791015625,452.0,1.969494104385376
738.0,24.6,217.57243402172946,1591.5726872483624,1.0286586408873004,0.9721397947305629,272.580870611228,10.579010009765625,4.5114898681640625,444.0,2.0013465881347656
739.0,24.633333333333333,210.80442027765537,1587.473305879193,1.02685444946682,0.9738478520682617,256.3434938399029,7.9027557373046875,4.505950927734375,434.0,1.9844458103179932
740.0,24.666666666666668,201.86843778358116,1584.8319323225237,1.023412263693089,0.977123330915927,300.9248238913043,10.067108154296875,3.046905517578125,428.0,2.042623281478882
741.0,24.7,190.8211881996633,1585.7011788830418,1.0216558261100728,0.9788032079330211,330.4941755568409,12.1719970703125,-0.46575927734375,417.0,1.9898667335510254
742.0,24.733333333333334,180.33900209230796,1580.1485504435602,1.0181816198894917,0.982143048416583,362.4328309048478,11.616012573242188,5.9591522216796875,406.0,2.0844671726226807
743.0,24.766666666666666,168.37640827010887,1576.7544913400159,1.0165115977704393,0.9837566066076816,314.80577989369203,13.092254638671875,3.7993316650390625,388.0,1.9638605117797852
744.0,24.8,160.0153159127534,1574.9136548927215,1.0130530671641735,0.9871151200393551,118.29019723940579,9.491546630859375,2.2460784912109375,380.0,2.347151279449463
745.0,24.833333333333332,160.9582396686793,1574.0786778204272,1.0114016011887137,0.9887269298611815,153.31628686781548,0.1935577392578125,1.2415924072265625,380.0,1.8105158805847168
746.0,24.866666666666667,152.90696176444897,1567.569140201258,1.0079370663087721,0.9921254346386537,276.7478527919065,9.18853759765625,6.917205810546875,363.0,2.028486490249634
747.0,24.9,146.72818141881226,1562.3354814883387,1.0061283060677788,0.9939090213138622,178.95060538524893,7.31585693359375,5.641204833984375,353.0,1.9864654541015625
748.0,24.933333333333334,142.4764640614569,1561.7785805879194,1.002808251341147,0.9971996128498233,112.94864566967452,5.3836517333984375,0.9622955322265625,350.0,2.009141206741333
749.0,24.966666666666665,139.3833770751953,1560.6761474609375,1.0012437782384223,0.9987577668241688,98.51036145322047,4.2266693115234375,1.5083770751953125,342.0,1.9604946374893188
